love,爱,ài,v.,妈妈，我爱你。,
妈妈，我爱你。,"Mom, I love you.",爱,ài,v.,love
like doing sth.,爱,ài,v.,我爱吃米饭。,
我爱吃米饭。,I love rice.,爱,ài,v.,like doing sth.
eight,八,bā,num.,他儿子今年八岁了。,
他儿子今年八岁了。,His son is eight years old this year.,八,bā,num.,eight
father; dad; daddy,爸爸,bàba,n.,我爸爸是医生。,
我爸爸是医生。,My dad is a doctor.,爸爸,bàba,n.,father; dad; daddy
cup; glass,杯子,bēizi,n.,杯子里有茶。,
杯子里有茶。,There is tea in the cup.,杯子,bēizi,n.,cup; glass
Beijing,北京,Běijīng,n.,我住在北京。,
我住在北京。,I live in Beijing.,北京,Běijīng,n.,Beijing
copy; issue (used for counting books and other bound items),本,běn,nm.,桌子上有一本书。,
桌子上有一本书。,There is a book on the table.,本,běn,nm.,copy; issue (used for counting books and other bound items)
notebook,本,běn,n.,请大家把作业本儿拿出来。,
请大家把作业本儿拿出来。,Please take out the homework book.,本,běn,n.,notebook
You’re welcome.,不客气,bú kèqi,n.,甲：谢谢你！乙：不客气。,
甲：谢谢你！乙：不客气。,A: Thank you! B: You're welcome.,不客气,bú kèqi,n.,You’re welcome.
not; no,不,bù,adv.,我不是学生。,
我不是学生。,Is ms lee chinese,不,bù,adv.,not; no
vegetable,菜,cài,n.,我去超市买点儿菜。,
我去超市买点儿菜。,I'll go to the supermarket and get some food.,菜,cài,n.,vegetable
dish,菜,cài,n.,今天我做了三个~。,
今天我做了三个~。,Today I made three ~.,菜,cài,n.,dish
tea (liquid drink/tea leaves),茶,chá,n.,请喝杯茶吧。,
请喝杯茶吧。,Please have a cup of tea.,茶,chá,n.,tea (liquid drink/tea leaves)
eat,吃,chī,v.,请吃点儿米饭。,
请吃点儿米饭。,Please have some rice.,吃,chī,v.,eat
taxi,出租车,chūzūchē,n.,我们坐出租车去火车站。,
我们坐出租车去火车站。,We take a taxi to the train station.,出租车,chūzūchē,n.,taxi
make a phone call,打电话,dǎ diànhuà,n.,他在打电话呢。,
他在打电话呢。,He's on the phone.,打电话,dǎ diànhuà,n.,make a phone call
big; large; huge; great,大,dà,adj.,这个苹果很大。,
这个苹果很大。,This apple is big.,大,dà,adj.,big; large; huge; great
of (marker of attributive),的,de,sa.,这是我的书。,
这是我的书。,This is my book.,的,de,sa.,of (marker of attributive)
expressing emphasis,的,de,sa.,我是坐飞机来中国的。,
我是坐飞机来中国的。,I came to China by plane.,的,de,sa.,expressing emphasis
indicating sb. or sth.,的,de,sa.,家里没吃的了，我们去买点儿吧。,
家里没吃的了，我们去买点儿吧。,"There is no food at home, let's go buy some.",的,de,sa.,indicating sb. or sth.
o’clock,点,diǎn,n.,现在是下午 3点20。,
现在是下午 3点20。,It is 3:20 pm.,点,diǎn,n.,o’clock
order,点,diǎn,v.,先生，请问您什么时候开始点菜？,
先生，请问您什么时候开始点菜？,"Sir, when do you start ordering?",点,diǎn,v.,order
light,点,diǎn,v.,你把火点着吧。,
你把火点着吧。,Light the fire.,点,diǎn,v.,light
computer,电脑,diànnǎo,n.,我买了个电脑。,
我买了个电脑。,I bought a computer.,电脑,diànnǎo,n.,computer
television,电视,diànshì,n.,妈妈在看电视。,
妈妈在看电视。,Mom is watching TV.,电视,diànshì,n.,television
motion picture; movie; film,电影,diànyǐng,n.,我喜欢看电影。,
我喜欢看电影。,I like to watch movies.,电影,diànyǐng,n.,motion picture; movie; film
thing; object,东西,dōngxi,n.,我在商店买了很多东西。,
我在商店买了很多东西。,I bought a lot of things in the store.,东西,dōngxi,n.,thing; object
all,都,dōu,adv.,我们都来了。,
我们都来了。,We're all here.,都,dōu,adv.,all
used to emphasize,都,dōu,adv.,我都快吃完了。,
我都快吃完了。,I'm almost done.,都,dōu,adv.,used to emphasize
already,都,dōu,adv.,现在都三点了，我们快迟到了。,
现在都三点了，我们快迟到了。,"It's three o'clock now, we're going to be late.",都,dōu,adv.,already
read,读,dú,v.,你会读这个汉字吗？ 你喜欢读书吗？,
你会读这个汉字吗？ 你喜欢读书吗？,Can you read this character? Do you like reading?,读,dú,v.,read
I’m sorry.,对不起,duìbuqǐ,v.,甲：对不起。乙：没关系。,
甲：对不起。乙：没关系。,A: Sorry. B: It's okay.,对不起,duìbuqǐ,v.,I’m sorry.
a lot of,多,duō,adj.,这里的人很多。,
这里的人很多。,There are a lot of people here.,多,duō,adj.,a lot of
"how (used in an interrogative sentence, expressing an inquiry of number or degree)",多,duō,adv.,你儿子多大了？,
你儿子多大了？,how old is your son,多,duō,adv.,"how (used in an interrogative sentence, expressing an inquiry of number or degree)"
"how (used before an adjective, indicating exclamation)",多,duō,adv.,他跑得多快啊！,
他跑得多快啊！,How fast he runs!,多,duō,adv.,"how (used before an adjective, indicating exclamation)"
how many; how much,多少,duōshao,pron.,你们学校有多少学生？,
你们学校有多少学生？,How many students are in your school?,多少,duōshao,pron.,how many; how much
son,儿子,érzi,n.,我儿子三岁了。,
我儿子三岁了。,My son is three years old.,儿子,érzi,n.,son
two,二,èr,num.,现在十二点了。,
现在十二点了。,It was now twelve o'clock.,二,èr,num.,two
"restaurant,eatery;(large) hotel",饭店,fàndiàn,n.,中午我们去饭店吃吧。,
中午我们去饭店吃吧。,Let's go to the restaurant at noon.,饭店,fàndiàn,n.,"restaurant,eatery;(large) hotel"
plane,飞机,fēijī,n.,我坐飞机去北京。,
我坐飞机去北京。,I'm flying to Beijing.,飞机,fēijī,n.,plane
minute,分钟,fēnzhōng,n.,我想休息几分钟。,
我想休息几分钟。,I'd like to take a few minutes off.,分钟,fēnzhōng,n.,minute
happy; glad; cheerful; pleased,高兴,gāoxìng,adj.,今天我很高兴。,
今天我很高兴。,i am happy today,高兴,gāoxìng,adj.,happy; glad; cheerful; pleased
used with nouns without specific measure words,个,gè,nm.,我是一个学生。,
我是一个学生。,I am a student.,个,gè,nm.,used with nouns without specific measure words
job; work,工作,gōngzuò,n.,我很喜欢现在的工作。,
我很喜欢现在的工作。,I love my current job.,工作,gōngzuò,n.,job; work
work,工作,gōngzuò,v.,我在医院工作。,
我在医院工作。,I work in a hospital.,工作,gōngzuò,v.,work
Chinese language,汉语,Hànyǔ,n.,他在学习汉语。,
他在学习汉语。,He is learning Chinese.,汉语,Hànyǔ,n.,Chinese language
good; nice; well; fine,好,hǎo,adj.,今天天气很好。,
今天天气很好。,The weather is very good today.,好,hǎo,adj.,good; nice; well; fine
ok; please,好,hǎo,adj.,你听我说，好吗？,
你听我说，好吗？,"Listen to me, okay?",好,hǎo,adj.,ok; please
very,好,hǎo,adv.,你的衣服好漂亮啊！,
你的衣服好漂亮啊！,Your clothes are so beautiful!,好,hǎo,adv.,very
date,号,hào,n.,今天是 2002 年 1 月 1号。,
今天是 2002 年 1 月 1号。,"Today is January 1, 2002.",号,hào,n.,date
number,号,hào,nm.,你的房间号是多少？,
你的房间号是多少？,What's your room number?,号,hào,nm.,number
drink,喝,hē,v.,我想喝水。,
我想喝水。,I would like water,喝,hē,v.,drink
and,和,hé,conj.,爸爸和妈妈都在家。,
爸爸和妈妈都在家。,Mom and Dad are at home.,和,hé,conj.,and
with,和,hé,prep.,他和王先生说话呢。,
他和王先生说话呢。,He was talking to Mr. Wang.,和,hé,prep.,with
very,很,hěn,adv.,李小姐很漂亮。,
李小姐很漂亮。,Miss Li is very beautiful.,很,hěn,adv.,very
at the back; in the rear; behind,后面,hòumiàn,n.,商店在学校后面。,
商店在学校后面。,The shop is behind the school.,后面,hòumiàn,n.,at the back; in the rear; behind
later; afterwards,后面,hòumiàn,n.,关于这个问题，后面我还会详细说。,
关于这个问题，后面我还会详细说。,I will elaborate on this later.,后面,hòumiàn,n.,later; afterwards
go back,回,huí,v.,我八点回家。,
我八点回家。,I'll be home at 8.,回,huí,v.,go back
number of times,回,huí,vm.,我去过一回北京。,
我去过一回北京。,I went to Beijing once.,回,huí,vm.,number of times
can; be capable of,会,huì,aux.,我会开车。,
我会开车。,I can drive.,会,huì,aux.,can; be capable of
"used after a verb, resultative",会,huì,v.,我学会了汉语。,
我学会了汉语。,I learned Chinese.,会,huì,v.,"used after a verb, resultative"
may,会,huì,aux.,明天是不会下雨的。,
明天是不会下雨的。,It won't rain tomorrow.,会,huì,aux.,may
meeting,会,huì,n.,我们在开会。,
我们在开会。,We're in a meeting.,会,huì,n.,meeting
how many,几,jǐ,pron.,你有几个儿子？,
你有几个儿子？,How many sons do you have?,几,jǐ,pron.,how many
express an indeterminate amount,几,jǐ,pron.,我家里来了几个人。,
我家里来了几个人。,A few people came to my house.,几,jǐ,pron.,express an indeterminate amount
home; family; household,家,jiā,n.,我家在北京。,
我家在北京。,My home is in Beijing.,家,jiā,n.,home; family; household
"used for families, restaurants, hotels or companies",家,jiā,nm.,我哥哥开了一家公司。,
我哥哥开了一家公司。,My brother started a company.,家,jiā,nm.,"used for families, restaurants, hotels or companies"
call(ed) (followed by a name),叫,jiào,v.,我的名字叫李明。,
我的名字叫李明。,My name is Li Ming.,叫,jiào,v.,call(ed) (followed by a name)
today,今天,jīntiān,n.,我今天去北京。,
我今天去北京。,I'm going to Beijing today.,今天,jīntiān,n.,today
now; at present,今天,jīntiān,n,在今天，过去的东西我们都不太理解了。,
在今天，过去的东西我们都不太理解了。,"Today, we don't understand much about the past.",今天,jīntiān,n,now; at present
nine,九,jiǔ,num.,今天是八月九日。,
今天是八月九日。,Today is August 9th.,九,jiǔ,num.,nine
drive,开,kāi,v.,我开了三年出租车了。,
我开了三年出租车了。,I've been driving a taxi for three years.,开,kāi,v.,drive
open; found,开,kāi,v.,我爸爸开了一个小公司。,
我爸爸开了一个小公司。,My dad started a small company.,开,kāi,v.,open; found
open,开,kāi,v.,请开门，让我进去。,
请开门，让我进去。,Please open the door and let me in.,开,kāi,v.,open
hold,开,kāi,v.,我们学校在每年夏天开运动会。,
我们学校在每年夏天开运动会。,Athletic meets are held in our school every summer.,开,kāi,v.,hold
look; watch,看,kàn,v.,你看，那本书在桌子上呢。,
你看，那本书在桌子上呢。,"Look, there's the book on the table.",看,kàn,v.,look; watch
read; appreciate,看,kàn,v.,我在看书呢。,
我在看书呢。,I'm reading a book.,看,kàn,v.,read; appreciate
see,看见,kànjiàn,v.,我没看见他。,
我没看见他。,I didn't see him.,看见,kànjiàn,v.,see
RMB Yuan,块,kuài,nm.,这本书三十块钱。,
这本书三十块钱。,Thirty dollars for this book.,块,kuài,nm.,RMB Yuan
piece,块,kuài,nm.,来吃块西瓜吧。,
来吃块西瓜吧。,Let's have a watermelon.,块,kuài,nm.,piece
together,块,kuài,vm.,我跟朋友在一块儿呢。,
我跟朋友在一块儿呢。,I'm with a friend.,块,kuài,vm.,together
come,来,lái,v.,他是昨天来这儿的。,
他是昨天来这儿的。,He came here yesterday.,来,lái,v.,come
used to indicate some action,来,lái,v.,再来点儿水果，怎么样？,
再来点儿水果，怎么样？,How about some more fruit?,来,lái,v.,used to indicate some action
teacher,老师,lǎoshī,n.,他就是我们的汉语老师。,
他就是我们的汉语老师。,He is our Chinese teacher.,老师,lǎoshī,n.,teacher
used at the end of a senence to indicate change in status,了,le,mp.,昨天下雨了。,
昨天下雨了。,It rained yesterday.,了,le,mp.,used at the end of a senence to indicate change in status
used after a verb to indicate that the action is in the past and has been completed,了,le,sa.,我吃了饭就去你那里。,
我吃了饭就去你那里。,I'll come to you after dinner.,了,le,sa.,used after a verb to indicate that the action is in the past and has been completed
cold,冷,lěng,adj.,今天太冷了。,
今天太冷了。,It's too cold today.,冷,lěng,adj.,cold
interior; inside,里,lǐ,n.,我们都在学校里。,
我们都在学校里。,We're all at school.,里,lǐ,n.,interior; inside
zero,零,líng,num.,今年是二零一二年。,
今年是二零一二年。,This year is 2012.,零,líng,num.,zero
six,六,liù,num.,桌子上有六个杯子。,
桌子上有六个杯子。,There are six cups on the table.,六,liù,num.,six
mother; ma; mamma;mum,妈妈,māma,n.,我妈妈不在家。,
我妈妈不在家。,My mother is not at home.,妈妈,māma,n.,mother; ma; mamma;mum
"used at the end of a sentence, indicating a question",吗,ma,mp.,你是中国人吗？,
你是中国人吗？,Are you Chinese?,吗,ma,mp.,"used at the end of a sentence, indicating a question"
buy,买,mǎi,v.,我买了一些苹果。,
我买了一些苹果。,I bought some apples.,买,mǎi,v.,buy
That’s all right. You are welcome.,没关系,méi guānxi,v.,甲：对不起！乙：没关系。,
甲：对不起！乙：没关系。,A: Sorry! B: It's okay.,没关系,méi guānxi,v.,That’s all right. You are welcome.
have no relation with,没关系,méi guānxi,v.,这件事，跟我没关系。,
这件事，跟我没关系。,This matter has nothing to do with me.,没关系,méi guānxi,v.,have no relation with
have nothing or nobody; can’t compare with others,没有,méiyǒu,v.,我家里没有人。 我没有他高。,
我家里没有人。 我没有他高。,I don't have anyone in the house. I'm not as tall as him.,没有,méiyǒu,v.,have nothing or nobody; can’t compare with others
cooked rice,米饭,mǐfàn,n.,我爱吃米饭。,
我爱吃米饭。,I love rice.,米饭,mǐfàn,n.,cooked rice
tomorrow,明天,míngtiān,n.,今天星期日，明天是星期一。,
今天星期日，明天是星期一。,"Today is Sunday, tomorrow is Monday.",明天,míngtiān,n.,tomorrow
name; title,名字,míngzi,n.,我的名字叫李明。,
我的名字叫李明。,My name is Li Ming.,名字,míngzi,n.,name; title
which ( used in front of a measure word),哪,nǎ,pron.,哪个杯子是你的？,
哪个杯子是你的？,Which cup is yours?,哪,nǎ,pron.,which ( used in front of a measure word)
where,哪儿,nǎr,pron.,你家在哪儿？,
你家在哪儿？,Where is your home?,哪儿,nǎr,pron.,where
that,那（那儿）,nà（nàr）,pron.,我不认识那（那儿）个人。,
我不认识那（那儿）个人。,I don't know that person.,那（那儿）,nà（nàr）,pron.,that
there,那（那儿）,nà（nàr）,pron.,我们的车在那（那儿）。,
我们的车在那（那儿）。,Our car is there (there).,那（那儿）,nà（nàr）,pron.,there
"used at the end of a sentence, indicating an interrogative statement",呢,ne,mp.,你们家有几个人呢？,
你们家有几个人呢？,How many people are in your family?,呢,ne,mp.,"used at the end of a sentence, indicating an interrogative statement"
used at the end of a sentence to indicate a statement,呢,ne,mp.,我在睡觉呢。,
我在睡觉呢。,I'm sleeping.,呢,ne,mp.,used at the end of a sentence to indicate a statement
can; may,能,néng,aux.,我能坐在这儿吗？,
我能坐在这儿吗？,Can I sit here?,能,néng,aux.,can; may
you,你,nǐ,pron.,你认识这个人吗？,
你认识这个人吗？,Do you know this person?,你,nǐ,pron.,you
year,年,nián,n.,我在中国住了三年。,
我在中国住了三年。,I lived in China for three years.,年,nián,n.,year
daughter,女儿,nǚ’ér,n.,我有两个女儿。,
我有两个女儿。,I have two daughters.,女儿,nǚ’ér,n.,daughter
friend,朋友,péngyou,n.,他是我的好朋友。,
他是我的好朋友。,He's a good friend of mine.,朋友,péngyou,n.,friend
good-looking; pretty; beautiful,漂亮,piàoliang,adj.,你的衣服真漂亮。,
你的衣服真漂亮。,What a lovely outfit you have on.,漂亮,piàoliang,adj.,good-looking; pretty; beautiful
apple,苹果,píngguǒ,n.,你想不想吃个苹果？,
你想不想吃个苹果？,Would you like an apple?,苹果,píngguǒ,n.,apple
seven,七,qī,num.,一个星期有七天。,
一个星期有七天。,There are seven days in a week.,七,qī,num.,seven
money,钱,qián,n.,一个苹果三块钱。,
一个苹果三块钱。,Three dollars for an apple.,钱,qián,n.,money
before; in front; at the head; ahead,前面,qiánmiàn,n.,前面那个人是我的同学。,
前面那个人是我的同学。,The person in front is my classmate.,前面,qiánmiàn,n.,before; in front; at the head; ahead
please,请,qǐng,v.,请坐在椅子上。,
请坐在椅子上。,Please sit in a chair.,请,qǐng,v.,please
request; ask; invite; engage; hire,请,qǐng,v.,我去请老师帮忙。,
我去请老师帮忙。,I'll ask the teacher for help.,请,qǐng,v.,request; ask; invite; engage; hire
entertain; treat,请,qǐng,v.,他想请我吃饭。,
他想请我吃饭。,He wants to buy me dinner.,请,qǐng,v.,entertain; treat
go; leave,去,qù,v.,我星期三去中国。,
我星期三去中国。,I'm going to China on Wednesday.,去,qù,v.,go; leave
"used after a verb, indicating the tendency of the action",去,qù,v.,小猫跑到房间里去了。,
小猫跑到房间里去了。,The kitten ran into the room.,去,qù,v.,"used after a verb, indicating the tendency of the action"
remove; get rid of,去,qù,v.,把这个字去掉，这个句子就对了。,
把这个字去掉，这个句子就对了。,Remove this word and the sentence is correct.,去,qù,v.,remove; get rid of
hot; high in temperature,热,rè,adj.,今天很热。,
今天很热。,It's hot today.,热,rè,adj.,hot; high in temperature
heat up; warm up,热,rè,v.,我去热一下米饭。,
我去热一下米饭。,I'm going to warm up the rice.,热,rè,v.,heat up; warm up
human being; person; people,人,rén,n.,商店里有很多人。,
商店里有很多人。,There are a lot of people in the shop.,人,rén,n.,human being; person; people
get to know; get acquainted with,认识,rènshi,v.,认识你很高兴。,
认识你很高兴。,Nice to meet you.,认识,rènshi,v.,get to know; get acquainted with
three,三,sān,num.,我有三本书。,
我有三本书。,I have three books.,三,sān,num.,three
shop; store,商店,shāngdiàn,n.,她去商店买东西了。,
她去商店买东西了。,She went to the store to buy something.,商店,shāngdiàn,n.,shop; store
upper; up; on; upward,上,shàng,n.,水果在桌子上。,
水果在桌子上。,The fruit is on the table.,上,shàng,n.,upper; up; on; upward
"be engaged (in work, study, etc.) at a fixed time",上,shàng,v.,我们八点去上学。,
我们八点去上学。,We go to school at 8 o'clock.,上,shàng,v.,"be engaged (in work, study, etc.) at a fixed time"
go up; mount; board; get on,上,shàng,v.,我们坐电梯上楼。,
我们坐电梯上楼。,We take the elevator upstairs.,上,shàng,v.,go up; mount; board; get on
morning,上午,shàngwǔ,n.,现在是上午10 点。,
现在是上午10 点。,It is 10am.,上午,shàngwǔ,n.,morning
not much / many,少,shǎo,adj.,杯子里的水很少。,
杯子里的水很少。,There is very little water in the cup.,少,shǎo,adj.,not much / many
be short; be lack,少,shǎo,v.,我还少本书。,
我还少本书。,I'm also missing a book.,少,shǎo,v.,be short; be lack
who(m),谁,shéi,pron.,那个人是谁？,
那个人是谁？,Who is that person?,谁,shéi,pron.,who(m)
what,什么,shénme,pron.,你看见了什么？,
你看见了什么？,What do you see?,什么,shénme,pron.,what
"express explicit meaning, referring to the thing uncertain or unspoken",什么,shénme,pron.,你真棒，什么都会！,
你真棒，什么都会！,"You're awesome, you can do anything!",什么,shénme,pron.,"express explicit meaning, referring to the thing uncertain or unspoken"
ten,十,shí,num.,现在是十月。,
现在是十月。,It's October.,十,shí,num.,ten
moment; time; period,时候,shíhou,n.,我回家的时候，他在睡觉。,
我回家的时候，他在睡觉。,He was sleeping when I got home.,时候,shíhou,n.,moment; time; period
be,是,shì,v.,他不是学生。,
他不是学生。,He's not a student.,是,shì,v.,be
yes,是,shì,v.,甲：你是中国人吗？ 乙：是，我是中国人。,
甲：你是中国人吗？ 乙：是，我是中国人。,"A: Are you Chinese? B: Yes, I am Chinese.",是,shì,v.,yes
book,书,shū,n.,我喜欢读书。,
我喜欢读书。,I like to read.,书,shū,n.,book
water,水,shuǐ,n.,杯子里还有水吗？,
杯子里还有水吗？,Is there any water in the glass?,水,shuǐ,n.,water
fruit,水果,shuǐguǒ,n.,我想去商店买水果。,
我想去商店买水果。,I want to go to the store to buy fruit.,水果,shuǐguǒ,n.,fruit
sleep; go to bed,睡觉,shuìjiào,v.,儿子在睡觉呢。,
儿子在睡觉呢。,My son is sleeping.,睡觉,shuìjiào,v.,sleep; go to bed
speak; talk; say,说,shuō,v.,你在说什么？,
你在说什么？,[Translation error],说,shuō,v.,speak; talk; say
speak; talk; say,说话,shuōhuà,v.,他们在说话。,
他们在说话。,They were talking.,说话,shuōhuà,v.,speak; talk; say
four,四,sì,num.,我们四个人去看电影。,
我们四个人去看电影。,The four of us went to the movies.,四,sì,num.,four
year (of age),岁,suì,nm.,李医生今年 40岁。,
李医生今年 40岁。,Dr. Li is 40 years old.,岁,suì,nm.,year (of age)
he; him,他,tā,pron.,他是我们的老师。,
他是我们的老师。,He is our teacher.,他,tā,pron.,he; him
she; her,她,tā,pron.,我认识她的妈妈。,
我认识她的妈妈。,I know her mother.,她,tā,pron.,she; her
(in expressing approval or compliment) very much or extremely,太,tài,adv.,这个学校太大了。,
这个学校太大了。,This school is too big.,太,tài,adv.,(in expressing approval or compliment) very much or extremely
too; excessively,太,tài,adv.,这个苹果太大，我吃不完。,
这个苹果太大，我吃不完。,This apple is too big for me to finish.,太,tài,adv.,too; excessively
weather,天气,tiānqì,n.,今天的天气非常好。,
今天的天气非常好。,The weather was great today.,天气,tiānqì,n.,weather
hear; listen,听,tīng,v.,你听，谁来了？,
你听，谁来了？,"Listen, who's coming?",听,tīng,v.,hear; listen
obey; accept,听,tīng,v.,这件事儿，我听你的。,
这件事儿，我听你的。,I'll listen to you about this.,听,tīng,v.,obey; accept
student; classmate,同学,tóngxué,n.,同学们，你们好！,
同学们，你们好！,"Hi, A-School!",同学,tóngxué,n.,student; classmate
hello; hey;hi,喂,wèi,int.,喂，李老师在吗？,
喂，李老师在吗？,"Hello, is Miss Li there?",喂,wèi,int.,hello; hey;hi
I; me,我,wǒ,pron.,我是一个学生。,
我是一个学生。,I am a student.,我,wǒ,pron.,I; me
we; us,我们,wǒmen,pron.,我们都是学生。,
我们都是学生。,We are all students.,我们,wǒmen,pron.,we; us
five,五,wǔ,num.,今天星期五。,
今天星期五。,Today is Friday.,五,wǔ,num.,five
like or be interested in (sb. or sth.),喜欢,xǐhuan,v.,我喜欢学汉语。,
我喜欢学汉语。,I like to learn Chinese.,喜欢,xǐhuan,v.,like or be interested in (sb. or sth.)
under; below,下,xià,n.,小猫在桌子下面。,
小猫在桌子下面。,The kitten is under the table.,下,xià,n.,under; below
fall,下,xià,v.,今天下雨了。,
今天下雨了。,It's raining today.,下,xià,v.,fall
next,下,xià,n.,我下个月去北京。,
我下个月去北京。,I'm going to Beijing next month.,下,xià,n.,next
go down; get off,下,xià,v.,他在下飞机呢。,
他在下飞机呢。,He's getting off the plane.,下,xià,v.,go down; get off
finish; leave (work or shift or class),下,xià,v.,我们八点下班。,
我们八点下班。,We get off at 8.,下,xià,v.,finish; leave (work or shift or class)
afternoon,下午,xiàwǔ,n.,我今天下午不去学校了。,
我今天下午不去学校了。,I'm not going to school this afternoon.,下午,xiàwǔ,n.,afternoon
rain,下雨,xià yǔ,v.,昨天下雨了。,
昨天下雨了。,It rained yesterday.,下雨,xià yǔ,v.,rain
(addressing) Mr.; Mister; sir,先生,xiānsheng,n.,你也认识王先生？,
你也认识王先生？,"You know Mr. Wang, too?",先生,xiānsheng,n.,(addressing) Mr.; Mister; sir
now; nowadays; today; at present,现在,xiànzài,n.,现在是 12 点。,
现在是 12 点。,It's 12 o'clock.,现在,xiànzài,n.,now; nowadays; today; at present
want to; be going to; would like to,想,xiǎng,aux.,我想星期六去北京。,
我想星期六去北京。,I want to go to Beijing on Saturday.,想,xiǎng,aux.,want to; be going to; would like to
think; think about; think of; think over,想,xiǎng,v.,妈妈，你在想什么呢？,
妈妈，你在想什么呢？,"Mom, what are you thinking?",想,xiǎng,v.,think; think about; think of; think over
miss,想,xiǎng,v.,爸爸，我想你了。,
爸爸，我想你了。,"Dad, I missed you.",想,xiǎng,v.,miss
small; little,小,xiǎo,adj.,这个苹果太~了。,
这个苹果太~了。,This apple is too ~.,小,xiǎo,adj.,small; little
become smaller,小,xiǎo,v.,雨小了，我们现在走吧。,
雨小了，我们现在走吧。,"The rain is small, let's go now.",小,xiǎo,v.,become smaller
the youngest,小,xiǎo,adj,这是我的小儿子，他还有个哥哥。,
这是我的小儿子，他还有个哥哥。,"This is my youngest son, who also has a brother.",小,xiǎo,adj,the youngest
Miss,小姐,xiǎojiě,n.,小姐，你叫什么名字？,
小姐，你叫什么名字？,"Miss, what's your name?",小姐,xiǎojiě,n.,Miss
some,些,xiē,nm.,我买了些苹果。,
我买了些苹果。,I bought some apples.,些,xiē,nm.,some
a little bit,些,xiē,vm.,我的病好些了。,
我的病好些了。,I'm feeling better.,些,xiē,vm.,a little bit
write,写,xiě,v.,你写的字很漂亮。,
你写的字很漂亮。,You write beautifully.,写,xiě,v.,write
thank,谢谢,xièxie,v.,甲：谢谢你。乙：不客气！,
甲：谢谢你。乙：不客气！,A: Thank you. B: You're welcome!,谢谢,xièxie,v.,thank
week,星期,xīngqī,n.,一个星期有七天。,
一个星期有七天。,There are seven days in a week.,星期,xīngqī,n.,week
student,学生,xuésheng,n.,我们学校里的学生很多。,
我们学校里的学生很多。,There are many students in our school.,学生,xuésheng,n.,student
study; learn,学习,xuéxí,v.,你喜欢学习汉语吗？,
你喜欢学习汉语吗？,Do you like learning Chinese?,学习,xuéxí,v.,study; learn
school,学校,xuéxiào,n.,我们学校很大。,
我们学校很大。,Our school is big.,学校,xuéxiào,n.,school
one,一,yī,num.,这儿一个人都没有。,
这儿一个人都没有。,There's no one here.,一,yī,num.,one
used between a reduplicative verb,一,yī,num.,请让我看一看。,
请让我看一看。,Please let me have a look.,一,yī,num.,used between a reduplicative verb
a little,一点儿,yìdiǎnr,nm.,我只有一点儿钱。,
我只有一点儿钱。,I only have a little money.,一点儿,yìdiǎnr,nm.,a little
clothing; clothes; dress,衣服,yīfu,n.,我在商店买了很多衣服。,
我在商店买了很多衣服。,I bought a lot of clothes at the store.,衣服,yīfu,n.,clothing; clothes; dress
doctor; surgeon,医生,yīshēng,n.,他是这个医院里的医生。,
他是这个医院里的医生。,He is a doctor in this hospital.,医生,yīshēng,n.,doctor; surgeon
hospital,医院,yīyuàn,n.,这是一个大医院。,
这是一个大医院。,This is a big hospital.,医院,yīyuàn,n.,hospital
chair,椅子,yǐzi,n.,小狗在椅子下面呢。,
小狗在椅子下面呢。,The puppy is under the chair.,椅子,yǐzi,n.,chair
have,有,yǒu,v.,我有一个女儿。,
我有一个女儿。,I have a daughter.,有,yǒu,v.,have
be; there be,有,yǒu,v.,桌子上有本书。,
桌子上有本书。,There is a book on the table.,有,yǒu,v.,be; there be
month,月,yuè,n.,一年有 12 个月。,
一年有 12 个月。,There are 12 months in a year.,月,yuè,n.,month
goodbye,再见,zàijiàn,n.,妈妈，我去学校了，再见。,
妈妈，我去学校了，再见。,"Mom, I'm going to school, bye.",再见,zàijiàn,n.,goodbye
exist; lie; be at; be on,在,zài,v.,书在桌子上。,
书在桌子上。,The book is on the table.,在,zài,v.,exist; lie; be at; be on
in the process of doing sth; just; be + verb + ing,在,zài,adv.,我在吃饭呢。,
我在吃饭呢。,I'm eating.,在,zài,adv.,in the process of doing sth; just; be + verb + ing
"inquiring for property, condition, way, and cause, etc.",怎么,zěnme,pron.,你怎么去北京？,
你怎么去北京？,How do you get to Beijing?,怎么,zěnme,pron.,"inquiring for property, condition, way, and cause, etc."
How about it? What do you think? (inquiring for comments and suggestions as an independent sentence),怎么样,zěnmeyàng,pron.,我们去看电影，怎么样？,
我们去看电影，怎么样？,"Let's go to the movies, shall we?",怎么样,zěnmeyàng,pron.,How about it? What do you think? (inquiring for comments and suggestions as an independent sentence)
this; here,这（这儿）,zhè（zhèr）,pron.,这（这儿）个人是我的同学。 我能坐在这（这儿）儿吗？,
这（这儿）个人是我的同学。 我能坐在这（这儿）儿吗？,This person (here) is my classmate. Can I sit here?,这（这儿）,zhè（zhèr）,pron.,this; here
China,中国,Zhōngguó,n.,我在中国学汉语。,
我在中国学汉语。,I am learning Chinese in China.,中国,Zhōngguó,n.,China
noon; midday; noonday,中午,zhōngwǔ,n.,我今天中午去火车站。,
我今天中午去火车站。,I'm going to the train station at noon today.,中午,zhōngwǔ,n.,noon; midday; noonday
live; stay; dwell,住,zhù,v.,他在北京住了很多年。,
他在北京住了很多年。,He lived in Beijing for many years.,住,zhù,v.,live; stay; dwell
desk; table,桌子,zhuōzi,n.,电脑在桌子上。,
电脑在桌子上。,The computer is on the desk.,桌子,zhuōzi,n.,desk; table
written Chinese character,字,zì,n.,这个字你认识吗？,
这个字你认识吗？,Do you recognize this word?,字,zì,n.,written Chinese character
yesterday,昨天,zuótiān,n.,他昨天没去学校。,
他昨天没去学校。,He didn't go to school yesterday.,昨天,zuótiān,n.,yesterday
sit,坐,zuò,v.,他一个下午都坐在电视前。,
他一个下午都坐在电视前。,He sat in front of the TV all afternoon.,坐,zuò,v.,sit
travel by (a vehicle),坐,zuò,v.,我坐飞机去中国。,
我坐飞机去中国。,I flew to China.,坐,zuò,v.,travel by (a vehicle)
make; produce,做,zuò,v.,今天妈妈做了很多菜。,
今天妈妈做了很多菜。,Mum made a lot of dishes today.,做,zuò,v.,make; produce
"be; become, to do",做,zuò,v.,你是做什么工作的？,
你是做什么工作的？,What do you do for a living?,做,zuò,v.,"be; become, to do"
do,做,zuò,v.,我每天做作业。,
我每天做作业。,I do my homework every day.,做,zuò,v.,do
used at the end of a sentence to express speculative interrogation,吧,ba,mp.,你是个学生吧？,
你是个学生吧？,"You're a student, right?",吧,ba,mp.,used at the end of a sentence to express speculative interrogation
used at the end of an imperative sentence,吧,ba,mp.,请你走吧！,
请你走吧！,"Please, just go.",吧,ba,mp.,used at the end of an imperative sentence
white,白,bái,adj.,我很爱穿那件白衣服。,
我很爱穿那件白衣服。,I love wearing that white dress.,白,bái,adj.,white
one hundred,百,bǎi,num.,这个自行车五百多元。,
这个自行车五百多元。,This bike is more than 500 yuan.,百,bǎi,num.,one hundred
help; assist; aid; support,帮助,bāngzhù,v.,请帮助我找一家搬家公司，好吗？,
请帮助我找一家搬家公司，好吗？,"Can you help me find a moving company, please?",帮助,bāngzhù,v.,help; assist; aid; support
newspaper,报纸,bàozhǐ,n.,我每天早上都要读报纸。,
我每天早上都要读报纸。,I read the newspaper every morning.,报纸,bàozhǐ,n.,newspaper
used to make comparison,比,bǐ,prep.,我的孩子比我高。,
我的孩子比我高。,My children are taller than me.,比,bǐ,prep.,used to make comparison
don’t,别,bié,adv.,太晚了，别看电视了。,
太晚了，别看电视了。,"It's too late, don't watch TV.",别,bié,adv.,don’t
long,长,cháng,adj.,姐姐的腿长，跑得快。,
姐姐的腿长，跑得快。,Sister's legs were long and she ran fast.,长,cháng,adj.,long
sing,唱歌,chànggē,v.,我最爱唱歌了，我给你们唱一个。,
我最爱唱歌了，我给你们唱一个。,"I love to sing, I'll sing you one.",唱歌,chànggē,v.,sing
exit; go out,出,chū,v.,我已经走出火车站了。,
我已经走出火车站了。,I'm already out of the station.,出,chū,v.,exit; go out
happen,出,chū,v.,你帮我看看，这台电脑出什么问题了？,
你帮我看看，这台电脑出什么问题了？,Can you help me see what's wrong with this computer?,出,chū,v.,happen
"used after a verb, indicating direction",出,chū,v.,我从他的脸上，没看出他难过来。,
我从他的脸上，没看出他难过来。,I didn't see the difficulty in his face.,出,chū,v.,"used after a verb, indicating direction"
wear; put on,穿,chuān,v.,天冷了，多穿些衣服吧。,
天冷了，多穿些衣服吧。,It's getting cold. Wear more clothes.,穿,chuān,v.,wear; put on
number of times,次,cì,nm./vm.,我去过一次北京。,
我去过一次北京。,I went to Beijing once.,次,cì,nm./vm.,number of times
from; since,从,cóng,prep.,从我家到公司，开车要 20 分钟。,
从我家到公司，开车要 20 分钟。,"From my house to the company, it takes 20 minutes by car.",从,cóng,prep.,from; since
wrong; incorrect,错,cuò,adj.,对不起，我错了。,
对不起，我错了。,I'm sorry — my bad.,错,cuò,adj.,wrong; incorrect
play basketball,打篮球,dǎ lánqiú,adj.,我每天下午都去打篮球。,
我每天下午都去打篮球。,I play basketball every afternoon.,打篮球,dǎ lánqiú,adj.,play basketball
everyone;everybody,大家,dàjiā,pron.,请大家不要等我了。,
请大家不要等我了。,Please don't wait for me.,大家,dàjiā,pron.,everyone;everybody
arrive; reach,到,dào,v.,我早上 9 点到公司。,
我早上 9 点到公司。,I will be at the office at 9am.,到,dào,v.,arrive; reach
marker of complement,得,de,sa.,你走得太快了。,
你走得太快了。,You're moving too fast.,得,de,sa.,marker of complement
wait,等,děng,v.,你还要再等我 10 分钟。,
你还要再等我 10 分钟。,You have to wait for me another 10 minutes.,等,děng,v.,wait
younger brother,弟弟,dìdi,n.,在我们家，我最大，我下面还有两个弟弟。,
在我们家，我最大，我下面还有两个弟弟。,"In our house, I am the oldest, and I have two younger brothers under me.",弟弟,dìdi,n.,younger brother
first,第一,dì-yī,num.,这是我第一次见到他。,
这是我第一次见到他。,This is the first time I've seen him.,第一,dì-yī,num.,first
understand,懂,dǒng,v.,你的意思我懂了。,
你的意思我懂了。,I see what you mean.,懂,dǒng,v.,understand
right; correct,对,duì,adj.,你是对的，我错了。,
你是对的，我错了。,"You're right, I'm wrong.",对,duì,adj.,right; correct
to; towards,对,duì,prep.,孩子对妈妈说：“妈妈，我爱你。”,
孩子对妈妈说：“妈妈，我爱你。”,"The child said to his mother, ""Mama, I love you.""",对,duì,prep.,to; towards
room,房间,fángjiān,n.,我们两个人住一个房间。,
我们两个人住一个房间。,The two of us live in one room.,房间,fángjiān,n.,room
very,非常,fēicháng,adv.,奶奶非常喜欢我们送的礼物。,
奶奶非常喜欢我们送的礼物。,Grandma loved our gift.,非常,fēicháng,adv.,very
attendant; waiter; waitress,服务员,fúwùyuán,n.,我在饭馆做服务员。,
我在饭馆做服务员。,I work as a waiter in the restaurant.,服务员,fúwùyuán,n.,attendant; waiter; waitress
tall; high,高,gāo,adj.,我比爸爸还高。,
我比爸爸还高。,I'm taller than my dad.,高,gāo,adj.,tall; high
tell,告诉,gàosu,v.,你能告诉我学校怎么走吗？,
你能告诉我学校怎么走吗？,Can you tell me how to get to the school?,告诉,gàosu,v.,tell
elder brother,哥哥,gēge,n.,我哥哥比我大三岁。,
我哥哥比我大三岁。,My brother is three years older than me.,哥哥,gēge,n.,elder brother
hand over,给,gěi,v.,请把这本书给他。,
请把这本书给他。,Please give him this book.,给,gěi,v.,hand over
for,给,gěi,prep.,这是给你买的。,
这是给你买的。,This is for you.,给,gěi,prep.,for
bus,公共汽车,gōnggòngqìchē,n.,坐公共汽车去，要 20 分钟。,
坐公共汽车去，要 20 分钟。,20 minutes by bus.,公共汽车,gōnggòngqìchē,n.,bus
company; firm,公司,gōngsī,n.,我在一个公司上班。,
我在一个公司上班。,I work for a company.,公司,gōngsī,n.,company; firm
dog,狗,gǒu,n.,女儿很喜欢小狗。,
女儿很喜欢小狗。,My daughter loves puppies.,狗,gǒu,n.,dog
expensive; costly,贵,guì,adj.,这块手表很贵。,
这块手表很贵。,This watch is expensive.,贵,guì,adj.,expensive; costly
"used after a verb, referring to sth. that happened previously",过,guo,sa.,我没看过这本书。,
我没看过这本书。,[Translation error],过,guo,sa.,"used after a verb, referring to sth. that happened previously"
still; yet,还,hái,adv.,他还没来呢。,
他还没来呢。,He's not here yet.,还,hái,adv.,still; yet
in addition,还,hái,adv.,除了不吃肉，我还不吃鸡蛋。,
除了不吃肉，我还不吃鸡蛋。,"Besides not eating meat, I don't eat eggs.",还,hái,adv.,in addition
son or daughter,孩子,háizi,n.,我有三个孩子。,
我有三个孩子。,I have three children.,孩子,háizi,n.,son or daughter
child,孩子,háizi,n.,我们这里女孩子比男孩子多。,
我们这里女孩子比男孩子多。,We have more girls than boys here.,孩子,háizi,n.,child
delicious,好吃,hǎochī,n.,您做的米饭真好吃。,
您做的米饭真好吃。,Your rice is delicious.,好吃,hǎochī,n.,delicious
black; dark,黑,hēi,adj.,我不喜欢黑颜色的衣服。,
我不喜欢黑颜色的衣服。,I don't like black colored clothes.,黑,hēi,adj.,black; dark
red,红,hóng,adj.,我的自行车是红色的。,
我的自行车是红色的。,My bike is red.,红,hóng,adj.,red
welcome,欢迎,huānyíng,v.,欢迎你们来我们家。,
欢迎你们来我们家。,Welcome to our home.,欢迎,huānyíng,v.,welcome
answer; reply; respond,回答,huídá,v.,我能回答这个问题。,
我能回答这个问题。,I can answer that question.,回答,huídá,v.,answer; reply; respond
answer; reply; response,回答,huídá,n.,你的回答不能让人满意。,
你的回答不能让人满意。,Your answer is unsatisfactory.,回答,huídá,n.,answer; reply; response
railway station,火车站,huǒchēzhàn,n.,我下午 3 点去火车站。,
我下午 3 点去火车站。,I go to the train station at 3pm.,火车站,huǒchēzhàn,n.,railway station
airport,机场,jīchǎng,n.,我在机场工作了三年了。,
我在机场工作了三年了。,I've been working at the airport for three years.,机场,jīchǎng,n.,airport
egg,鸡蛋,jīdàn,n.,我每天早上都要吃个鸡蛋。,
我每天早上都要吃个鸡蛋。,I eat an egg every morning.,鸡蛋,jīdàn,n.,egg
used for clothes and things,件,jiàn,nm.,这件衣服颜色非常好看。,
这件衣服颜色非常好看。,The color of this dress is very nice.,件,jiàn,nm.,used for clothes and things
classroom,教室,jiàoshì,n.,请大家都到教室去上课。,
请大家都到教室去上课。,Please come to the classroom.,教室,jiàoshì,n.,classroom
elder sister,姐姐,jiějie,n.,我有两个姐姐。,
我有两个姐姐。,I have two sisters.,姐姐,jiějie,n.,elder sister
introduce sb. or sth.,介绍,jièshào,v.,我来介绍一下我的朋友。,
我来介绍一下我的朋友。,Let me introduce my friend.,介绍,jièshào,v.,introduce sb. or sth.
an introduction,介绍,jièshào,n.,我在报纸上看到了这个电影的介绍。,
我在报纸上看到了这个电影的介绍。,I saw an introduction to the film in the newspaper.,介绍,jièshào,n.,an introduction
enter,进,jìn,v.,我马上要进机场了。,
我马上要进机场了。,I'm on my way to the airport.,进,jìn,v.,enter
close; near,近,jìn,adj.,我们家离公司很近。,
我们家离公司很近。,Our house is very close to the company.,近,jìn,adj.,close; near
intimate,近,jìn,adj.,我跟小王的关系很近。,
我跟小王的关系很近。,My relationship with Xiao Wang is very close.,近,jìn,adj.,intimate
indicating certainty; right on,就,jiù,adv.,我就知道他会来的。,
我就知道他会来的。,I knew he'd come.,就,jiù,adv.,indicating certainty; right on
immediately; right now; right away,就,jiù,adv.,我一到家就给他打电话。,
我一到家就给他打电话。,Call him as soon as I get home.,就,jiù,adv.,immediately; right now; right away
feel; think,觉得,juéde,v.,你觉得这本书怎么样？,
你觉得这本书怎么样？,What do you think of this book?,觉得,juéde,v.,feel; think
coffee,咖啡,kāfēi,n.,您想喝咖啡，还是茶？,
您想喝咖啡，还是茶？,Would you like coffee or tea?,咖啡,kāfēi,n.,coffee
start; begin,开始,kāishǐ,v.,我们从第十课开始学习。,
我们从第十课开始学习。,Let's start with lesson 10.,开始,kāishǐ,v.,start; begin
beginning,开始,kāishǐ,n.,（学汉字）开始可能会觉得有点难。,
（学汉字）开始可能会觉得有点难。,(Learning Chinese characters) may feel a little difficult at first.,开始,kāishǐ,n.,beginning
examination / take a test,考试,kǎoshì,n.,为了准备考试，他每天都学习到很晚。,
为了准备考试，他每天都学习到很晚。,"In order to prepare for the exam, he studied late every day.",考试,kǎoshì,n.,examination / take a test
may; can,可能,kěnéng,aux.,我可能不能去上班了。,
我可能不能去上班了。,I may not be able to go to work.,可能,kěnéng,aux.,may; can
possible; probable; likely,可能,kěnéng,adj.,这件事，完全是可能的。,
这件事，完全是可能的。,This is entirely possible.,可能,kěnéng,adj.,possible; probable; likely
can; may,可以,kěyǐ,aux.,你可以开我的车去上班。,
你可以开我的车去上班。,You can drive my car to work.,可以,kěyǐ,aux.,can; may
not bad; passable; pretty good,可以,kěyǐ,adj.,这个菜做得还可以。,
这个菜做得还可以。,[Translation error],可以,kěyǐ,adj.,not bad; passable; pretty good
lesson,课,kè,n.,今天我们学习第一课。,
今天我们学习第一课。,Today we're going to take the first lesson.,课,kè,n.,lesson
class,课,kè,n.,现在，我们上课。,
现在，我们上课。,"Now, let's take a lesson.",课,kè,n.,class
fast,快,kuài,adj.,他跑得真快。,
他跑得真快。,He runs really fast.,快,kuài,adj.,fast
be going to; will; shall,快,kuài,adv.,7 点 50 了，快上课了,
7 点 50 了，快上课了,"It's 7:50, it's almost time for class",快,kuài,adv.,be going to; will; shall
happy; joyful; cheerful; glad,快乐,kuàilè,adj.,祝你生日快乐！,
祝你生日快乐！,I wish you a happy birthday!,快乐,kuàilè,adj.,happy; joyful; cheerful; glad
happiness; joy; pleasure; delight,快乐,kuàilè,n.,女儿给我的生活带来很多快乐。,
女儿给我的生活带来很多快乐。,My daughter brings a lot of joy to my life.,快乐,kuàilè,n.,happiness; joy; pleasure; delight
tired; fatigued,累,lèi,adj.,我累了，想休息。,
我累了，想休息。,I'm tired and want to rest.,累,lèi,adj.,tired; fatigued
away from,离,lí,prep.,我家离学校很近。,
我家离学校很近。,My house is very close to the school.,离,lí,prep.,away from
two,两,liǎng,num.,苹果两块钱一斤。,
苹果两块钱一斤。,Two yuan a kilo for an apple.,两,liǎng,num.,two
road,路,lù,n.,我每天走路去上学。,
我每天走路去上学。,I walk to school every day.,路,lù,n.,road
used to indicate a bus route,路,lù,nm.,我们可以坐 10路公共汽车去。,
我们可以坐 10路公共汽车去。,We can take bus number 10.,路,lù,nm.,used to indicate a bus route
travel,旅游,lǚyóu,v.,我们开车去旅游。,
我们开车去旅游。,We drive to tour.,旅游,lǚyóu,v.,travel
sell,卖,mài,v.,这个商店卖的东西比较便宜。,
这个商店卖的东西比较便宜。,This store sells things cheaper.,卖,mài,v.,sell
slow,慢,màn,adj.,我们走得很慢。,
我们走得很慢。,We walk slowly.,慢,màn,adj.,slow
busy,忙,máng,adj.,这个星期，我很忙。,
这个星期，我很忙。,I'm busy this week.,忙,máng,adj.,busy
be busy doing sth.,忙,máng,v.,你在忙什么呢？,
你在忙什么呢？,What are you up to?,忙,máng,v.,be busy doing sth.
cat,猫,māo,n.,你的小猫去哪儿了？,
你的小猫去哪儿了？,Where's your kitten?,猫,māo,n.,cat
every; each,每,měi,pron.,你每天都看报纸吗？,
你每天都看报纸吗？,Do you read the newspaper every day?,每,měi,pron.,every; each
younger sister,妹妹,mèimei,n.,我有两个妹妹。,
我有两个妹妹。,I have two sisters.,妹妹,mèimei,n.,younger sister
exits and entrances; doorways,门,mén,n.,我在门外等你。,
我在门外等你。,I'll wait for you outside the door.,门,mén,n.,exits and entrances; doorways
used for curriculum in school,门,mén,nm.,今年我有五门课。,
今年我有五门课。,I have five classes this year.,门,mén,nm.,used for curriculum in school
man; male,男,nán,n.,我不认识那个男人。,
我不认识那个男人。,I don't know that man.,男,nán,n.,man; male
you or your (used to address someone with respect),您,nín,pron.,老师，您好！,
老师，您好！,"Hello, teacher!",您,nín,pron.,you or your (used to address someone with respect)
milk,牛奶,niúnǎi,n.,睡觉前喝杯牛奶吧。,
睡觉前喝杯牛奶吧。,Have a glass of milk before you go to bed.,牛奶,niúnǎi,n.,milk
woman; female,女,nǚ,n.,那个女人你认识吗？,
那个女人你认识吗？,Do you know that woman?,女,nǚ,n.,woman; female
side; by the side of; nearby,旁边,pángbiān,n.,爸爸在我旁边。,
爸爸在我旁边。,Dad is next to me.,旁边,pángbiān,n.,side; by the side of; nearby
run; jog,跑步,pǎobù,v.,我每天早上都跑步。,
我每天早上都跑步。,I run every morning.,跑步,pǎobù,v.,run; jog
cheap; inexpensive,便宜,piányi,adj.,苹果很便宜，我们买点儿吧。,
苹果很便宜，我们买点儿吧。,"Apples are cheap, let's buy some.",便宜,piányi,adj.,cheap; inexpensive
ticket,票,piào,n.,我要去火车站买车票。,
我要去火车站买车票。,[Translation error],票,piào,n.,ticket
wife,妻子,qīzi,n.,我妻子上班去了。,
我妻子上班去了。,My wife went to work.,妻子,qīzi,n.,wife
rise (from bed); get up,起床,qǐchuáng,v.,我早上七点起床。,
我早上七点起床。,I get up at 7 in the morning.,起床,qǐchuáng,v.,rise (from bed); get up
thousand,千,qiān,num.,这个手机一千元。,
这个手机一千元。,"This mobile phone is 1,000 yuan.",千,qiān,num.,thousand
pencil,铅笔,qiānbǐ,n.,你看见我的铅笔了吗？,
你看见我的铅笔了吗？,Did you see my pencil?,铅笔,qiānbǐ,n.,pencil
fine; clear,晴,qíng,adj.,今天是晴天。,
今天是晴天。,It's sunny today.,晴,qíng,adj.,fine; clear
last year,去年,qùnián,n.,我是去年8 月来北京的。,
我是去年8 月来北京的。,I came to Beijing last August.,去年,qùnián,n.,last year
let; allow; make; ask,让,ràng,v.,他爸爸不让他来。,
他爸爸不让他来。,His father wouldn't let him come.,让,ràng,v.,let; allow; make; ask
transfer the ownership to,让,ràng,v,他把座位让给了一位老人。,
他把座位让给了一位老人。,He gave up his seat to an old man.,让,ràng,v,transfer the ownership to
day or date,日,rì,n.,今天是 2012 年 2 月 26日。,
今天是 2012 年 2 月 26日。,"Today is February 26, 2012.",日,rì,n.,day or date
go to work; start work,上班,shàngbān,v.,我七点半去上班。,
我七点半去上班。,I go to work at 7:30.,上班,shàngbān,v.,go to work; start work
body (of a human or animal),身体,shēntǐ,n.,今天我的身体不太舒服。,
今天我的身体不太舒服。,I'm not feeling well today.,身体,shēntǐ,n.,body (of a human or animal)
fall sick;fall ill; get ill; be taken ill,生病,shēngbìng,v.,我生病了，不能去上班了。,
我生病了，不能去上班了。,I'm sick and can't go to work.,生病,shēngbìng,v.,fall sick;fall ill; get ill; be taken ill
birthday,生日,shēngrì,n.,祝你生日快乐！,
祝你生日快乐！,I wish you a happy birthday!,生日,shēngrì,n.,birthday
time,时间,shíjiān,n.,我没时间去北京。,
我没时间去北京。,I don't have time to go to Beijing.,时间,shíjiān,n.,time
matter; business; circumstance; event; affair; incident; occurrence,事情,shìqing,n.,你下午有什么事情吗？,
你下午有什么事情吗？,What can I do for you this afternoon?,事情,shìqing,n.,matter; business; circumstance; event; affair; incident; occurrence
wrist watch; watch,手表,shǒubiǎo,n.,这块手表非常漂亮。,
这块手表非常漂亮。,This watch is very beautiful.,手表,shǒubiǎo,n.,wrist watch; watch
mobile phone,手机,shǒujī,n.,你看，我新买了一个手机。,
你看，我新买了一个手机。,"Look, I bought a new phone.",手机,shǒujī,n.,mobile phone
give sb. sth. as a gift,送,sòng,v.,我送你一本书。,
我送你一本书。,I'll give you a book.,送,sòng,v.,give sb. sth. as a gift
see sb off; escort or provide transportation for sb.,送,sòng,v.,我去送一个朋友。,
我去送一个朋友。,I'll send a friend.,送,sòng,v.,see sb off; escort or provide transportation for sb.
though;but; however,虽然……但是……,suīrán…dànshì…,conj.,虽然……但是……下雨了，虽然……但是……我们还是想去看电影。,
虽然……但是……下雨了，虽然……但是……我们还是想去看电影。,"Although... but... it's raining, although... but... we still want to go to the movies.",虽然……但是……,suīrán…dànshì…,conj.,though;but; however
it; its,它,tā,pron.,我知道小猫在哪儿，它在桌子下面。,
我知道小猫在哪儿，它在桌子下面。,"I know where the kitten is, it's under the table.",它,tā,pron.,it; its
play soccer,踢足球,tī zúqiú,pron.,我和同学们在踢足球。,
我和同学们在踢足球。,My classmates and I were playing soccer.,踢足球,tī zúqiú,pron.,play soccer
"questions, problems (in a test or a quiz)",题,tí,n.,这个题我不会做。,
这个题我不会做。,I won't do this question.,题,tí,n.,"questions, problems (in a test or a quiz)"
dance,跳舞,tiàowǔ,sv.,妹妹会唱歌，也会跳舞。,
妹妹会唱歌，也会跳舞。,My sister sings and dances.,跳舞,tiàowǔ,sv.,dance
outer; outside,外,wài,n.,外面下雨了。,
外面下雨了。,It's raining outside.,外,wài,n.,outer; outside
"not of one's own family, clan, class, coterie, locality, school, etc.",外,wài,n.,那些学生是外校的。,
那些学生是外校的。,Those students are from a foreign school.,外,wài,n.,"not of one's own family, clan, class, coterie, locality, school, etc."
indicating finished; be used up; run out,完,wán,v.,这本书我看完了。,
这本书我看完了。,I've finished this book.,完,wán,v.,indicating finished; be used up; run out
play,玩,wán,v.,他在玩，没有学习。,
他在玩，没有学习。,"He was playing, not learning.",玩,wán,v.,play
evening,晚上,wǎnshang,n.,今天晚上我不能看电视了。,
今天晚上我不能看电视了。,I can't watch TV tonight.,晚上,wǎnshang,n.,evening
why,为什么,wèi shénme,n.,你为什么不喝点儿水呢？,
你为什么不喝点儿水呢？,Why don't you drink some water?,为什么,wèi shénme,n.,why
ask; inquire after,问,wèn,v.,老师，我可以问你一个问题吗？,
老师，我可以问你一个问题吗？,"Teacher, can I ask you a question?",问,wèn,v.,ask; inquire after
question; problem,问题,wèntí,n.,这个问题太难了！,
这个问题太难了！,This question is too hard!,问题,wèntí,n.,question; problem
watermelon,西瓜,xīguā,n.,请吃块儿西瓜。,
请吃块儿西瓜。,Please have a piece of watermelon.,西瓜,xīguā,n.,watermelon
hope; wish; want; be desirous of,希望,xīwàng,v.,我希望你别走了。,
我希望你别走了。,I hope you don't go.,希望,xīwàng,v.,hope; wish; want; be desirous of
hope; wish,希望,xīwàng,n.,孩子是爸爸、妈妈的希望。,
孩子是爸爸、妈妈的希望。,The child is the hope of the father and mother.,希望,xīwàng,n.,hope; wish
wash,洗,xǐ,v.,今天我要洗很多衣服。,
今天我要洗很多衣服。,I have a lot of laundry to do today.,洗,xǐ,v.,wash
develope and print (a picture),洗,xǐ,v.,照片要三天才能洗出来。,
照片要三天才能洗出来。,Photos take three days to wash out.,洗,xǐ,v.,develope and print (a picture)
hour,小时,xiǎoshí,n.,我看了一小时的书。,
我看了一小时的书。,I read the book for an hour.,小时,xiǎoshí,n.,hour
laugh; smile,笑,xiào,v.,听到他这么说，我们都笑了。,
听到他这么说，我们都笑了。,We all laughed when we heard him say that.,笑,xiào,v.,laugh; smile
new; up-to-date,新,xīn,adj.,这是我买的新衣服。,
这是我买的新衣服。,These are the new clothes I bought.,新,xīn,adj.,new; up-to-date
surname,姓,xìng,n.,中国人的姓在名字的前面。,
中国人的姓在名字的前面。,The Chinese surname is in front of the name.,姓,xìng,n.,surname
take … as surname,姓,xìng,v.,我姓张。,
我姓张。,My surname is Zhang.,姓,xìng,v.,take … as surname
relax; have a rest; take a break,休息,xiūxi,v.,太累了，让我休息一下。,
太累了，让我休息一下。,"Too tired, let me take a break.",休息,xiūxi,v.,relax; have a rest; take a break
snow,雪,xuě,n.,今年冬天下了几次大雪。,
今年冬天下了几次大雪。,It has snowed heavily several times this winter.,雪,xuě,n.,snow
color,颜色,yánsè,n.,你喜欢哪种颜色？,
你喜欢哪种颜色？,Which color do you prefer?,颜色,yánsè,n.,color
eye,眼睛,yǎnjing,n.,我的眼睛是黑色的。,
我的眼睛是黑色的。,My eyes are black.,眼睛,yǎnjing,n.,eye
mutton,羊肉,yángròu,n.,有些人不爱吃羊肉。,
有些人不爱吃羊肉。,Some people don't like lamb.,羊肉,yángròu,n.,mutton
medicine,药,yào,n.,这个药一天吃三次。,
这个药一天吃三次。,Take this medicine three times a day.,药,yào,n.,medicine
hope; want; wish,要,yào,aux.,我要去北京。,
我要去北京。,I'm going to Beijing.,要,yào,aux.,hope; want; wish
request; ask sb. to do sth..,要,yào,v.,妈妈要我去买菜。,
妈妈要我去买菜。,My mom asked me to buy food.,要,yào,v.,request; ask sb. to do sth..
ought to; might; must; should,要,yào,aux.,你要认真地做这件事。,
你要认真地做这件事。,You have to do this seriously.,要,yào,aux.,ought to; might; must; should
be going to; shall; will,要,yào,aux.,要下雨了。,
要下雨了。,[Translation error],要,yào,aux.,be going to; shall; will
cost; take,要,yào,v.,一斤菜要两块钱。,
一斤菜要两块钱。,A pound of vegetables costs two yuan.,要,yào,v.,cost; take
also; too; as well; either,也,yě,adv.,你去，我也去。,
你去，我也去。,"You go, I'll go too.",也,yě,adv.,also; too; as well; either
once; in a short while,一下,yíxià,vm.,请等我一下。,
请等我一下。,Please wait a moment.,一下,yíxià,vm.,once; in a short while
together,一起,yìqǐ,adv.,我和你一起去北京。,
我和你一起去北京。,I'll go to Beijing with you.,一起,yìqǐ,adv.,together
already; yet,已经,yǐjīng,adv.,我们已经吃完饭了。,
我们已经吃完饭了。,We've already eaten.,已经,yǐjīng,adv.,already; yet
meaning; content; indication; hint,意思,yìsi,n.,这个词是什么意思？,
这个词是什么意思？,What does the word mean?,意思,yìsi,n.,meaning; content; indication; hint
opinion; idea; concept,意思,yìsi,n.,把你的意思告诉我吧。,
把你的意思告诉我吧。,Tell me what you mean.,意思,yìsi,n.,opinion; idea; concept
fun; interest; enjoyment,意思,yìsi,n.,这个电影真有意思。,
这个电影真有意思。,This movie is really interesting.,意思,yìsi,n.,fun; interest; enjoyment
on account of; because of,因为……所以……,yīnwèi…suǒyǐ…,conj.,因为……所以……下雨了，因为……所以……我没去跑步。,
因为……所以……下雨了，因为……所以……我没去跑步。,"Because... so... it's raining, because... so... I didn't go for a run.",因为……所以……,yīnwèi…suǒyǐ…,conj.,on account of; because of
cloudy; overcast,阴,yīn,adj.,今天是阴天。,
今天是阴天。,It's cloudy today.,阴,yīn,adj.,cloudy; overcast
swim,游泳,yóuyǒng,v.,我会游泳了。,
我会游泳了。,I can swim.,游泳,yóuyǒng,v.,swim
right; right side,右边,yòubian,n.,王医生右边那个人是谁？,
王医生右边那个人是谁？,Who is that person on Dr. Wang's right?,右边,yòubian,n.,right; right side
fish,鱼,yú,n.,水里有很多鱼。,
水里有很多鱼。,There are a lot of fish in the water.,鱼,yú,n.,fish
far,远,yuǎn,adj.,我家离公司很远。,
我家离公司很远。,My house is far from the company.,远,yuǎn,adj.,far
take exercise,运动,yùndòng,v.,我们都很喜欢运动。,
我们都很喜欢运动。,We all love sports.,运动,yùndòng,v.,take exercise
again,再,zài,adv.,我吃完饭再去商店。,
我吃完饭再去商店。,I'll go to the store after dinner.,再,zài,adv.,again
more; further,再,zài,adv.,再高点儿，现在太低了。,
再高点儿，现在太低了。,"Higher, now too low.",再,zài,adv.,more; further
morning,早上,zǎoshang,n.,我早上看见过他。,
我早上看见过他。,I saw him in the morning.,早上,zǎoshang,n.,morning
husband,丈夫,zhàngfu,n.,我丈夫在医院工作。,
我丈夫在医院工作。,My husband works at the hospital.,丈夫,zhàngfu,n.,husband
seek; look for,找,zhǎo,v.,他想找一个工作。,
他想找一个工作。,He was looking for a job.,找,zhǎo,v.,seek; look for
"used after a verb, indicating that the action starts and continues",着,zhe,sa.,他笑着说：“你不认识我，但是我认识你。”,
他笑着说：“你不认识我，但是我认识你。”,"He smiled and said, ""You don't know me, but I know you.""",着,zhe,sa.,"used after a verb, indicating that the action starts and continues"
indeed; really,真,zhēn,adv.,这个人真高。,
这个人真高。,This man is really tall.,真,zhēn,adv.,indeed; really
be + verb + ing; in the process of; in the course of; in the middle of; in the act of,正在,zhèngzài,adv.,弟弟正在打篮球。,
弟弟正在打篮球。,My brother is playing basketball.,正在,zhèngzài,adv.,be + verb + ing; in the process of; in the course of; in the middle of; in the act of
know; be aware of,知道,zhīdào,v.,我不知道他现在在哪里。,
我不知道他现在在哪里。,I don't know where he is now.,知道,zhīdào,v.,know; be aware of
be going to; intend; plan; prepare,准备,zhǔnbèi,v.,我准备星期日去北京。,
我准备星期日去北京。,I'm going to Beijing on Sunday.,准备,zhǔnbèi,v.,be going to; intend; plan; prepare
preparation; arrangement,准备,zhǔnbèi,n.,我在为考试做准备。,
我在为考试做准备。,I am preparing for the exam.,准备,zhǔnbèi,n.,preparation; arrangement
bicycle,自行车,zìxíngchē,n.,这是我新买的自行车。,
这是我新买的自行车。,This is my new bike.,自行车,zìxíngchē,n.,bicycle
walk; go on foot,走,zǒu,v.,我女儿 9 个月就会走了。,
我女儿 9 个月就会走了。,My daughter will be gone in 9 months.,走,zǒu,v.,walk; go on foot
leave; go away; depart,走,zǒu,v.,我走了，再见！,
我走了，再见！,I'm leaving. Bye!,走,zǒu,v.,leave; go away; depart
the most,最,zuì,adv.,她是我最好的朋友。,
她是我最好的朋友。,She's my best friend.,最,zuì,adv.,the most
left; left side,左边,zuǒbian,n.,左边的那个杯子是你的，右边的是我的。,
左边的那个杯子是你的，右边的是我的。,The one on the left is yours and the one on the right is mine.,左边,zuǒbian,n.,left; left side
aunt,阿姨,āyí,n.,阿姨，附近有地铁站吗？,
阿姨，附近有地铁站吗？,"Aunty, is there a subway station nearby?",阿姨,āyí,n.,aunt
"used to express surprise,exclamation or promise",啊,a,int.,啊，这儿的环境多么好啊！你们家住在哪儿啊？ 啊，好的，我现在就去。,
啊，这儿的环境多么好啊！你们家住在哪儿啊？ 啊，好的，我现在就去。,"Ah, what a wonderful environment!Where does your family live? Ah, okay, I'll go now.",啊,a,int.,"used to express surprise,exclamation or promise"
"short, low",矮,ǎi,adj.,弟弟的个子比我矮。,
弟弟的个子比我矮。,[Translation error],矮,ǎi,adj.,"short, low"
hobby; an interest; fancy,爱好,àihào,n.,我最大的爱好就是打篮球。,
我最大的爱好就是打篮球。,My biggest hobby is playing basketball.,爱好,àihào,n.,hobby; an interest; fancy
be fond of or keen on; have a taste for,爱好,àihào,v.,我从小就爱好音乐。,
我从小就爱好音乐。,I've loved music since I was a kid.,爱好,àihào,v.,be fond of or keen on; have a taste for
noiseless; quiet; calm,安静,ānjìng,adj.,因为教室里没什么人，所以很安静。,
因为教室里没什么人，所以很安静。,It is quiet because there are not many people in the classroom.,安静,ānjìng,adj.,noiseless; quiet; calm
quiet down; keep silent,安静,ānjìng,v.,孩子们都睡着了，家里安静了下来。,
孩子们都睡着了，家里安静了下来。,The children were asleep and the house was quiet.,安静,ānjìng,v.,quiet down; keep silent
"dealing with, used before an object, followed by a transitive verb",把,bǎ,prep.,请把桌子上的铅笔给我。,
请把桌子上的铅笔给我。,Please give me the pencil on the table.,把,bǎ,prep.,"dealing with, used before an object, followed by a transitive verb"
used for things with a handle,把,bǎ,nm.,房间里有四把椅子。,
房间里有四把椅子。,There are four chairs in the room.,把,bǎ,nm.,used for things with a handle
class,班,bān,n.,我在三年级二班。,
我在三年级二班。,I'm in third grade second class.,班,bān,n.,class
carry; move,搬,bān,v.,请帮我把这张桌子搬到楼下好吗？,
请帮我把这张桌子搬到楼下好吗？,"Could you help me move this table downstairs, please?",搬,bān,v.,carry; move
way; means; measure; step to take; method; resource,办法,bànfǎ,n.,你别急，我们再想想办法。,
你别急，我们再想想办法。,"Don't worry, we'll figure something out.",办法,bànfǎ,n.,way; means; measure; step to take; method; resource
office,办公室,bàngōngshì,n.,请问，校长办公室怎么走？,
请问，校长办公室怎么走？,"Excuse me, how do I get to the principal's office?",办公室,bàngōngshì,n.,office
half,半,bàn,num.,现在是三点半。,
现在是三点半。,It's 3:30.,半,bàn,num.,half
help; give a helping hand; do a favor; lend a hand,帮忙,bāngmáng,v.,因为有你帮忙，这件事情处理得很好。,
因为有你帮忙，这件事情处理得很好。,"Because of your help, this matter has been handled well.",帮忙,bāngmáng,v.,help; give a helping hand; do a favor; lend a hand
bag,包,bāo,n.,我的包忘在房间里了。,
我的包忘在房间里了。,I left my bag in the room.,包,bāo,n.,bag
"not hungry, full",饱,bǎo,adj.,我已经吃饱了。,
我已经吃饱了。,I am replete.’,饱,bǎo,adj.,"not hungry, full"
north,北方,běifāng,n.,冬天，北方比南方冷多了。,
冬天，北方比南方冷多了。,"In winter, the north is much colder than the south.",北方,běifāng,n.,north
"be made or forced, indicating passive voice",被,bèi,prep.,词典被王老师拿走了。,
词典被王老师拿走了。,Teacher Wang took the dictionary.,被,bèi,prep.,"be made or forced, indicating passive voice"
nose,鼻子,bízi,n.,姐姐的鼻子很高，很漂亮。,
姐姐的鼻子很高，很漂亮。,Sister's nose is tall and beautiful.,鼻子,bízi,n.,nose
fairly; quite,比较,bǐjiào,adv.,今天天气比较冷。,
今天天气比较冷。,It's cold today.,比较,bǐjiào,adv.,fairly; quite
competition,比赛,bǐsài,n.,今天晚上有足球比赛。,
今天晚上有足球比赛。,There's a football game tonight.,比赛,bǐsài,n.,competition
compete,比赛,bǐsài,v.,我们比赛跑步吧。,
我们比赛跑步吧。,Let's race.,比赛,bǐsài,v.,compete
notebook,笔记本,bǐjìběn,n.,老师讲的内容，我都写在笔记本上了。,
老师讲的内容，我都写在笔记本上了。,I wrote down the contents of the teacher's lecture in my notebook.,笔记本,bǐjìběn,n.,notebook
laptop,笔记本,bǐjìběn,n.,你看，这是我新买的笔记本。,
你看，这是我新买的笔记本。,"Look, this is my new notebook.",笔记本,bǐjìběn,n.,laptop
must; have to,必须,bìxū,adv.,我今天必须去上班。,
我今天必须去上班。,I have to go to work today.,必须,bìxū,adv.,must; have to
change; variation,变化,biànhuà,n.,十年不见，他好像没什么变化。,
十年不见，他好像没什么变化。,"After ten years, he didn't seem to have changed much.",变化,biànhuà,n.,change; variation
change; vary,变化,biànhuà,v.,城市变化得太快了。,
城市变化得太快了。,The city is changing too fast.,变化,biànhuà,v.,change; vary
other people; another person,别人,biéren,pron.,别人都走了，为什么你还在这里？,
别人都走了，为什么你还在这里？,Why are you still here when everyone else is gone?,别人,biéren,pron.,other people; another person
hotel,宾馆,bīnguǎn,n.,这是我们这儿最大的宾馆，可以住 300 个客人。,
这是我们这儿最大的宾馆，可以住 300 个客人。,This is our biggest guesthouse here and can accommodate 300 guests.,宾馆,bīnguǎn,n.,hotel
refrigerator,冰箱,bīngxiāng,n.,妈妈把刚买的鱼放进了冰箱。,
妈妈把刚买的鱼放进了冰箱。,Mom put the fish she just bought into the fridge.,冰箱,bīngxiāng,n.,refrigerator
moreover; not only… but also…,不但……而且……,búdàn… érqiě…,conj.,妹妹不但……而且……喜欢唱歌，不但……而且……爱跳舞。,
妹妹不但……而且……喜欢唱歌，不但……而且……爱跳舞。,"Sister not only... but also... likes to sing, not only... but also... loves to dance.",不但……而且……,búdàn… érqiě…,conj.,moreover; not only… but also…
"late, indicating just happened",才,cái,adv.,他 30 岁才读完大学。,
他 30 岁才读完大学。,He didn't finish college until he was 30.,才,cái,adv.,"late, indicating just happened"
just; only (indicating only one solution),才,cái,adv.,这件事，只有他才能做好。,
这件事，只有他才能做好。,Only he can do this well.,才,cái,adv.,just; only (indicating only one solution)
menu,菜单,càidān,n.,服务员，请帮我拿一下菜单。,
服务员，请帮我拿一下菜单。,"Waiter, please help me get the menu.",菜单,càidān,n.,menu
join; take part in; attend,参加,cānjiā,v.,这次会议有两百多人参加。,
这次会议有两百多人参加。,The conference was attended by more than 200 people.,参加,cānjiā,v.,join; take part in; attend
grass; straw,草,cǎo,n.,春天来了，小草绿了。,
春天来了，小草绿了。,"Spring is here, and the grass is green.",草,cǎo,n.,grass; straw
"layer, floor, etc.( used for things that have separate levels)",层,céng,nm.,我住在三层，306。,
我住在三层，306。,"I live on the third floor, 306.",层,céng,nm.,"layer, floor, etc.( used for things that have separate levels)"
bad; poor,差,chà,adj.,我这次考试考得很差。,
我这次考试考得很差。,I had a bad exam this time.,差,chà,adj.,bad; poor
fall short of; owe,差,chà,v.,现在是差5 分 12 点。,
现在是差5 分 12 点。,Now it's a 5-point 12-point difference.,差,chà,v.,fall short of; owe
long,长,cháng,adj,姐姐的头发又黑又长。,
姐姐的头发又黑又长。,Sister's hair was black and long.,长,cháng,adj,long
supermarket,超市,chāoshì,n.,这家超市里的东西比较便宜。,
这家超市里的东西比较便宜。,Things in this supermarket are cheaper.,超市,chāoshì,n.,supermarket
shirt,衬衫,chènshān,n.,今天我穿这件衬衫。,
今天我穿这件衬衫。,I'm wearing this shirt today.,衬衫,chènshān,n.,shirt
score,成绩,chéngjì,n.,我们可以在网上查到考试成绩。,
我们可以在网上查到考试成绩。,We can find the test scores online.,成绩,chéngjì,n.,score
city,城市,chéngshì,n.,我已经喜欢上了这个城市。,
我已经喜欢上了这个城市。,I've fallen in love with the city.,城市,chéngshì,n.,city
be late,迟到,chídào,v.,对不起，我今天又迟到了。,
对不起，我今天又迟到了。,"Sorry, I'm late again today.",迟到,chídào,v.,be late
"come out , happen; show up; appear",出现,chūxiàn,v.,我们等了他一个小时，他也没有出现。我们工作中出现了不少问题。,
我们等了他一个小时，他也没有出现。我们工作中出现了不少问题。,We waited for him for an hour and he didn't show up. We've had a lot of issues at work.,出现,chūxiàn,v.,"come out , happen; show up; appear"
except (for); besides; in addition to,除了,chúle,prep.,除了小王，其他人都来了。,
除了小王，其他人都来了。,"Except for Xiao Wang, everyone else was here.",除了,chúle,prep.,except (for); besides; in addition to
boat; ship,船,chuán,n.,你可以坐船去上海。,
你可以坐船去上海。,You can go to Shanghai by boat.,船,chuán,n.,boat; ship
spring (one of the four seasons),春,chūn,n.,春天是一年的开始。,
春天是一年的开始。,Spring is the beginning of the year.,春,chūn,n.,spring (one of the four seasons)
dictionary,词典,cídiǎn,n.,这本词典对我的学习很有帮助。,
这本词典对我的学习很有帮助。,This dictionary is very helpful for my study.,词典,cídiǎn,n.,dictionary
bright; clever; intelligent,聪明,cōngming,adj.,弟弟不但很聪明，而且很爱学习。,
弟弟不但很聪明，而且很爱学习。,"My brother is not only very smart, but also very eager to learn.",聪明,cōngming,adj.,bright; clever; intelligent
clean; sweep,打扫,dǎsǎo,v.,我准备周末把房间打扫一下。,
我准备周末把房间打扫一下。,I'm going to clean the room on the weekend.,打扫,dǎsǎo,v.,clean; sweep
be going to do sth.; plan to,打算,dǎsuàn,v.,我打算下个星期去旅游。,
我打算下个星期去旅游。,I plan to travel next week.,打算,dǎsuàn,v.,be going to do sth.; plan to
plan,打算,dǎsuàn,n.,我还没有结婚的打算。,
我还没有结婚的打算。,[Translation error],打算,dǎsuàn,n.,plan
carry; take; bring; bear,带,dài,v.,我今天忘记带钱包了。,
我今天忘记带钱包了。,I forgot my wallet today.,带,dài,v.,carry; take; bring; bear
worry; be anxious; feel concerned,担心,dānxīn,v.,爷爷住院了，我很担心。,
爷爷住院了，我很担心。,"Grandpa was hospitalized, and I was worried.",担心,dānxīn,v.,worry; be anxious; feel concerned
cake,蛋糕,dàngāo,n.,你饿了吗？先吃块蛋糕吧。,
你饿了吗？先吃块蛋糕吧。,Are you hungry? Let's have a cake first.,蛋糕,dàngāo,n.,cake
of course; naturally; certainly,当然,dāngrán,adv..,你生病了，我当然要来看看你。,
你生病了，我当然要来看看你。,"You're sick, of course I'm coming to see you.",当然,dāngrán,adv..,of course; naturally; certainly
lamp,灯,dēng,n.,房间里的灯怎么不亮了？,
房间里的灯怎么不亮了？,Why aren't the lights in the room on?,灯,dēng,n.,lamp
marker of adverbial,地,de,sa.,天慢慢地黑了。,
天慢慢地黑了。,It was slowly getting dark.,地,de,sa.,marker of adverbial
place,地方,dìfang,n.,这个地方我来过三次了。,
这个地方我来过三次了。,I've been to this place three times.,地方,dìfang,n.,place
subway,地铁,dìtiě,n.,我们先坐三站地铁，再走一会儿就到了。,
我们先坐三站地铁，再走一会儿就到了。,"We will take the subway for three stops first, and then we will be there in a short walk.",地铁,dìtiě,n.,subway
map,地图,dìtú,n.,我的手机上有电子地图。,
我的手机上有电子地图。,I have a digital map on my phone.,地图,dìtú,n.,map
elevator,电梯,diàntī,n.,我们坐电梯上去吧。,
我们坐电梯上去吧。,Let's take the elevator up.,电梯,diàntī,n.,elevator
email,电子邮件,diànzǐyóujiàn,n.,我晚上再给你发个电子邮件。,
我晚上再给你发个电子邮件。,I'll send you another email in the evening.,电子邮件,diànzǐyóujiàn,n.,email
east,东,dōng,n.,你一直向东走就到了。,
你一直向东走就到了。,You've been heading east.,东,dōng,n.,east
winter,冬,dōng,n.,北方的冬天很冷。,
北方的冬天很冷。,Winter is cold in the north.,冬,dōng,n.,winter
zoo,动物园,dòngwùyuán,n.,动物园里有一百多种动物。,
动物园里有一百多种动物。,There are more than a hundred kinds of animals in the zoo.,动物园,dòngwùyuán,n.,zoo
short,短,duǎn,adj.,这件事在短时间内很难做完。,
这件事在短时间内很难做完。,This is difficult to do in a short period of time.,短,duǎn,adj.,short
"passage, paragraph (of an article); period (of time); section (of a distance)",段,duàn,nm.,这段时间我很忙。,
这段时间我很忙。,I am busy during this time.,段,duàn,nm.,"passage, paragraph (of an article); period (of time); section (of a distance)"
do physical training; to take exercise,锻炼,duànliàn,v.,我每天早上都去锻炼身体。,
我每天早上都去锻炼身体。,I go to exercise every morning.,锻炼,duànliàn,v.,do physical training; to take exercise
"how (wonderful, etc.)",多么,duōme,adv.,这里多么漂亮啊！,
这里多么漂亮啊！,How beautiful this place is!,多么,duōme,adv.,"how (wonderful, etc.)"
hungry,饿,è,adj.,我饿了，想吃点东西。,
我饿了，想吃点东西。,I'm hungry and want something to eat.,饿,è,adj.,hungry
ear,耳朵,ěrduo,n.,我的耳朵有点疼，要去医院看看。,
我的耳朵有点疼，要去医院看看。,"My ears hurt a little, I have to go to the hospital to see.",耳朵,ěrduo,n.,ear
send,发,fā,v.,你给我发电子邮件了吗？,
你给我发电子邮件了吗？,Did you email me?,发,fā,v.,send
have a fever,发烧,fāshāo,v.,我身体不舒服，发烧了。,
我身体不舒服，发烧了。,I'm not feeling well and have a fever.,发烧,fāshāo,v.,have a fever
find out; discover,发现,fāxiàn,v.,我发现他瘦了很多。,
我发现他瘦了很多。,I found that he had lost a lot of weight.,发现,fāxiàn,v.,find out; discover
convenient,方便,fāngbiàn,adj.,我坐地铁去上班很方便。,
我坐地铁去上班很方便。,It is very convenient for me to go to work by subway.,方便,fāngbiàn,adj.,convenient
put; place,放,fàng,v.,把书放在桌子上吧。,
把书放在桌子上吧。,Put the book on the table.,放,fàng,v.,put; place
be assured,放心,fàngxīn,v.,请放心，我会把事情办好的。,
请放心，我会把事情办好的。,"Don't worry, I'll get things done.",放心,fàngxīn,v.,be assured
minute,分,fēn,num.,现在 8 点 30分。,
现在 8 点 30分。,It's 8:30.,分,fēn,num.,minute
mark; grade; score,分,fēn,n.,这次考试，我得了 85分。,
这次考试，我得了 85分。,"This exam, I got 85 points.",分,fēn,n.,mark; grade; score
split; separate,分,fēn,v.,这个苹果被分成了两块儿。,
这个苹果被分成了两块儿。,This apple is divided into two pieces.,分,fēn,v.,split; separate
nearby; neighbour; vicinity; proximity,附近,fùjìn,n.,他家就住在公司附近。,
他家就住在公司附近。,[Translation error],附近,fùjìn,n.,nearby; neighbour; vicinity; proximity
review,复习,fùxí,v.,考试前要好好地复习。,
考试前要好好地复习。,Review carefully before the exam.,复习,fùxí,v.,review
clean,干净,gānjìng,adj.,我把衣服洗干净了。,
我把衣服洗干净了。,I washed my clothes.,干净,gānjìng,adj.,clean
have/catch a cold,感冒,gǎnmào,v.,我感冒了，要吃点儿药。,
我感冒了，要吃点儿药。,I have a cold and need some medicine.,感冒,gǎnmào,v.,have/catch a cold
interest; taste,感兴趣,gǎnxìngqù,v.,小王对音乐很感兴趣。,
小王对音乐很感兴趣。,Wang was very interested in music.,感兴趣,gǎnxìngqù,v.,interest; taste
a moment ago; just now,刚才,gāngcái,n.,刚才是谁来的电话？,
刚才是谁来的电话？,Who just called?,刚才,gāngcái,n.,a moment ago; just now
height,个子,gèzi,n.,哥哥比我个子高。,
哥哥比我个子高。,My brother is taller than me.,个子,gèzi,n.,height
on the basis of; according to,根据,gēnjù,prep.,请根据这篇文章谈一谈自己的想法。,
请根据这篇文章谈一谈自己的想法。,Please share your thoughts based on this article.,根据,gēnjù,prep.,on the basis of; according to
basis; cause; foundation,根据,gēnjù,n.,他这么说，是有根据的。,
他这么说，是有根据的。,There was a reason for him to say so.,根据,gēnjù,n.,basis; cause; foundation
follow,跟,gēn,v.,散步的时候，小狗一直跟在我身后。,
散步的时候，小狗一直跟在我身后。,The puppy kept following me as I walked.,跟,gēn,v.,follow
with,跟,gēn,prep.,姐姐跟妈妈一起去公园了。,
姐姐跟妈妈一起去公园了。,My sister went to the park with my mother.,跟,gēn,prep.,with
more,更,gèng,adv.,他比我更喜欢游泳。,
他比我更喜欢游泳。,He likes swimming more than I do.,更,gèng,adv.,more
kilogram,公斤,gōngjīn,nm.,我买了一公斤鸡蛋。,
我买了一公斤鸡蛋。,I bought a kilo of eggs.,公斤,gōngjīn,nm.,kilogram
park,公园,gōngyuán,n.,我家附近有个公园，我常去那里散步。,
我家附近有个公园，我常去那里散步。,There is a park near my house where I often go for a walk.,公园,gōngyuán,n.,park
story,故事,gùshi,n.,睡觉前，我都给女儿讲故事。,
睡觉前，我都给女儿讲故事。,"Before I go to bed, I tell my daughter stories.",故事,gùshi,n.,story
blow (of wind),刮风,guāfēng,n.,今天刮风了，别骑自行车了。,
今天刮风了，别骑自行车了。,"It's windy today, don't ride a bike.",刮风,guāfēng,n.,blow (of wind)
close; turn off,关,guān,v.,他关上了门。 我把电视关了。,
他关上了门。 我把电视关了。,He closed the door. I turned off the TV.,关,guān,v.,close; turn off
relation; relationship,关系,guānxì,n.,这件事和她没有关系。,
这件事和她没有关系。,It had nothing to do with her.,关系,guānxì,n.,relation; relationship
care for; be concerned for,关心,guānxīn,v.,爸爸很关心我的学习。,
爸爸很关心我的学习。,Dad cares about my studies.,关心,guānxīn,v.,care for; be concerned for
concern; consideration,关心,guānxīn,n.,谢谢你的关心，我的身体好多了。,
谢谢你的关心，我的身体好多了。,"Thank you for your concern, my body is much better.",关心,guānxīn,n.,concern; consideration
with regard to,关于,guānyú,prep.,关于这个问题，我们还要再想一想。,
关于这个问题，我们还要再想一想。,Let's think about this again.,关于,guānyú,prep.,with regard to
country,国家,guójiā,n.,我爱旅游，去过几十个国家。,
我爱旅游，去过几十个国家。,I love to travel and have been to dozens of countries.,国家,guójiā,n.,country
live; pass,过,guò,v.,今天我过生日，朋友们都来了。,
今天我过生日，朋友们都来了。,Today is my birthday and all my friends are here.,过,guò,v.,live; pass
spend the time; pass the time,过,guò,v.,时间过得真快，要过春节了。,
时间过得真快，要过春节了。,"The time is passing so fast, it's going to be the Spring Festival.",过,guò,v.,spend the time; pass the time
in the past,过去,guòqù,n.,奶奶经常给我讲过去的事情。,
奶奶经常给我讲过去的事情。,Grandma often told me about the past.,过去,guòqù,n.,in the past
still; all the same,还是,háishì,adv.,我还是在北京，没去其他地方。,
我还是在北京，没去其他地方。,I'm still in Beijing and haven't been anywhere else.,还是,háishì,adv.,still; all the same
had better,还是,háishì,adv.,你还是吃点儿水果吧，别喝啤酒了。,
你还是吃点儿水果吧，别喝啤酒了。,Eat some fruit and stop drinking beer.,还是,háishì,adv.,had better
or,还是,háishì,adv.,你是开车去还是坐公共汽车去？,
你是开车去还是坐公共汽车去？,Are you going by car or by bus?,还是,háishì,adv.,or
be afraid; be frightened,害怕,hàipà,v.,我害怕一个人晚上出门。,
我害怕一个人晚上出门。,I am afraid to go out alone at night.,害怕,hàipà,v.,be afraid; be frightened
flight; scheduled flight,航班,hángbān,n.,各位顾客，欢迎您乘坐我们的航班。,
各位顾客，欢迎您乘坐我们的航班。,"Ladies and gentlemen, welcome aboard our flight.",航班,hángbān,n.,flight; scheduled flight
blackboard,黑板,hēibǎn,n.,请大家看黑板。,
请大家看黑板。,Please look at the blackboard.,黑板,hēibǎn,n.,blackboard
later; afterwards,后来,hòulái,adv.,后来我再也没见过他。,
后来我再也没见过他。,I never saw him again.,后来,hòulái,adv.,later; afterwards
passport,护照,hùzhào,n.,你的护照办好了吗？,
你的护照办好了吗？,Is your passport ready?,护照,hùzhào,n.,passport
spend,花,huā,v.,今天我花了不少钱。,
今天我花了不少钱。,I spent a lot of money today.,花,huā,v.,spend
flower,花,huā,n.,今天是妈妈的生日，我们送一些花给她吧。,
今天是妈妈的生日，我们送一些花给她吧。,"Today is my mom's birthday, let's send her some flowers.",花,huā,n.,flower
draw; paint,画,huà,v.,我从小就喜欢画画儿。,
我从小就喜欢画画儿。,I've loved painting since I was a kid.,画,huà,v.,draw; paint
picture; drawing; painting,画,huà,n.,他的画儿很受大家欢迎。,
他的画儿很受大家欢迎。,His paintings are very popular with everyone.,画,huà,n.,picture; drawing; painting
bad; evil,坏,huài,adj.,面包很新鲜，没有坏。,
面包很新鲜，没有坏。,The bread is fresh and not broken.,坏,huài,adj.,bad; evil
terrible; badly,坏,huài,int.,坏了，我忘记带护照了。,
坏了，我忘记带护照了。,"Oh no, I forgot my passport.",坏,huài,int.,terrible; badly
return sth to the owner,还,huán,v.,我把书还给图书馆了。,
我把书还给图书馆了。,I returned the book to the library.,还,huán,v.,return sth to the owner
environment; condition; circumstance,环境,huánjìng,n.,这里的环境很不错，在这里住很舒服。,
这里的环境很不错，在这里住很舒服。,The environment here is very nice and comfortable to stay here.,环境,huánjìng,n.,environment; condition; circumstance
change,换,huàn,v.,你等我一下，我去换件衣服。,
你等我一下，我去换件衣服。,"Wait for me, I'll go change.",换,huàn,v.,change
exchange money,换,huàn,v.,我去银行换点儿钱。,
我去银行换点儿钱。,I'll go to the bank and change some money.,换,huàn,v.,exchange money
the Yellow River,黄河,Huánghé,n.,黄河是中国的第二大河。,
黄河是中国的第二大河。,The Yellow River is the second largest river in China.,黄河,Huánghé,n.,the Yellow River
meeting,会议,huìyì,n.,我们下午有个会议。,
我们下午有个会议。,We have a meeting in the afternoon.,会议,huìyì,n.,meeting
or,或者,huòzhě,conj.,你去，或者我去，都可以。,
你去，或者我去，都可以。,"You can go, or I can go.",或者,huòzhě,conj.,or
nearly; almost,几乎,jīhū,adv.,我感动得几乎要流泪了。,
我感动得几乎要流泪了。,I was almost moved to tears.,几乎,jīhū,adv.,nearly; almost
chance; opportunity,机会,jīhuì,n.,我希望有机会参加比赛。,
我希望有机会参加比赛。,I would like the opportunity to participate in the competition.,机会,jīhuì,n.,chance; opportunity
extremely; exceedingly,极,jí,adv.,他对音乐极感兴趣。 今天的节目好看极了。,
他对音乐极感兴趣。 今天的节目好看极了。,He is very interested in music. Today's show was fantastic.,极,jí,adv.,extremely; exceedingly
remember; learn by heart,记得,jìde,v.,我不记得他住在哪儿了。,
我不记得他住在哪儿了。,I don't remember where he lives.,记得,jìde,v.,remember; learn by heart
season,季节,jìjié,n.,一年有四个季节。,
一年有四个季节。,There are four seasons in a year.,季节,jìjié,n.,season
inspect; check; examine,检查,jiǎnchá,v.,你去医院检查一下身体吧。,
你去医院检查一下身体吧。,Go to the hospital and have your body checked.,检查,jiǎnchá,v.,inspect; check; examine
easy; simple,简单,jiǎndān,adj.,这些题对他来说很简单。,
这些题对他来说很简单。,These questions are simple for him.,简单,jiǎndān,adj.,easy; simple
meet,见面,jiànmiàn,v.,上次和他见面，已经是去年了。,
上次和他见面，已经是去年了。,The last time I saw him was last year.,见面,jiànmiàn,v.,meet
healthy,健康,jiànkāng,adj.,爸爸的身体特别健康。,
爸爸的身体特别健康。,Dad is particularly healthy.,健康,jiànkāng,adj.,healthy
speak; tell,讲,jiǎng,v.,李老师的课讲得很有趣。,
李老师的课讲得很有趣。,Teacher Li's lecture was very interesting.,讲,jiǎng,v.,speak; tell
descend; land,降落,jiàngluò,v.,飞机马上就要降落了。,
飞机马上就要降落了。,The plane is about to land.,降落,jiàngluò,v.,descend; land
tenth of one Yuan (money),角,jiǎo,nm.,桌子上有五角钱。,
桌子上有五角钱。,There are pennies on the table.,角,jiǎo,nm.,tenth of one Yuan (money)
corner,角,jiǎo,n.,房间的一角放了很多书。,
房间的一角放了很多书。,There are many books in the corner of the room.,角,jiǎo,n.,corner
foot,脚,jiǎo,n.,妹妹脚上穿着漂亮的红皮鞋。,
妹妹脚上穿着漂亮的红皮鞋。,My sister wears beautiful red leather shoes on her feet.,脚,jiǎo,n.,foot
teach,教,jiāo,v.,李老师教我们数学。,
李老师教我们数学。,Teacher Li taught us mathematics.,教,jiāo,v.,teach
accept; receive,接,jiē,v.,下午我去机场接你。,
下午我去机场接你。,I'll pick you up at the airport in the afternoon.,接,jiē,v.,accept; receive
go on,接,jiē,v.,他看了看表，躺下接着睡觉。,
他看了看表，躺下接着睡觉。,"He looked at his watch, lay down and went to sleep.",接,jiē,v.,go on
street,街道,jiēdào,n.,这条街道很长，有四千多米。,
这条街道很长，有四千多米。,"The street is very long, more than 4,000 meters long.",街道,jiēdào,n.,street
show; performance; program,节目,jiémù,n.,今天我们一共演出 12 个节目。,
今天我们一共演出 12 个节目。,Today we have a total of 12 shows.,节目,jiémù,n.,show; performance; program
holiday; festival,节日,jiérì,n.,祝大家节日快乐！,
祝大家节日快乐！,Happy Holidays!,节日,jiérì,n.,holiday; festival
get married,结婚,jiéhūn,v.,我们结婚10 年了。,
我们结婚10 年了。,We've been married for 10 years.,结婚,jiéhūn,v.,get married
stop; finish; end; terminate,结束,jiéshù,v.,会议马上就要结束了。,
会议马上就要结束了。,The meeting is almost over.,结束,jiéshù,v.,stop; finish; end; terminate
solve or resolve a problem or an issue,解决,jiějué,v.,这个问题你打算怎么解决？,
这个问题你打算怎么解决？,How do you plan to solve this problem?,解决,jiějué,v.,solve or resolve a problem or an issue
borrow; lend,借,jiè,v.,我从图书馆借了三本书。,
我从图书馆借了三本书。,I borrowed three books from the library.,借,jiè,v.,borrow; lend
often,经常,jīngcháng,adv.,我经常在学校遇到他。,
我经常在学校遇到他。,I often met him at school.,经常,jīngcháng,adv.,often
pass through / by,经过,jīngguò,v.,上下班的时候，我都要经过这条街道。,
上下班的时候，我都要经过这条街道。,"When I go to work, I have to go through this street.",经过,jīngguò,v.,pass through / by
through; under,经过,jīngguò,prep.,经过你这么一说，我终于明白了。,
经过你这么一说，我终于明白了。,"After what you said, I finally understood.",经过,jīngguò,prep.,through; under
manager,经理,jīnglǐ,n.,他是我们公司的经理。,
他是我们公司的经理。,He is the manager of our company.,经理,jīnglǐ,n.,manager
old; for a long time,久,jiǔ,adj.,这个问题我想了很久才明白。,
这个问题我想了很久才明白。,It took me a long time to understand this question.,久,jiǔ,adj.,old; for a long time
old; worn,旧,jiù,adj.,这件衣服穿了两年，已经旧了。,
这件衣服穿了两年，已经旧了。,This dress has been worn for two years and is old.,旧,jiù,adj.,old; worn
sentence,句子,jùzi,n.,请用这些词语说几个句子。,
请用这些词语说几个句子。,Please use these words to say a few sentences.,句子,jùzi,n.,sentence
decide; determine,决定,juédìng,v.,这件事是经理决定的。,
这件事是经理决定的。,This was decided by the manager.,决定,juédìng,v.,decide; determine
decision; determination; resolution,决定,juédìng,n.,他已经做出了决定。,
他已经做出了决定。,He has made his decision.,决定,juédìng,n.,decision; determination; resolution
cute; lovable; likeable,可爱,kě’ài,adj.,你的儿子真可爱。,
你的儿子真可爱。,Your son is so cute.,可爱,kě’ài,adj.,cute; lovable; likeable
thirsty,渴,kě,adj.,我渴了，想喝点儿水。,
我渴了，想喝点儿水。,I'm thirsty and want some water.,渴,kě,adj.,thirsty
quarter of an hour; 15 minutes,刻,kè,n.,现在是三点一刻。,
现在是三点一刻。,It was three o'clock.,刻,kè,n.,quarter of an hour; 15 minutes
guest,客人,kèrén,n.,春节的时候，家里会来很多客人。,
春节的时候，家里会来很多客人。,"During the Spring Festival, there will be many guests at home.",客人,kèrén,n.,guest
air conditioner,空调,kōngtiáo,n.,太热了，请把空调打开。,
太热了，请把空调打开。,"It's too hot, please turn on the air conditioner.",空调,kōngtiáo,n.,air conditioner
used for people and some animals,口,kǒu,nm.,我们家一共三口人。,
我们家一共三口人。,We are a family of three.,口,kǒu,nm.,used for people and some animals
mouth,口,kǒu,n.,想学好外语，要多开口说。,
想学好外语，要多开口说。,"If you want to learn a foreign language well, talk more.",口,kǒu,n.,mouth
cry; weep,哭,kū,v.,孩子又哭了起来。,
孩子又哭了起来。,The child cried again.,哭,kū,v.,cry; weep
trousers; pants,裤子,kùzi,n.,这条裤子有点儿短。,
这条裤子有点儿短。,These pants are a bit short.,裤子,kùzi,n.,trousers; pants
chopsticks,筷子,kuàizi,n.,我来中国 1 个月了，已经会用筷子了。,
我来中国 1 个月了，已经会用筷子了。,I have been in China for 1 month and already use chopsticks.,筷子,kuàizi,n.,chopsticks
blue,蓝,lán,adj.,这条蓝裙子你喜欢吗？,
这条蓝裙子你喜欢吗？,Do you like this blue dress?,蓝,lán,adj.,blue
aged; old,老,lǎo,adj.,爷爷六十岁了，但是看起来一点儿也不老。,
爷爷六十岁了，但是看起来一点儿也不老。,"Grandpa was 60 years old, but he didn't look old at all.",老,lǎo,adj.,aged; old
leave; to be away from; part from; separate from,离开,líkāi,v.,下个月我要离开一段时间，你好好照顾自己。,
下个月我要离开一段时间，你好好照顾自己。,"I'm leaving for a while next month, so take care of yourself.",离开,líkāi,v.,leave; to be away from; part from; separate from
present; gift,礼物,lǐwù,n.,过生日的时候，我收到了很多礼物。,
过生日的时候，我收到了很多礼物。,I got a lot of presents for my birthday.,礼物,lǐwù,n.,present; gift
history,历史,lìshǐ,n.,这个房子差不多有 300 年的历史了。,
这个房子差不多有 300 年的历史了。,The house is almost 300 years old.,历史,lìshǐ,n.,history
face,脸,liǎn,n.,女儿的脸圆圆的，很可爱。,
女儿的脸圆圆的，很可爱。,Her daughter's face was round and cute.,脸,liǎn,n.,face
practice,练习,liànxí,v.,学过的东西，要多练习才能记住。,
学过的东西，要多练习才能记住。,"What you have learned, you need to practice more to remember.",练习,liànxí,v.,practice
exercise,练习,liànxí,n.,同学们，下面我们开始做练习。,
同学们，下面我们开始做练习。,"Class, let's start with the exercises.",练习,liànxí,n.,exercise
used for automobiles,辆,liàng,nm.,这辆车，是我新买的。,
这辆车，是我新买的。,This car is new to me.,辆,liàng,nm.,used for automobiles
chat,聊天,liáotiān,sv.,我们经常在网上聊天。,
我们经常在网上聊天。,We often chat online.,聊天,liáotiān,sv.,chat
know; understand; comprehend,了解,liǎojiě,v.,我对她了解得不多。,
我对她了解得不多。,I don't know much about her.,了解,liǎojiě,v.,know; understand; comprehend
neighbor,邻居,línjū,n.,我跟邻居们的关系非常好。,
我跟邻居们的关系非常好。,I have a very good relationship with my neighbors.,邻居,línjū,n.,neighbor
study in a foreign country,留学,liúxué,v.,我哥哥在中国留学。,
我哥哥在中国留学。,My brother studied in China.,留学,liúxué,v.,study in a foreign country
building,楼,lóu,n.,我在你家楼下等你。,
我在你家楼下等你。,I'll wait for you downstairs at your house.,楼,lóu,n.,building
green,绿,lǜ,adj.,春天来了，树和草都绿了。,
春天来了，树和草都绿了。,Spring came and the trees and grass were green.,绿,lǜ,adj.,green
horse,马,mǎ,n.,我们学会骑马了。,
我们学会骑马了。,We learned to ride.,马,mǎ,n.,horse
immediately; at once,马上,mǎshàng,adv.,我马上就到学校，你再等我几分钟。,
我马上就到学校，你再等我几分钟。,I'll be at school in a few minutes.,马上,mǎshàng,adv.,immediately; at once
be satisfied,满意,mǎnyì,v.,经理对他很满意。,
经理对他很满意。,The manager is happy with him.,满意,mǎnyì,v.,be satisfied
hat; cap,帽子,màozi,n.,这个帽子太小了，有大一点儿的吗？,
这个帽子太小了，有大一点儿的吗？,"This hat is too small, is there a bigger one?",帽子,màozi,n.,hat; cap
meter,米,mǐ,nm.,这张桌子有两米长。,
这张桌子有两米长。,This table is two meters long.,米,mǐ,nm.,meter
bread,面包,miànbāo,n.,面包已经卖完了。,
面包已经卖完了。,The bread is sold out.,面包,miànbāo,n.,bread
noodle,面条,miàntiáo,n.,服务员，我要一碗面条。,
服务员，我要一碗面条。,"Waiter, I want a bowl of noodles.",面条,miàntiáo,n.,noodle
know; understand,明白,míngbai,v.,我明白你的意思了。,
我明白你的意思了。,"Yeah, I get it...",明白,míngbai,v.,know; understand
plain; explicit; clear,明白,míngbai,adj.,他说得很明白，我懂了。,
他说得很明白，我懂了。,"He made himself clear, I see.",明白,míngbai,adj.,plain; explicit; clear
hold; take,拿,ná,v.,你手里拿的是什么？,
你手里拿的是什么？,What do you have in your hand?,拿,ná,v.,hold; take
grandmother,奶奶,nǎinai,n.,我奶奶住在北京。,
我奶奶住在北京。,My grandmother lives in Beijing.,奶奶,nǎinai,n.,grandmother
south,南,nán,n.,我家在火车站的南边。,
我家在火车站的南边。,My house is on the south side of the train station.,南,nán,n.,south
difficult; hard,难,nán,adj.,这个题很难。,
这个题很难。,This is a difficult question.,难,nán,adj.,difficult; hard
have a hard time,难过,nánguò,v.,他要离开了，我很难过。,
他要离开了，我很难过。,I'm sorry he's leaving.,难过,nánguò,v.,have a hard time
grade (in the primary or middle school); year (in college or university),年级,niánjí,n.,我儿子现在上三年级。,
我儿子现在上三年级。,My son is in third grade.,年级,niánjí,n.,grade (in the primary or middle school); year (in college or university)
young,年轻,niánqīng,adj.,妈妈 50 岁了，看起来还很年轻。,
妈妈 50 岁了，看起来还很年轻。,Mom is 50 years old and still looks young.,年轻,niánqīng,adj.,young
bird,鸟,niǎo,n.,树上有很多鸟在唱歌。,
树上有很多鸟在唱歌。,There are many birds singing in the trees.,鸟,niǎo,n.,bird
hard-working; diligent,努力,nǔlì,adj.,学生们学习很努力。,
学生们学习很努力。,Students study hard.,努力,nǔlì,adj.,hard-working; diligent
climb mountains,爬 ft,páshān,v.,我们决定明天去爬 ft。,
我们决定明天去爬 ft。,We decided to go climbing ft tomorrow.,爬 ft,páshān,v.,climb mountains
tray; plate; dish,盘子,pánzi,n.,盘子里有鱼，请吃吧。,
盘子里有鱼，请吃吧。,"There is fish on the plate, please eat it.",盘子,pánzi,n.,tray; plate; dish
fat,胖,pàng,adj,熊猫很胖，很可爱。,
熊猫很胖，很可爱。,The panda is fat and cute.,胖,pàng,adj,fat
get fat,胖,pàng,v.,这个月我胖了五斤多。,
这个月我胖了五斤多。,I gained more than five pounds this month.,胖,pàng,v.,get fat
leather shoes,皮鞋,píxié,n.,他穿着一双黑色的皮鞋。,
他穿着一双黑色的皮鞋。,He was wearing a pair of black leather shoes.,皮鞋,píxié,n.,leather shoes
beer,啤酒,píjiǔ,n.,爸爸爱喝啤酒。,
爸爸爱喝啤酒。,Dad likes to drink beer.,啤酒,píjiǔ,n.,beer
Mandarin Chinese,普通话,pǔtōnghuà,n.,你的普通话说得很好。,
你的普通话说得很好。,You speak Mandarin very well.,普通话,pǔtōnghuà,n.,Mandarin Chinese
actually; in fact; as a matter of fact,其实,qíshí,adv.,我其实不太了解他。,
我其实不太了解他。,I don't really know him.,其实,qíshí,adv.,actually; in fact; as a matter of fact
other; else,其他,qítā,pron.,只有小明在教室里，其他人都回家了。,
只有小明在教室里，其他人都回家了。,"Only Xiao Ming was in the classroom, and everyone else went home.",其他,qítā,pron.,other; else
odd; queer; strange; unusual; peculiar,奇怪,qíguài,adj.,我觉得这个问题很奇怪。,
我觉得这个问题很奇怪。,I find this question odd.,奇怪,qíguài,adj.,odd; queer; strange; unusual; peculiar
ride (an animal or bicycle); sit on the back of,骑,qí,v.,今天我骑自行车去学校。,
今天我骑自行车去学校。,Today I went to school by bicycle.,骑,qí,v.,ride (an animal or bicycle); sit on the back of
(of aircraft) take off; lift off; launch,起飞,qǐfēi,v.,各位乘客，飞机马上就要起飞了。,
各位乘客，飞机马上就要起飞了。,"Ladies and gentlemen, the plane is about to take off.",起飞,qǐfēi,v.,(of aircraft) take off; lift off; launch
clear; distinct,清楚,qīngchu,adj.,他把这件事儿说得很清楚了。,
他把这件事儿说得很清楚了。,He made it very clear.,清楚,qīngchu,adj.,clear; distinct
be clear about; understand,清楚,qīngchu,v.,你清楚这句话的意思吗？,
你清楚这句话的意思吗？,Do you know what that means?,清楚,qīngchu,v.,be clear about; understand
fall; autumn,秋,qiū,n.,秋天最舒服，不冷也不热。,
秋天最舒服，不冷也不热。,"Autumn is the most comfortable, neither cold nor hot.",秋,qiū,n.,fall; autumn
skirt,裙子,qúnzi,n.,姐姐穿着漂亮的裙子。,
姐姐穿着漂亮的裙子。,My sister is wearing a beautiful dress.,裙子,qúnzi,n.,skirt
then; after that; afterwards,然后,ránhòu,conj.,我要先写完作业，然后再看电视。,
我要先写完作业，然后再看电视。,I have to finish my homework before I watch TV.,然后,ránhòu,conj.,then; after that; afterwards
fervent; warm,热情,rèqíng,adj.,我们热情地欢迎客人。,
我们热情地欢迎客人。,We warmly welcome our guests.,热情,rèqíng,adj.,fervent; warm
think; consider,认为,rènwéi,v.,你认为他会来吗？,
你认为他会来吗？,Do you think he'll come?,认为,rènwéi,v.,think; consider
conscientious; earnest; serious,认真,rènzhēn,adj.,这个同学学习很认真，很努力。,
这个同学学习很认真，很努力。,This classmate studied very seriously and worked very hard.,认真,rènzhēn,adj.,conscientious; earnest; serious
easy; ready,容易,róngyì,adj.,这个问题很容易回答。,
这个问题很容易回答。,This question is easy to answer.,容易,róngyì,adj.,easy; ready
if; in case; in the event of; supposing that,如果,rúguǒ,conj.,如果你去，我就和你一起去。,
如果你去，我就和你一起去。,"If you go, I'll go with you.",如果,rúguǒ,conj.,if; in case; in the event of; supposing that
umbrella,伞,sǎn,n.,下雨了，别忘了带伞。,
下雨了，别忘了带伞。,"It's raining, don't forget your umbrella.",伞,sǎn,n.,umbrella
get online,上网,shàngwǎng,v.,我上网去看看新闻。,
我上网去看看新闻。,I go online to check the news.,上网,shàngwǎng,v.,get online
take offence; be/get angry; be offended,生气,shēngqì,v.,请别生气，是我错了，对不起。,
请别生气，是我错了，对不起。,"Please don't be angry, it was my fault, I'm sorry.",生气,shēngqì,v.,take offence; be/get angry; be offended
sound; voice,声音,shēngyīn,n.,你听，这是什么声音？,
你听，这是什么声音？,"Listen, what's that noise?",声音,shēngyīn,n.,sound; voice
the world; the earth; the globe; the universe,世界,shìjiè,n.,世界上有很多国家。,
世界上有很多国家。,There are many countries in the world.,世界,shìjiè,n.,the world; the earth; the globe; the universe
try,试,shì,v.,我想试一下那件红色的。,
我想试一下那件红色的。,I want to try the red one.,试,shì,v.,try
thin; emaciated; lean,瘦,shòu,adj.,姐姐现在很瘦，只有 45 公斤。,
姐姐现在很瘦，只有 45 公斤。,"Sister is very thin now, only 45 kilograms.",瘦,shòu,adj.,thin; emaciated; lean
become thin,瘦,shòu,v.,这个月我瘦了三斤。,
这个月我瘦了三斤。,I lost three pounds this month.,瘦,shòu,v.,become thin
uncle (referring to a man younger than one’s father),叔叔,shūshu,n.,叔叔，你喜欢这本书吗？,
叔叔，你喜欢这本书吗？,"Uncle, do you like this book?",叔叔,shūshu,n.,uncle (referring to a man younger than one’s father)
pleased; comfortable,舒服,shūfu,adj.,坐在这里，真舒服。,
坐在这里，真舒服。,Comfortable sitting here.,舒服,shūfu,adj.,pleased; comfortable
tree,树,shù,n.,我们学校里有很多树。,
我们学校里有很多树。,We have a lot of trees in our school.,树,shù,n.,tree
mathematics,数学,shùxué,n.,我的数学成绩很好。,
我的数学成绩很好。,I have good math results.,数学,shùxué,n.,mathematics
clean one's teeth; brush one's teeth,刷牙,shuāyá,v.,睡觉前要刷牙。,
睡觉前要刷牙。,Brush your teeth before going to bed.,刷牙,shuāyá,v.,clean one's teeth; brush one's teeth
pair; couple,双,shuāng,nm.,我今天想去买双鞋。,
我今天想去买双鞋。,I want to buy a pair of shoes today.,双,shuāng,nm.,pair; couple
"standard; level (of skill, ability and knowledge, etc.)",水平,shuǐpíng,n.,他的汉语水平很高。,
他的汉语水平很高。,He has a high level of Chinese.,水平,shuǐpíng,n.,"standard; level (of skill, ability and knowledge, etc.)"
driver,司机,sījī,n.,这位司机开出租车 5 年多了。,
这位司机开出租车 5 年多了。,This driver has been driving a taxi for over 5 years.,司机,sījī,n.,driver
the Sun,太阳,tàiyáng,n.,你看，太阳出来了。,
你看，太阳出来了。,"Look, the sun is out.",太阳,tàiyáng,n.,the Sun
very; exceptionally; particularly; specially,特别,tèbié,adv.,我特别想跟你一起去。,
我特别想跟你一起去。,I especially want to go with you.,特别,tèbié,adv.,very; exceptionally; particularly; specially
special; unusual; particular; out of the ordinary,特别,tèbié,adj,这个菜的做法很特别。,
这个菜的做法很特别。,This dish is very special.,特别,tèbié,adj,special; unusual; particular; out of the ordinary
ache; hurt,疼,téng,adj.,我的腿有点儿疼。,
我的腿有点儿疼。,My legs hurt a little.,疼,téng,adj.,ache; hurt
lift; raise; heighten; enhance; increase; improve; advance,提高,tígāo,v.,你数学成绩提高了不少。,
你数学成绩提高了不少。,Your math scores have improved a lot.,提高,tígāo,v.,lift; raise; heighten; enhance; increase; improve; advance
development; increase,提高,tígāo,n.,人们的生活水平有了很大的提高。,
人们的生活水平有了很大的提高。,People's living standards have improved greatly.,提高,tígāo,n.,development; increase
sports; sports activities,体育,tǐyù,n.,我很喜欢体育运动。,
我很喜欢体育运动。,I love sports.,体育,tǐyù,n.,sports; sports activities
sweet,甜,tián,adj.,这个西瓜真甜啊！,
这个西瓜真甜啊！,This watermelon is so sweet!,甜,tián,adj.,sweet
used for long and slender things,条,tiáo,nm.,这条裤子有点儿长。,
这条裤子有点儿长。,These pants are a bit long.,条,tiáo,nm.,used for long and slender things
colleague,同事,tóngshì,n.,这是我们的新同事，李华。,
这是我们的新同事，李华。,"This is our new colleague, Li Hua.",同事,tóngshì,n.,colleague
agree; approve; assent to; consent to; accede to,同意,tóngyì,v.,我不太同意他的想法。,
我不太同意他的想法。,I don't quite agree with him.,同意,tóngyì,v.,agree; approve; assent to; consent to; accede to
hair,头发,tóufa,n.,妈妈的头发又黑又亮。,
妈妈的头发又黑又亮。,Mom's hair was black and shiny.,头发,tóufa,n.,hair
sudden; abrupt; unexpected,突然,tūrán,adj.,他突然站了起来。,
他突然站了起来。,He suddenly stood up.,突然,tūrán,adj.,sudden; abrupt; unexpected
suddenly; abruptly; unexpectedly,突然,tūrán,adv.,小狗突然跑了出来。,
小狗突然跑了出来。,The puppy suddenly ran out.,突然,tūrán,adv.,suddenly; abruptly; unexpectedly
library,图书馆,túshūguǎn,n.,我从图书馆借来了两本书。,
我从图书馆借来了两本书。,I borrowed two books from the library.,图书馆,túshūguǎn,n.,library
leg,腿,tuǐ,n.,你的腿还疼吗？,
你的腿还疼吗？,Does your leg still hurt?,腿,tuǐ,n.,leg
accomplish; complete; finish; achieve; fulfill,完成,wánchéng,v.,这件事，在周末前必须完成。,
这件事，在周末前必须完成。,This must be done by the end of the week.,完成,wánchéng,v.,accomplish; complete; finish; achieve; fulfill
bowl,碗,wǎn,n.,把米饭放在这个碗里吧。,
把米饭放在这个碗里吧。,Put the rice in this bowl.,碗,wǎn,n.,bowl
a bowl of,碗,wǎn,nm.,我吃一碗就可以了。,
我吃一碗就可以了。,I'll just eat a bowl.,碗,wǎn,nm.,a bowl of
ten thousand,万,wàn,num.,我们学校有一万名学生。,
我们学校有一万名学生。,"Our school has 10,000 students.",万,wàn,num.,ten thousand
"forget; erase; drop (or fade, slip) from memory; go out of one's mind",忘记,wàngjì,v.,我忘记今天是他的生日了。,
我忘记今天是他的生日了。,I forgot it was his birthday.,忘记,wàngjì,v.,"forget; erase; drop (or fade, slip) from memory; go out of one's mind"
for,为,wèi,prep.,这些菜都是为你准备的。,
这些菜都是为你准备的。,These dishes are prepared for you.,为,wèi,prep.,for
for,为了,wèile,prep.,为了身体健康，我每天都去运动。,
为了身体健康，我每天都去运动。,"For the sake of my health, I exercise every day.",为了,wèile,prep.,for
used for people,位,wèi,nm.,他真是一位好老师。,
他真是一位好老师。,He is such a good teacher.,位,wèi,nm.,used for people
culture; civilization,文化,wénhuà,n.,我对中国文化很感兴趣。,
我对中国文化很感兴趣。,I am very interested in Chinese culture.,文化,wénhuà,n.,culture; civilization
west,西,xī,n.,火车站在西边，你走错了。,
火车站在西边，你走错了。,The train station is on the west side and you are on the wrong track.,西,xī,n.,west
be accustomed to; be/get used to,习惯,xíguàn,v.,他已经习惯了一个人生活。,
他已经习惯了一个人生活。,He was used to living alone.,习惯,xíguàn,v.,be accustomed to; be/get used to
habit; custom; usual practice,习惯,xíguàn,n.,饭前洗手是好习惯。,
饭前洗手是好习惯。,It is a good habit to wash your hands before meals.,习惯,xíguàn,n.,habit; custom; usual practice
toilet; washroom; bathroom,洗手间,xǐshǒujiān,n.,我去一下洗手间。,
我去一下洗手间。,I'll go to the bathroom.,洗手间,xǐshǒujiān,n.,toilet; washroom; bathroom
take a bath; bathe; take a shower,洗澡,xǐzǎo,v.,太热了，我先去洗澡。,
太热了，我先去洗澡。,"It's too hot, I'll go take a shower first.",洗澡,xǐzǎo,v.,take a bath; bathe; take a shower
summer,夏,xià,n.,今年夏天太热了。,
今年夏天太热了。,It's been too hot this summer.,夏,xià,n.,summer
first,先,xiān,adv.,你先去，我一个小时后再去。,
你先去，我一个小时后再去。,"You go first, I'll be there in an hour.",先,xiān,adv.,first
believe in; be convinced of; have faith in; place reliance on; put one's trust in,相信,xiāngxìn,v.,我完全相信你说的话。,
我完全相信你说的话。,I totally believe what you say.,相信,xiāngxìn,v.,believe in; be convinced of; have faith in; place reliance on; put one's trust in
banana,香蕉,xiāngjiāo,n.,你想吃香蕉吗？,
你想吃香蕉吗？,Do you want a banana?,香蕉,xiāngjiāo,n.,banana
to; towards,向,xiàng,prep.,向东走，就可以看到那个学校了。,
向东走，就可以看到那个学校了。,"Going east, you can see the school.",向,xiàng,prep.,to; towards
look alike,像,xiàng,v.,他长得像他爸爸。,
他长得像他爸爸。,He looks like his dad.,像,xiàng,v.,look alike
for example,像,xiàng,prep.,像校长这样的人，到哪里都很受欢迎。,
像校长这样的人，到哪里都很受欢迎。,People like the headmaster are popular everywhere.,像,xiàng,prep.,for example
take care; look out,小心,xiǎoxīn,v.,请小心，路上有很多水。,
请小心，路上有很多水。,"Please be careful, there is a lot of water on the way.",小心,xiǎoxīn,v.,take care; look out
careful,小心,xiǎoxīn,adj.,我很小心地抱起了小猫。,
我很小心地抱起了小猫。,I carefully picked up the kitten.,小心,xiǎoxīn,adj.,careful
(of a secondary or elementary school) principal; headmaster; (of a university or college) president; chancellor,校长,xiàozhǎng,n.,校长已经同意了我们的计划。,
校长已经同意了我们的计划。,The principal has agreed to our plan.,校长,xiàozhǎng,n.,(of a secondary or elementary school) principal; headmaster; (of a university or college) president; chancellor
news,新闻,xīnwén,n.,我每天晚上七点都看新闻。,
我每天晚上七点都看新闻。,I watch the news every night at 7pm.,新闻,xīnwén,n.,news
fresh,新鲜,xīnxiān,adj.,这些都是新鲜水果。,
这些都是新鲜水果。,These are fresh fruits.,新鲜,xīnxiān,adj.,fresh
credit card,信用卡,xìnyòngkǎ,n.,我想去银行办一张信用卡。,
我想去银行办一张信用卡。,I want to go to the bank to get a credit card.,信用卡,xìnyòngkǎ,n.,credit card
trunk; baggage,行李箱,xínglixiāng,n.,请把行李箱打开。,
请把行李箱打开。,Please open the suitcase.,行李箱,xínglixiāng,n.,trunk; baggage
panda,熊猫,xióngmāo,n.,我特别喜欢到动物园去看大熊猫。,
我特别喜欢到动物园去看大熊猫。,I especially like going to the zoo to see giant pandas.,熊猫,xióngmāo,n.,panda
need; claim; demand; want,需要,xūyào,v.,我们需要一些帮助。,
我们需要一些帮助。,We need some help.,需要,xūyào,v.,need; claim; demand; want
choose; select; pick,选择,xuǎnzé,v.,今年夏天你选择去哪儿旅游？,
今年夏天你选择去哪儿旅游？,Where are you traveling to this summer?,选择,xuǎnzé,v.,choose; select; pick
a choice; selection; option,选择,xuǎnzé,n.,我们需要自己做出选择。,
我们需要自己做出选择。,We need to make our own choices.,选择,xuǎnzé,n.,a choice; selection; option
ask; request; demand,要求,yāoqiú,v.,老师要求我们把这些题做完。,
老师要求我们把这些题做完。,The teacher asked us to finish these questions.,要求,yāoqiú,v.,ask; request; demand
request; demand; need,要求,yāoqiú,n.,这是爸爸对我的要求。,
这是爸爸对我的要求。,That's what Dad asked me to do.,要求,yāoqiú,n.,request; demand; need
"grandfather, also used as a title of respect for an old man",爷爷,yéye,n.,爷爷，请您坐这儿吧。,
爷爷，请您坐这儿吧。,"Grandpa, please sit here.",爷爷,yéye,n.,"grandfather, also used as a title of respect for an old man"
surely; certainly; necessarily,一定,yídìng,adv.,明天的会议，请大家一定要参加。,
明天的会议，请大家一定要参加。,"Tomorrow's meeting, please be sure to attend.",一定,yídìng,adv.,surely; certainly; necessarily
fixed; specified; regular; certain,一定,yídìng,adj,他的汉语已经有一定水平了。,
他的汉语已经有一定水平了。,He already has a certain level of Chinese.,一定,yídìng,adj,fixed; specified; regular; certain
altogether; in all; all told,一共,yígòng,adv.,我们班一共有 20 名学生。,
我们班一共有 20 名学生。,There are 20 students in our class.,一共,yígòng,adv.,altogether; in all; all told
a moment,一会儿,yíhuìr,adv.,我看一会儿电视就睡觉。,
我看一会儿电视就睡觉。,I watch TV for a while and then go to bed.,一会儿,yíhuìr,adv.,a moment
the same,一样,yíyàng,adj.,他跟爸爸长得一样。,
他跟爸爸长得一样。,He looked just like Daddy.,一样,yíyàng,adj.,the same
usually; generally; habitually; ordinarily,一般,yìbān,adv.,我一般7 点钟起床。,
我一般7 点钟起床。,I usually get up at 7 o'clock.,一般,yìbān,adv.,usually; generally; habitually; ordinarily
while; as; at the same time; simultaneously,一边,yìbiān,adv.,他喜欢一边看书，一边听音乐。,
他喜欢一边看书，一边听音乐。,He enjoys reading while listening to music.,一边,yìbiān,adv.,while; as; at the same time; simultaneously
all the time,一直,yìzhí,adv.,我一直不明白这句话的意思。,
我一直不明白这句话的意思。,I never understood what that meant.,一直,yìzhí,adv.,all the time
before (a point of time); back; ago; previously; formerly,以前,yǐqián,adv.,我们看电影以前，先去吃个饭吧。,
我们看电影以前，先去吃个饭吧。,"Before we go to the movies, let's have dinner.",以前,yǐqián,adv.,before (a point of time); back; ago; previously; formerly
music,音乐,yīnyuè,n.,她最喜欢看音乐节目。,
她最喜欢看音乐节目。,She enjoys watching music shows the most.,音乐,yīnyuè,n.,music
bank,银行,yínháng,n.,银行下午 5 点关门。,
银行下午 5 点关门。,Bank closes at 5pm.,银行,yínháng,n.,bank
beverage; drink,饮料,yǐnliào,n.,冰箱里还有饮料吗？,
冰箱里还有饮料吗？,Are there any more drinks in the fridge?,饮料,yǐnliào,n.,beverage; drink
should; have to; ought to; must,应该,yīnggāi,aux.,8 点了，应该去上班了。,
8 点了，应该去上班了。,"It's 8 o'clock, it's time to go to work.",应该,yīnggāi,aux.,should; have to; ought to; must
influence; affect; concern; work upon,影响,yǐngxiǎng,v.,请不要影响别人休息。,
请不要影响别人休息。,Please do not interfere with others' rest.,影响,yǐngxiǎng,v.,influence; affect; concern; work upon
influence; effect,影响,yǐngxiǎng,n.,环境对人有很大的影响。,
环境对人有很大的影响。,The environment has a great impact on people.,影响,yǐngxiǎng,n.,influence; effect
use,用,yòng,v.,我用了两个小时打扫房间。,
我用了两个小时打扫房间。,I spent two hours cleaning the room.,用,yòng,v.,use
game; play; recreation,游戏,yóuxì,n.,这是孩子们最喜欢玩儿的游戏。,
这是孩子们最喜欢玩儿的游戏。,This is a favorite game for kids to play.,游戏,yóuxì,n.,game; play; recreation
famous,有名,yǒumíng,adj.,这本书很有名。,
这本书很有名。,This book is famous.,有名,yǒumíng,adj.,famous
again; once more,又,yòu,adv.,我们休息了一会儿，又开始工作了。,
我们休息了一会儿，又开始工作了。,We took a break and started working again.,又,yòu,adv.,again; once more
meet,遇到,yùdào,v.,刚才我在街上遇到了张先生。,
刚才我在街上遇到了张先生。,I just met Mr. Zhang on the street.,遇到,yùdào,v.,meet
RMB Yuan,元,yuán,nm.,这块手表 600元。,
这块手表 600元。,This watch is 600 yuan.,元,yuán,nm.,RMB Yuan
be willing; wish; like; want,愿意,yuànyì,aux.,他很愿意帮助别人。,
他很愿意帮助别人。,He is very willing to help others.,愿意,yuànyì,aux.,be willing; wish; like; want
the Moon,月亮,yuèliang,n.,今晚的月亮真圆！,
今晚的月亮真圆！,The moon is round tonight!,月亮,yuèliang,n.,the Moon
the more…the more…,越,yuè,adv.,他越说越高兴。,
他越说越高兴。,"The more he said, the happier he was.",越,yuè,adv.,the more…the more…
stand,站,zhàn,v.,爸爸站在我的身边。,
爸爸站在我的身边。,Dad stood beside me.,站,zhàn,v.,stand
distance between two bus stops,站,zhàn,nm.,去火车站，坐地铁 3站就到了。,
去火车站，坐地铁 3站就到了。,"To train station, 3 stops by subway.",站,zhàn,nm.,distance between two bus stops
"used for paper, bed, table,face, etc.",张,zhāng,nm.,请给我一张纸。,
请给我一张纸。,Please give me a piece of paper.,张,zhāng,nm.,"used for paper, bed, table,face, etc."
open up,张,zhāng,v.,小女孩儿张开嘴，笑了。,
小女孩儿张开嘴，笑了。,The little girl opened her mouth and smiled.,张,zhāng,v.,open up
look after; take care,照顾,zhàogù,v.,我生病了，妈妈一直照顾我。,
我生病了，妈妈一直照顾我。,I was sick and my mom took care of me all the time.,照顾,zhàogù,v.,look after; take care
consideration; concern; care,照顾,zhàogù,n.,这些年，他给了我们很多照顾。,
这些年，他给了我们很多照顾。,"Over the years, he has given us a lot of care.",照顾,zhàogù,n.,consideration; concern; care
photo,照片,zhàopiàn,n.,这是我小时候的照片。,
这是我小时候的照片。,This is a picture of me as a kid.,照片,zhàopiàn,n.,photo
camera,照相机,zhàoxiàngjī,n.,我新买了一个照相机。,
我新买了一个照相机。,I bought a new camera.,照相机,zhàoxiàngjī,n.,camera
"one of a pair; for animals, furnitures, boats or ships",只,zhī,nm.,我有一只鞋找不到了。 树上有一只小猫。,
我有一只鞋找不到了。 树上有一只小猫。,I can't find one shoe. There was a kitten in the tree.,只,zhī,nm.,"one of a pair; for animals, furnitures, boats or ships"
only; merely; just,只,zhǐ,adv.,房间里只有我一个人。,
房间里只有我一个人。,There is only me in the room.,只,zhǐ,adv.,only; merely; just
center; middle,中间,zhōngjiān,n.,我站在中间，旁边的是我的同学。,
我站在中间，旁边的是我的同学。,"I stood in the middle, next to my classmates.",中间,zhōngjiān,n.,center; middle
Chinese language,中文,Zhōngwén,n.,我会用中文写文章。,
我会用中文写文章。,I will write the article in Chinese.,中文,Zhōngwén,n.,Chinese language
at last; finally,终于,zhōngyú,adv.,春天终于来了。,
春天终于来了。,spring has finally come!,终于,zhōngyú,adv.,at last; finally
kind; sort; type,种,zhǒng,nm.,超市里有很多种新鲜水果。,
超市里有很多种新鲜水果。,There are many kinds of fresh fruits in the supermarket.,种,zhǒng,nm.,kind; sort; type
important,重要,zhòngyào,adj.,我忘了一件重要的事情。,
我忘了一件重要的事情。,I forgot something important.,重要,zhòngyào,adj.,important
weekend,周末,zhōumò,n.,这个周末你有什么安排？,
这个周末你有什么安排？,What are your plans this weekend?,周末,zhōumò,n.,weekend
major; main,主要,zhǔyào,adj.,这本书主要讲了些什么？,
这本书主要讲了些什么？,What is the main point of this book?,主要,zhǔyào,adj.,major; main
pay attention to; to keep an eye on; take notice of,注意,zhùyì,v.,请注意安全。,
请注意安全。,please pay attention to safety,注意,zhùyì,v.,pay attention to; to keep an eye on; take notice of
worry; feel anxious,着急,zháojí,v.,遇到事情，不要着急。,
遇到事情，不要着急。,"If something happens, don't rush it.",着急,zháojí,v.,worry; feel anxious
oneself; self; one's own,自己,zìjǐ,pron.,我喜欢自己一个人旅游。,
我喜欢自己一个人旅游。,I like to travel alone.,自己,zìjǐ,pron.,oneself; self; one's own
always,总是,zǒngshì,adv.,他总是很早起床。,
他总是很早起床。,He always gets up early.,总是,zǒngshì,adv.,always
mouth,嘴,zuǐ,n.,妹妹的嘴边有一粒米。,
妹妹的嘴边有一粒米。,Sister has a grain of rice on her mouth.,嘴,zuǐ,n.,mouth
recently; of late; lately,最近,zuìjìn,adv.,我最近很忙。,
我最近很忙。,I've been busy lately.,最近,zuìjìn,adv.,recently; of late; lately
school assignment; study assignment,作业,zuòyè,n.,今天的作业你写完了吗？,
今天的作业你写完了吗？,Have you finished your homework for today?,作业,zuòyè,n.,school assignment; study assignment
an effect; an influence,作用,zuòyòng,n.,这种感冒药对我没什么作用。,
这种感冒药对我没什么作用。,This cold medicine doesn't do much for me.,作用,zuòyòng,n.,an effect; an influence
love (between a man and a woman),爱情,àiqíng,n.,这是一个感人的爱情故事。,
这是一个感人的爱情故事。,It's a moving love story.,爱情,àiqíng,n.,love (between a man and a woman)
plan in detail; arrange,安排,ānpái,v.,下午的会议，我已经安排好了。,
下午的会议，我已经安排好了。,"Afternoon meeting, I've arranged it.",安排,ānpái,v.,plan in detail; arrange
plan to do sth,安排,ānpái,n.,他的安排让大家都很满意。,
他的安排让大家都很满意。,His arrangement was very satisfactory to everyone.,安排,ānpái,n.,plan to do sth
safe,安全,ānquán,adj.,晚上开车要注意安全。,
晚上开车要注意安全。,Drive safely at night.,安全,ānquán,adj.,safe
safety,安全,ānquán,n.,请放心，我们会保证您的安全。,
请放心，我们会保证您的安全。,"Rest assured, we will keep you safe.",安全,ānquán,n.,safety
on time; on schedule; punctually,按时,ànshí,adv.,我按时完成了任务。,
我按时完成了任务。,I completed the task on time.,按时,ànshí,adv.,on time; on schedule; punctually
according to,按照,ànzhào,prep.,请按照要求把报告改一下。,
请按照要求把报告改一下。,Please make changes to the report as requested.,按照,ànzhào,prep.,according to
percent,百分之,bǎifēnzhī,prep.,任务完成百分之八十了。,
任务完成百分之八十了。,Eighty percent of the job is done.,百分之,bǎifēnzhī,prep.,percent
great; good; excellent,棒,bàng,adj,你的字写得真棒！,
你的字写得真棒！,Your handwriting is great!,棒,bàng,adj,great; good; excellent
steamed stuffed bun,包子,bāozi,n.,这家饭馆儿的包子味道非常好。,
这家饭馆儿的包子味道非常好。,The buns in this restaurant taste very good.,包子,bāozi,n.,steamed stuffed bun
protect,保护,bǎohù,v.,人们应该保护环境。,
人们应该保护环境。,People should protect the environment.,保护,bǎohù,v.,protect
guarantee; ensure; promise,保证,bǎozhèng,v.,我保证，以后不迟到了。,
我保证，以后不迟到了。,"I promise, I won't be late in the future.",保证,bǎozhèng,v.,guarantee; ensure; promise
guarantee,保证,bǎozhèng,n.,努力是取得成功的保证。,
努力是取得成功的保证。,Effort is the guarantee of success.,保证,bǎozhèng,n.,guarantee
"give your name, age, etc. in order to participate in an activity or organization; enroll;sign up",报名,bàomíng,sv.,你想报名参加运动会吗？,
你想报名参加运动会吗？,Would you like to sign up for the Games?,报名,bàomíng,sv.,"give your name, age, etc. in order to participate in an activity or organization; enroll;sign up"
hold sb or sth with one's arm(s); embrace,抱,bào,v.,他把孩子抱了起来。,
他把孩子抱了起来。,He picked up the child.,抱,bào,v.,hold sb or sth with one's arm(s); embrace
be sorry; feel apologetic; regret,抱歉,bàoqiàn,v.,非常抱歉，让您等了这么久。,
非常抱歉，让您等了这么久。,We're sorry to have kept you waiting.,抱歉,bàoqiàn,v.,be sorry; feel apologetic; regret
times (of the original number or quantity),倍,bèi,nm.,我们学校的留学生比去年多了一倍。,
我们学校的留学生比去年多了一倍。,Our school has twice as many international students as last year.,倍,bèi,nm.,times (of the original number or quantity)
originally,本来,běnlái,adv.,我本来要去看演出，但是突然有事儿不能去了。,
我本来要去看演出，但是突然有事儿不能去了。,"I was going to see the show, but suddenly something happened and I couldn't go.",本来,běnlái,adv.,originally
dull; foolish; stupid,笨,bèn,adj.,你并不笨，只是需要更努力。,
你并不笨，只是需要更努力。,"You're not stupid, you just need to work harder.",笨,bèn,adj.,dull; foolish; stupid
take sth for example,比如,bǐrú,v.,我有很多爱好，比如游泳和读书。,
我有很多爱好，比如游泳和读书。,I have many hobbies such as swimming and reading.,比如,bǐrú,v.,take sth for example
graduate,毕业,bìyè,sv.,我今年上大三，明年毕业。,
我今年上大三，明年毕业。,I am a junior this year and will graduate next year.,毕业,bìyè,sv.,graduate
number of times,遍,biàn,vm.,这篇文章，我读了很多遍。,
这篇文章，我读了很多遍。,I have read this article many times.,遍,biàn,vm.,number of times
standard; criterion,标准,biāozhǔn,n.,你选男友的标准太高了。,
你选男友的标准太高了。,Your criteria for choosing a boyfriend is too high.,标准,biāozhǔn,n.,standard; criterion
conforming to a standard,标准,biāozhǔn,adj.,你的普通话说得很标准。,
你的普通话说得很标准。,Your Mandarin is standard.,标准,biāozhǔn,adj.,conforming to a standard
form; table; list,表格,biǎogé,n.,请在表格里填上您的姓名。,
请在表格里填上您的姓名。,Please fill in your name in the form.,表格,biǎogé,n.,form; table; list
express; convey,表示,biǎoshì,v.,他表示愿意继续在公司工作。,
他表示愿意继续在公司工作。,He expressed his willingness to continue working at the company.,表示,biǎoshì,v.,express; convey
act; perform; play,表演,biǎoyǎn,v.,你们要表演什么节目？,
你们要表演什么节目？,What show are you going to perform?,表演,biǎoyǎn,v.,act; perform; play
exhibition; show; program; performance,表演,biǎoyǎn,n.,今天的表演太精彩了！,
今天的表演太精彩了！,What a show today!,表演,biǎoyǎn,n.,exhibition; show; program; performance
praise,表扬,biǎoyáng,v.,小明喜欢帮助别人，老师表扬了他。,
小明喜欢帮助别人，老师表扬了他。,"Xiao Ming liked to help others, and the teacher praised him.",表扬,biǎoyáng,v.,praise
praise; recognition,表扬,biǎoyáng,n.,他经常得到校长的表扬。,
他经常得到校长的表扬。,He was often praised by the headmaster.,表扬,biǎoyáng,n.,praise; recognition
cracker; cookie; biscuit,饼干,bǐnggān,n.,我买了饼干，吃点儿吧。,
我买了饼干，吃点儿吧。,"I bought biscuits, eat some.",饼干,bǐnggān,n.,cracker; cookie; biscuit
further more; besides,并且,bìngqiě,conj.,她很聪明，并且很努力。,
她很聪明，并且很努力。,She's smart and she works hard.,并且,bìngqiě,conj.,further more; besides
doctor (an academic degree),博士,bóshì,n.,我来介绍一下，这位是李博士。,
我来介绍一下，这位是李博士。,Let me introduce you to Dr. Li.,博士,bóshì,n.,doctor (an academic degree)
but; however,不过,búguò,conj.,他很优秀，不过不符合公司的招聘条件。,
他很优秀，不过不符合公司的招聘条件。,"He is excellent, but does not meet the company's recruitment requirements.",不过,búguò,conj.,but; however
must; have to,不得不,bùdébù,conj.,任务还没完成，所以周末我们不得不加班。,
任务还没完成，所以周末我们不得不加班。,"The task was not completed, so we had to work overtime on the weekend.",不得不,bùdébù,conj.,must; have to
no matter; whether or not,不管,bùguǎn,conj.,不管天怎么样，我都要爬 ft。,
不管天怎么样，我都要爬 ft。,"No matter what the day, I have to climb ft.",不管,bùguǎn,conj.,no matter; whether or not
feel shy or sorry,不好意思,bùhǎoyìsi,conj.,大家都看着他，他有点儿不好意思了。,
大家都看着他，他有点儿不好意思了。,"Everyone looked at him, and he was a little embarrassed.",不好意思,bùhǎoyìsi,conj.,feel shy or sorry
not only,不仅,bùjǐn,conj.,我不仅去过那个城市，而且去过很多次。,
我不仅去过那个城市，而且去过很多次。,"I've not only been to that city, I've been there many times.",不仅,bùjǐn,conj.,not only
part; section; portion,部分,bùfen,n.,这本小说由四部分组成。,
这本小说由四部分组成。,The novel consists of four parts.,部分,bùfen,n.,part; section; portion
rub or wipe in order to clean,擦,cā,v.,我已经把窗户擦干净了。,
我已经把窗户擦干净了。,I've cleaned the windows.,擦,cā,v.,rub or wipe in order to clean
guess,猜,cāi,v.,你猜我给你准备了什么生日礼物？,
你猜我给你准备了什么生日礼物？,Guess what I got you for your birthday?,猜,cāi,v.,guess
reference material,材料,cáiliào,n.,报名需要什么材料？,
报名需要什么材料？,What do I need to sign up?,材料,cáiliào,n.,reference material
visit for learning,参观,cānguān,v.,学校组织大家去长城参观。,
学校组织大家去长城参观。,The school organizes everyone to visit the Great Wall.,参观,cānguān,v.,visit for learning
restaurant,餐厅,cāntīng,n.,学校附近新开了一家餐厅。,
学校附近新开了一家餐厅。,A new restaurant has opened near the school.,餐厅,cāntīng,n.,restaurant
toilet; bathroom; washroom,厕所,cèsuǒ,n.,男厕所在一层。,
男厕所在一层。,The men's toilet is on the first floor.,厕所,cèsuǒ,n.,toilet; bathroom; washroom
about; nearly,差不多,chàbuduō,adv.,我每天差不多7 点起床。,
我每天差不多7 点起床。,I get up about 7 o'clock every day.,差不多,chàbuduō,adv.,about; nearly
the Great Wall,长城,Chángchéng,n.,我想周末去参观长城。,
我想周末去参观长城。,I want to visit the Great Wall on the weekend.,长城,Chángchéng,n.,the Great Wall
the Yangtze River,长江,Chángjiāng,n.,长江是中国的第一大河。,
长江是中国的第一大河。,The Yangtze River is the largest river in China.,长江,Chángjiāng,n.,the Yangtze River
taste,尝,cháng,v.,快来尝尝我做的菜，味道怎么样？,
快来尝尝我做的菜，味道怎么样？,"Come and taste my cooking, how does it taste?",尝,cháng,v.,taste
used for activities,场,chǎng,vm.,今年下午有场足球比赛。,
今年下午有场足球比赛。,There is a football game this afternoon.,场,chǎng,vm.,used for activities
leave behind; outstrip,超过,chāoguò,v.,每天有超过三百个航班在这里起飞。,
每天有超过三百个航班在这里起飞。,Over 300 flights depart here every day.,超过,chāoguò,v.,leave behind; outstrip
noisy,吵,chǎo,adj.,外面太吵了，我睡不着。,
外面太吵了，我睡不着。,It's so noisy outside that I can't sleep.,吵,chǎo,adj.,noisy
quarrel,吵,chǎo,v.,他和朋友吵了，所以很不高兴。,
他和朋友吵了，所以很不高兴。,He was upset because he had quarreled with a friend.,吵,chǎo,v.,quarrel
succeed,成功,chénggōng,v.,太好了，我们终于成功了。,
太好了，我们终于成功了。,"Great, we finally made it.",成功,chénggōng,v.,succeed
success,成功,chénggōng,n.,经过努力，我们取得了成功。,
经过努力，我们取得了成功。,"Through hard work, we have succeeded.",成功,chénggōng,n.,success
become,成为,chéngwéi,v.,几年不见，她现在已经成为了一名医生。,
几年不见，她现在已经成为了一名医生。,"After a few years, she has now become a doctor.",成为,chéngwéi,v.,become
honest,诚实,chéngshí,adj.,诚实的人值得我们尊重。,
诚实的人值得我们尊重。,Honest people deserve our respect.,诚实,chéngshí,adj.,honest
"take a ride (in a car, ship, etc.)",乘坐,chéngzuò,v.,欢迎您乘坐本次航班。,
欢迎您乘坐本次航班。,Welcome aboard this flight.,乘坐,chéngzuò,v.,"take a ride (in a car, ship, etc.)"
feel afraid suddenly; be startled; be shocked; be astonished; be taken aback,吃惊,chījīng,sv.,这个消息非常令人吃惊。,
这个消息非常令人吃惊。,This news is very surprising.,吃惊,chījīng,sv.,feel afraid suddenly; be startled; be shocked; be astonished; be taken aback
once again,重新,chóngxīn,adv.,他把事情重新说了一遍。,
他把事情重新说了一遍。,He said it all over again.,重新,chóngxīn,adv.,once again
smoke a cigarette,抽烟,chōuyān,adv.,对不起，医院里不能抽烟。,
对不起，医院里不能抽烟。,"Sorry, you can't smoke in the hospital.",抽烟,chōuyān,adv.,smoke a cigarette
be on a business trip,出差,chūchāi,sv.,爸爸已经出差一个多月了。,
爸爸已经出差一个多月了。,Dad has been away on business for more than a month.,出差,chūchāi,sv.,be on a business trip
set out; start off; leave; head; move on; take the road,出发,chūfā,v.,我从北京出发去上海。,
我从北京出发去上海。,I'm leaving Beijing for Shanghai.,出发,chūfā,v.,set out; start off; leave; head; move on; take the road
be born,出生,chūshēng,v.,女儿是 1990 年出生的。,
女儿是 1990 年出生的。,The daughter was born in 1990.,出生,chūshēng,v.,be born
kitchen,厨房,chúfáng,n.,我正在厨房里做饭呢。,
我正在厨房里做饭呢。,I'm cooking in the kitchen.,厨房,chúfáng,n.,kitchen
fax,传真,chuánzhēn,n.,请帮我发一份传真。,
请帮我发一份传真。,Please send me a fax.,传真,chuánzhēn,n.,fax
window,窗户,chuānghu,n.,她坐在窗户旁边安静地看书。,
她坐在窗户旁边安静地看书。,She sat quietly reading by the window.,窗户,chuānghu,n.,window
word and phrase,词语,cíyǔ,n.,请把你们不认识的词语都找出来。,
请把你们不认识的词语都找出来。,Please find out all the words you don't know.,词语,cíyǔ,n.,word and phrase
right from the beginning; always; at all times; all along,从来,cónglái,adv.,我从来没见过他。,
我从来没见过他。,I've never met him.,从来,cónglái,adv.,right from the beginning; always; at all times; all along
careless; thoughtless,粗心,cūxīn,adj.,你真是太粗心了。,
你真是太粗心了。,You are so careless.,粗心,cūxīn,adj.,careless; thoughtless
keep; save; deposit,存,cún,v.,我把钱存进了银行。,
我把钱存进了银行。,I put the money in the bank.,存,cún,v.,keep; save; deposit
wrong; incorrect; mistaken,错误,cuòwù,adj.,我觉得这种说法是错误的。,
我觉得这种说法是错误的。,I think this statement is wrong.,错误,cuòwù,adj.,wrong; incorrect; mistaken
error; mistake,错误,cuòwù,n.,谢谢你指出了我的错误。,
谢谢你指出了我的错误。,Thank you for pointing out my mistake.,错误,cuòwù,n.,error; mistake
an answer or key to a question or problem,答案,dá’àn,n.,我不知道这道题的答案。,
我不知道这道题的答案。,I don't know the answer to that question.,答案,dá’àn,n.,an answer or key to a question or problem
dress up; make up,打扮,dǎban,v.,她简单打扮了一下就出门了。,
她简单打扮了一下就出门了。,She simply dressed up and went out.,打扮,dǎban,v.,dress up; make up
bother; interrupt; intervene,打扰,dǎrǎo,v.,对不起，打扰一下，王教授在吗？,
对不起，打扰一下，王教授在吗？,"Excuse me, is Professor Wang there?",打扰,dǎrǎo,v.,bother; interrupt; intervene
print,打印,dǎyìn,v.,这些材料已经打印完了。,
这些材料已经打印完了。,These materials have been printed.,打印,dǎyìn,v.,print
greet sb by word or gesture,打招呼,dǎzhāohu,v.,他笑着和我打招呼。,
他笑着和我打招呼。,He greeted me with a smile.,打招呼,dǎzhāohu,v.,greet sb by word or gesture
give a discount,打折,dǎzhé,sv.,春节前，商场都在打折。,
春节前，商场都在打折。,"Before the Spring Festival, shopping malls are all discounted.",打折,dǎzhé,sv.,give a discount
give or have an injection,打针,dǎzhēn,sv.,儿子非常害怕打针。,
儿子非常害怕打针。,My son is very afraid of injections.,打针,dǎzhēn,sv.,give or have an injection
almost; probably,大概,dàgài,adv.,他大概不会来了。,
他大概不会来了。,He probably won't come.,大概,dàgài,adv.,almost; probably
embassy,大使馆,dàshǐguǎn,n.,我明天要去大使馆办签证。,
我明天要去大使馆办签证。,I have to go to the embassy tomorrow to get a visa.,大使馆,dàshǐguǎn,n.,embassy
about; approximately; more or less,大约,dàyuē,adv.,他大约有三十多岁。,
他大约有三十多岁。,He was in his thirties or so.,大约,dàyuē,adv.,about; approximately; more or less
doctor; physician; surgeon,大夫,dàifu,n.,李大夫，您明天上午在医院吗？,
李大夫，您明天上午在医院吗？,"Doctor Li, are you in the hospital tomorrow morning?",大夫,dàifu,n.,doctor; physician; surgeon
wear; put on,戴,dài,v.,外边风大，戴上帽子吧。,
外边风大，戴上帽子吧。,"It's windy outside, put on your hat.",戴,dài,v.,wear; put on
at that time,当时,dāngshí,n.,我记不清楚当时的情况了。,
我记不清楚当时的情况了。,I don't remember what happened.,当时,dāngshí,n.,at that time
knife,刀,dāo,n.,水果刀在厨房里。,
水果刀在厨房里。,The fruit knife is in the kitchen.,刀,dāo,n.,knife
tour guide,导游,dǎoyóu,n.,我的姐姐是一名导游。,
我的姐姐是一名导游。,My sister is a tour guide.,导游,dǎoyóu,n.,tour guide
fall; lie down,倒,dǎo,v.,大风把树刮倒了。,
大风把树刮倒了。,Strong winds knocked down the tree.,倒,dǎo,v.,fall; lie down
everywhere,到处,dàochù,adv.,公园里到处都是鲜花。,
公园里到处都是鲜花。,The park is full of flowers.,到处,dàochù,adv.,everywhere
on earth,到底,dàodǐ,adv.,这句话到底是什么意思？,
这句话到底是什么意思？,What exactly does this phrase mean?,到底,dàodǐ,adv.,on earth
make an apology,道歉,dàoqiàn,sv.,我已经向他道歉了。,
我已经向他道歉了。,I have apologized to him.,道歉,dàoqiàn,sv.,make an apology
be pleased with oneself; pride oneself on sth (or doing sth),得意,déyì,adj.,工作取得了成功，大家都很得意。,
工作取得了成功，大家都很得意。,Everyone is proud of the success of their work.,得意,déyì,adj.,be pleased with oneself; pride oneself on sth (or doing sth)
marker of complement,得,de,sa.,你走得太快了。,
你走得太快了。,You're moving too fast.,得,de,sa.,marker of complement
get; obtain; win; earn,得,de,v.,这次考试，我得了 100 分。,
这次考试，我得了 100 分。,"This exam, I got 100 points.",得,de,v.,get; obtain; win; earn
boarding pass,登机牌,dēngjīpái,n.,请您拿好登机牌，准备登机。,
请您拿好登机牌，准备登机。,Please get your boarding pass and get ready for boarding.,登机牌,dēngjīpái,n.,boarding pass
and so on; et cetera,等,děng,sa.,这个学期我选了很多课，有艺术、历史、经 济等。,
这个学期我选了很多课，有艺术、历史、经 济等。,"I took a lot of classes this semester, including art, history, scripture, Ji et al.",等,děng,sa.,and so on; et cetera
low; down,低,dī,adj.,这颗树比房子低。,
这颗树比房子低。,This tree is lower than the house.,低,dī,adj.,low; down
lower,低,dī,v.,你怎么了？不高兴了？为什么低着头？,
你怎么了？不高兴了？为什么低着头？,What's the matter with you? Are you upset? Why are you bowing your head?,低,dī,v.,lower
at the end of,底,dǐ,n.,年底公司会给大家发奖金。,
年底公司会给大家发奖金。,"At the end of the year, the company will pay you a bonus.",底,dǐ,n.,at the end of
place; site; spot,地点,dìdiǎn,n.,开会的地点在三楼会议室。,
开会的地点在三楼会议室。,The meeting place is in the meeting room on the third floor.,地点,dìdiǎn,n.,place; site; spot
the Earth,地球,dìqiú,n.,地球上 70%的面积是海洋。,
地球上 70%的面积是海洋。,Seventy percent of the Earth's surface is ocean.,地球,dìqiú,n.,the Earth
address,地址,dìzhǐ,n.,请把您的地址写下来。,
请把您的地址写下来。,Please write down your address.,地址,dìzhǐ,n.,address
investigate,调查,diàochá,v.,警察正在进行调查。,
警察正在进行调查。,Police are investigating.,调查,diàochá,v.,investigate
investigation; inquiry; survey,调查,diàochá,n.,我刚做了一个顾客满意度调查。,
我刚做了一个顾客满意度调查。,I just did a customer satisfaction survey.,调查,diàochá,n.,investigation; inquiry; survey
fall,掉,diào,v.,我把钥匙掉在了地上。,
我把钥匙掉在了地上。,I dropped the key on the floor.,掉,diào,v.,fall
lose,丢,diū,v.,你的书包丢了？,
你的书包丢了？,Lost your schoolbag?,丢,diū,v.,lose
movement; action; motion,动作,dòngzuò,n.,我教你跳舞吧，动作很简单。,
我教你跳舞吧，动作很简单。,"Let me teach you how to dance, it's very simple.",动作,dòngzuò,n.,movement; action; motion
traffic jam,堵车,dǔchē,v,我在路上，又堵车了。,
我在路上，又堵车了。,I'm on my way and I'm stuck in traffic again.,堵车,dǔchē,v,traffic jam
belly; abdomen; stomach,肚子,dùzi,n.,我肚子疼。,
我肚子疼。,I've got (a) bellyache.,肚子,dùzi,n.,belly; abdomen; stomach
short message,短信,duǎnxìn,n.,有事儿请给我发短信或者打电话。,
有事儿请给我发短信或者打电话。,Please text or call me if you need anything.,短信,duǎnxìn,n.,short message
dialogue,对话,duìhuà,n.,这个对话比较简单，我能听懂。,
这个对话比较简单，我能听懂。,"This conversation is relatively simple, I can understand.",对话,duìhuà,n.,dialogue
the opposite side,对面,duìmiàn,n.,我就住在学校对面。,
我就住在学校对面。,I live across the street from the school.,对面,duìmiàn,n.,the opposite side
a child,儿童,értóng,n.,身高一米二以下的孩子，可以买儿童票。,
身高一米二以下的孩子，可以买儿童票。,Children under 1 meter and 2 meters tall can buy children's tickets.,儿童,értóng,n.,a child
and; but; however,而,ér,conj.,我们都已经等了一个小时了，而他还没来。,
我们都已经等了一个小时了，而他还没来。,"We've been waiting for an hour, and he's not here yet.",而,ér,conj.,and; but; however
take place; happen,发生,fāshēng,v.,情况发生了很大的变化。,
情况发生了很大的变化。,Things have changed a lot.,发生,fāshēng,v.,take place; happen
develop; expand; go along,发展,fāzhǎn,v.,这些年经济发展很快。,
这些年经济发展很快。,The economy has grown rapidly over the years.,发展,fāzhǎn,v.,develop; expand; go along
law,法律,fǎlǜ,n.,我在大学学习法律专业。,
我在大学学习法律专业。,I studied law at university.,法律,fǎlǜ,n.,law
translate,翻译,fānyì,v.,请把这篇文章翻译成汉语。,
请把这篇文章翻译成汉语。,Please translate this article into Chinese.,翻译,fānyì,v.,translate
vexation; worry; trouble,烦恼,fánnǎo,n.,生活中总会遇到一些烦恼。,
生活中总会遇到一些烦恼。,There are always some troubles in life.,烦恼,fánnǎo,n.,vexation; worry; trouble
fret one's heart; trouble; bother about,烦恼,fánnǎo,v.,别再为这件事儿烦恼了。,
别再为这件事儿烦恼了。,Stop worrying about it.,烦恼,fánnǎo,v.,fret one's heart; trouble; bother about
be against; object to,反对,fǎnduì,v.,这个计划大家都反对。,
这个计划大家都反对。,This plan is opposed by everyone.,反对,fǎnduì,v.,be against; object to
method; way; manner; measure,方法,fāngfǎ,n.,我们一定能找到解决问题的方法。,
我们一定能找到解决问题的方法。,We'll find a way to fix it.,方法,fāngfǎ,n.,method; way; manner; measure
aspect,方面,fāngmiàn,n.,爸爸喜欢看历史方面的书。,
爸爸喜欢看历史方面的书。,Dad loved to read about history.,方面,fāngmiàn,n.,aspect
direction,方向,fāngxiàng,n.,是这个方向吗？我觉得我们迷路了。,
是这个方向吗？我觉得我们迷路了。,Is this the direction? I think we're lost.,方向,fāngxiàng,n.,direction
landlord,房东,fángdōng,n.,我的房东很友好，经常帮助我。,
我的房东很友好，经常帮助我。,My host is friendly and helps me a lot.,房东,fángdōng,n.,landlord
give up,放弃,fàngqì,v.,我放弃了留学的机会。,
我放弃了留学的机会。,I gave up the opportunity to study abroad.,放弃,fàngqì,v.,give up
have a summer vacation,放暑假,fàng shǔjià,v.,明天就要放暑假了。,
明天就要放暑假了。,Summer vacation is tomorrow.,放暑假,fàng shǔjià,v.,have a summer vacation
relax,放松,fàngsōng,v.,考试结束了，我们需要放松一下。,
考试结束了，我们需要放松一下。,The exam is over and we need to relax.,放松,fàngsōng,v.,relax
expense; money spent,费用,fèiyòng,n.,咱们这个月的生活费用是多少？,
咱们这个月的生活费用是多少？,What are our living expenses this month?,费用,fèiyòng,n.,expense; money spent
part; portion,份,fèn,nm.,我一个人吃了两份饭，太饿了。,
我一个人吃了两份饭，太饿了。,I ate two meals alone and was so hungry.,份,fèn,nm.,part; portion
abundant; plentiful; copious; rich; profuse,丰富,fēngfù,adj.,他是一位经验丰富的老师。,
他是一位经验丰富的老师。,He is an experienced teacher.,丰富,fēngfù,adj.,abundant; plentiful; copious; rich; profuse
enrich,丰富,fēngfù,v.,读书能丰富我们的生活。,
读书能丰富我们的生活。,Reading enriches our lives.,丰富,fēngfù,v.,enrich
otherwise,否则,fǒuzé,conj.,我们现在出发吧，否则会迟到的。,
我们现在出发吧，否则会迟到的。,Let's go now or we'll be late.,否则,fǒuzé,conj.,otherwise
correspond with; accord with; comform to,符合,fúhé,v.,这个做法不符合我们的要求。,
这个做法不符合我们的要求。,This does not meet our requirements.,符合,fúhé,v.,correspond with; accord with; comform to
father,父亲,fùqīn,n.,我父亲今年八十三岁了。,
我父亲今年八十三岁了。,My father is 83 years old this year.,父亲,fùqīn,n.,father
pay,付款,fùkuǎn,v.,购物可以在网上付款。,
购物可以在网上付款。,Shopping can be paid for online.,付款,fùkuǎn,v.,pay
be in charge of; be responsible for,负责,fùzé,v.,我们会对这件事负责。,
我们会对这件事负责。,We will take responsibility for this.,负责,fùzé,v.,be in charge of; be responsible for
responsible,负责,fùzé,adj.,小李工作非常负责。,
小李工作非常负责。,Li Xiao is very responsible.,负责,fùzé,adj.,responsible
copy; reproduce on a copying machine,复印,fùyìn,v.,这份材料，请再复印两份。,
这份材料，请再复印两份。,Please make two more copies of this material.,复印,fùyìn,v.,copy; reproduce on a copying machine
complicated; complex,复杂,fùzá,adj.,这个问题太复杂，我听不懂。,
这个问题太复杂，我听不懂。,This question is too complicated for me to understand.,复杂,fùzá,adj.,complicated; complex
rich,富,fù,adj.,人们的生活越来越富。,
人们的生活越来越富。,People's lives are getting richer.,富,fù,adj.,rich
change; vary,改变,gǎibiàn,v.,我已经改变了计划。,
我已经改变了计划。,I've changed my plans.,改变,gǎibiàn,v.,change; vary
change; variation,改变,gǎibiàn,n.,城市已经发生了很大的改变。,
城市已经发生了很大的改变。,Cities have changed a lot.,改变,gǎibiàn,n.,change; variation
cheers,干杯,gānbēi,v.,祝大家节日快乐，干杯！,
祝大家节日快乐，干杯！,Happy Holidays and cheers!,干杯,gānbēi,v.,cheers
catch; get,赶,gǎn,v.,快点儿，我们要赶不上火车了。,
快点儿，我们要赶不上火车了。,"Come on, we're going to miss the train.",赶,gǎn,v.,catch; get
dare to do,敢,gǎn,aux.,天太黑了，我不敢一个人出去。,
天太黑了，我不敢一个人出去。,"It was too dark, I didn't dare to go out alone.",敢,gǎn,aux.,dare to do
move or touch sb; feel moved; be touched,感动,gǎndòng,v.,这个电影我看了很感动。,
这个电影我看了很感动。,I was very touched when I watched this movie.,感动,gǎndòng,v.,move or touch sb; feel moved; be touched
feeling; impression; sensation,感觉,gǎnjué,n.,看了这本书，你有什么感觉？,
看了这本书，你有什么感觉？,How do you feel after reading this book?,感觉,gǎnjué,n.,feeling; impression; sensation
sense; perceive; feel; experience,感觉,gǎnjué,v.,我感觉今天有点儿冷。,
我感觉今天有点儿冷。,I feel a little cold today.,感觉,gǎnjué,v.,sense; perceive; feel; experience
feeling; emotion,感情,gǎnqíng,n.,他的表演感情非常丰富。,
他的表演感情非常丰富。,His performance was very emotional.,感情,gǎnqíng,n.,feeling; emotion
thank; be grateful; appreciate,感谢,gǎnxiè,v.,感谢您对我们的帮助。,
感谢您对我们的帮助。,Thank you for your help.,感谢,gǎnxiè,v.,thank; be grateful; appreciate
acknowledgement; appreciation,感谢,gǎnxiè,n.,请向他表示感谢。,
请向他表示感谢。,Please thank him.,感谢,gǎnxiè,n.,acknowledgement; appreciation
do; work,干,gàn,v.,暑假你想去干什么，去旅游怎么样？,
暑假你想去干什么，去旅游怎么样？,"What do you want to do in the summer vacation, how about going on a trip?",干,gàn,v.,do; work
advanced,高级,gāojí,adj.,这是一家很高级的饭店。,
这是一家很高级的饭店。,This is a high-class restaurant.,高级,gāojí,adj.,advanced
expressway,高速公路,gāosùgōnglù,n.,这里新修了一条高速公路。,
这里新修了一条高速公路。,A new highway has been built here.,高速公路,gāosùgōnglù,n.,expressway
every,各,gè,pron.,超市里有各种水果。,
超市里有各种水果。,There are all kinds of fruits in the supermarket.,各,gè,pron.,every
wage; pay; salary,工资,gōngzī,n.,他的新工作工资很高。,
他的新工作工资很高。,His new job was well paid.,工资,gōngzī,n.,wage; pay; salary
kilometer,公里,gōnglǐ,nm.,这两个城市之间的距离有 300公里。,
这两个城市之间的距离有 300公里。,The distance between the two cities is 300 km.,公里,gōnglǐ,nm.,kilometer
Kung Fu,功夫,gōngfu,n.,我最近在学习中国功夫。,
我最近在学习中国功夫。,I've been studying Chinese kung fu lately.,功夫,gōngfu,n.,Kung Fu
common,共同,gòngtóng,adj.,我和我妻子有共同的理想和生活目标。,
我和我妻子有共同的理想和生活目标。,My wife and I share ideals and life goals.,共同,gòngtóng,adj.,common
go shopping,购物,gòuwù,sv.,现在人们喜欢在网上购物。,
现在人们喜欢在网上购物。,Nowadays people like to shop online.,购物,gòuwù,sv.,go shopping
enough,够,gòu,adv.,今天~冷的。,
今天~冷的。,Today ~ it's cold.,够,gòu,adv.,enough
enough,够,gòu,v.,电脑五千元，你带的钱够吗？,
电脑五千元，你带的钱够吗？,"Computer 5,000 yuan, do you have enough money?",够,gòu,v.,enough
estimate; figure approximately,估计,gūjì,v.,我估计他们已经到了机场了。,
我估计他们已经到了机场了。,I reckon they're already at the airport.,估计,gūjì,v.,estimate; figure approximately
an estimate,估计,gūjì,n.,这只是我的估计，并不确定。,
这只是我的估计，并不确定。,"This is just my estimate, I'm not sure.",估计,gūjì,n.,an estimate
inspiration; encouragement,鼓励,gǔlì,n.,父母应该给孩子更多的鼓励。,
父母应该给孩子更多的鼓励。,Parents should give their children more encouragement.,鼓励,gǔlì,n.,inspiration; encouragement
encourage; work up; cheer on,鼓励,gǔlì,v.,老师鼓励我继续努力，不要放弃。,
老师鼓励我继续努力，不要放弃。,My teacher encouraged me to keep trying and not give up.,鼓励,gǔlì,v.,encourage; work up; cheer on
intentionally; deliberately; designedly,故意,gùyì,adv.,对不起，我不是故意的。,
对不起，我不是故意的。,"Sorry, I didn’t mean to.",故意,gùyì,adv.,intentionally; deliberately; designedly
customer,顾客,gùkè,n.,服务员热情地为顾客服务。,
服务员热情地为顾客服务。,The waiter enthusiastically serves the customer.,顾客,gùkè,n.,customer
suspend; hang,挂,guà,v.,我们把画儿挂在墙上吧。,
我们把画儿挂在墙上吧。,Let's hang the painting on the wall.,挂,guà,v.,suspend; hang
hang up,挂,guà,v.,请先别挂电话。,
请先别挂电话。,Please don't hang up yet.,挂,guà,v.,hang up
key point; key factor,关键,guānjiàn,n.,这不是问题的关键。,
这不是问题的关键。,That's not the point.,关键,guānjiàn,n.,key point; key factor
crucial; very important,关键,guānjiàn,adj.,文章最关键的部分是第三段。,
文章最关键的部分是第三段。,The most critical part of the article is the third paragraph.,关键,guānjiàn,adj.,crucial; very important
viewer; spectator; audience,观众,guānzhòng,n.,电视机前的观众朋友们，大家好。,
电视机前的观众朋友们，大家好。,"Hello, viewers in front of the TV.",观众,guānzhòng,n.,viewer; spectator; audience
be in charge of; manage,管理,guǎnlǐ,v.,现在是谁管理这座房子？,
现在是谁管理这座房子？,Who manages the house now?,管理,guǎnlǐ,v.,be in charge of; manage
management,管理,guǎnlǐ,n.,我不太懂管理，所以不适合做负责人。,
我不太懂管理，所以不适合做负责人。,"I do not know much about management, so I am not suitable to be in charge.",管理,guǎnlǐ,n.,management
light,光,guāng,n.,早上打开窗户，太阳光照了进来。,
早上打开窗户，太阳光照了进来。,The windows opened in the morning and the sun shone in.,光,guāng,n.,light
solely; only,光,guāng,adv.,学游泳光看是不行的，要练习。,
学游泳光看是不行的，要练习。,"It is not possible to learn to swim just by looking, so practice.",光,guāng,adv.,solely; only
used up; finished (used after a verb),光,guāng,adj.,我们把西瓜吃光了。,
我们把西瓜吃光了。,We ate all the watermelon.,光,guāng,adj.,used up; finished (used after a verb)
broadcasting,广播,guǎngbō,n.,爷爷正在听广播。,
爷爷正在听广播。,Grandpa was listening to the radio.,广播,guǎngbō,n.,broadcasting
advertisement; commercial,广告,guǎnggào,n.,我在报纸上看到了你们的广告。,
我在报纸上看到了你们的广告。,I saw your advertisement in the newspaper.,广告,guǎnggào,n.,advertisement; commercial
stroll; roam,逛,guàng,v.,今天我陪妈妈去逛街了。,
今天我陪妈妈去逛街了。,I went shopping with my mother today.,逛,guàng,v.,stroll; roam
stipulate; order,规定,guīdìng,v.,公司规定，不能来上班要先请假。,
公司规定，不能来上班要先请假。,The company stipulates that you must take leave before you can come to work.,规定,guīdìng,v.,stipulate; order
rule; regulation; stipulation,规定,guīdìng,n.,请先阅读一下图书馆管理规定。,
请先阅读一下图书馆管理规定。,Please read the library management rules first.,规定,guīdìng,n.,rule; regulation; stipulation
nationality; citizenship,国籍,guójí,n.,请您在表格里填上国籍和姓名。,
请您在表格里填上国籍和姓名。,Please fill in your nationality and name in the form.,国籍,guójí,n.,nationality; citizenship
international,国际,guójì,adj.,请问国际航班的出口在哪儿？,
请问国际航班的出口在哪儿？,Where is the exit for international flights?,国际,guójì,adj.,international
juice,果汁,guǒzhī,n.,我更爱喝我自己做的果汁。,
我更爱喝我自己做的果汁。,I prefer to drink my own juice.,果汁,guǒzhī,n.,juice
process; course,过程,guòchéng,n.,在工作的过程中，我们可能会遇到很多问题。,
在工作的过程中，我们可能会遇到很多问题。,"In the course of our work, we may encounter many problems.",过程,guòchéng,n.,process; course
ocean,海洋,hǎiyáng,n.,孩子们被海洋馆深深地吸引了。,
孩子们被海洋馆深深地吸引了。,The children were deeply attracted to the Aquarium.,海洋,hǎiyáng,n.,ocean
shy,害羞,hàixiū,adj.,她很害羞，不太喜欢说话。,
她很害羞，不太喜欢说话。,She was shy and didn't like to talk.,害羞,hàixiū,adj.,shy
winter vacation,寒假,hánjià,n.,我们再过一星期就要放寒假了。,
我们再过一星期就要放寒假了。,We have a winter break in a week.,寒假,hánjià,n.,winter vacation
sweat,汗,hàn,n.,我一吃饭就出汗。,
我一吃饭就出汗。,I sweat as soon as I eat.,汗,hàn,n.,sweat
good point; advantage,好处,hǎochu,n.,运动对身体健康有好处。,
运动对身体健康有好处。,Exercise is good for your health.,好处,hǎochu,n.,good point; advantage
as if; seem; be like; look like,好像,hǎoxiàng,adv.,天阴了，好像要下雨了。,
天阴了，好像要下雨了。,"It's getting dark, it looks like it's going to rain.",好像,hǎoxiàng,adv.,as if; seem; be like; look like
number,号码,hàomǎ,n.,你还记得他的电话号码吗？,
你还记得他的电话号码吗？,Do you remember his phone number?,号码,hàomǎ,n.,number
qualified,合格,hégé,adj.,我是一名合格的律师。,
我是一名合格的律师。,I am a qualified lawyer.,合格,hégé,adj.,qualified
fit; suitable; appropriate,合适,héshì,adj.,这双鞋你穿很合适。,
这双鞋你穿很合适。,These shoes fit you perfectly.,合适,héshì,adj.,fit; suitable; appropriate
box,盒子,hézi,n.,盒子里装了些什么？,
盒子里装了些什么？,What's in the box?,盒子,hézi,n.,box
regret; repent,后悔,hòuhuǐ,v.,没去看演出，我很后悔。,
没去看演出，我很后悔。,I regret not going to the show.,后悔,hòuhuǐ,v.,regret; repent
thick,厚,hòu,adj.,这本书太厚了。,
这本书太厚了。,This book is too thick.,厚,hòu,adj.,thick
thickness,厚,hòu,n.,地上的雪有一米厚。,
地上的雪有一米厚。,The snow on the ground is one meter thick.,厚,hòu,n.,thickness
the Internet,互联网,hùliánwǎng,n.,互联网给人们的生活带来了很多方便。,
互联网给人们的生活带来了很多方便。,The Internet brings a lot of convenience to people's lives.,互联网,hùliánwǎng,n.,the Internet
each other; one another,互相,hùxiāng,adv.,我们是邻居，应该互相帮助。,
我们是邻居，应该互相帮助。,We are neighbors and should help each other.,互相,hùxiāng,adv.,each other; one another
nurse,护士,hùshi,n.,护士正在给病人打针。,
护士正在给病人打针。,The nurse is injecting the patient.,护士,hùshi,n.,nurse
doubt; suspect,怀疑,huáiyí,v.,我怀疑他忘了今天要开会。,
我怀疑他忘了今天要开会。,I suspect he forgot to have a meeting today.,怀疑,huáiyí,v.,doubt; suspect
recall,回忆,huíyì,v.,我们经常回忆起小时候的事情。,
我们经常回忆起小时候的事情。,We often recall things from our childhood.,回忆,huíyì,v.,recall
memory; recollection,回忆,huíyì,n.,大学生活给我们留下了美好的回忆。,
大学生活给我们留下了美好的回忆。,College life has left us with wonderful memories.,回忆,huíyì,n.,memory; recollection
take exercise,活动,huódòng,v.,我去公园里活动活动。,
我去公园里活动活动。,I go to the park for activities.,活动,huódòng,v.,take exercise
activity,活动,huódòng,n.,这次活动组织得很成功。,
这次活动组织得很成功。,The event was a success.,活动,huódòng,n.,activity
lively,活泼,huópō,adj.,妹妹是个活泼可爱的小女孩。,
妹妹是个活泼可爱的小女孩。,My sister is a lively and cute little girl.,活泼,huópō,adj.,lively
fire,火,huǒ,n.,森林着火了。,
森林着火了。,The forest is on fire.,火,huǒ,n.,fire
anger; irritation,火,huǒ,n.,请别发火。,
请别发火。,Please don't get angry.,火,huǒ,n.,anger; irritation
fashionable; popular; prosperous,火,huǒ,adj.,最近我们的生意很火。,
最近我们的生意很火。,Our business has been hot lately.,火,huǒ,adj.,fashionable; popular; prosperous
get; obtain,获得,huòdé,v.,祝贺你们获得了好成绩。,
祝贺你们获得了好成绩。,Congratulations on your good work.,获得,huòdé,v.,get; obtain
positive; vigorous,积极,jījí,adj.,我们要用积极的态度面对生活。,
我们要用积极的态度面对生活。,We need to approach life with a positive attitude.,积极,jījí,adj.,positive; vigorous
accumulate,积累,jīlěi,v.,他在工作中积累了丰富的经验。,
他在工作中积累了丰富的经验。,He has accumulated a wealth of experience in his work.,积累,jīlěi,v.,accumulate
accumulation,积累,jīlěi,n.,经过多年的积累，他的语言水平有了很大提高。,
经过多年的积累，他的语言水平有了很大提高。,"After years of accumulation, his language level has greatly improved.",积累,jīlěi,n.,accumulation
basis; foundation,基础,jīchǔ,n.,请在原来的基础上再改一改。,
请在原来的基础上再改一改。,Please try again from the original.,基础,jīchǔ,n.,basis; foundation
basic,基础,jīchǔ,adj.,我学习了一些基础的语法知识。,
我学习了一些基础的语法知识。,I learned some basic grammar.,基础,jīchǔ,adj.,basic
stir; excite; move,激动,jīdòng,adj.,看了这部电影，我很激动。,
看了这部电影，我很激动。,I was thrilled to see the movie.,激动,jīdòng,adj.,stir; excite; move
thrill; inspire,激动,jīdòng,v.,这个消息真是激动人心。,
这个消息真是激动人心。,This news is really exciting.,激动,jīdòng,v.,thrill; inspire
in time,及时,jíshí,adv.,谢谢你及时赶来帮助我。,
谢谢你及时赶来帮助我。,Thank you for coming in time to help me.,及时,jíshí,adv.,in time
just right; just enough,及时,jíshí,adj.,这场雨下得很及时。,
这场雨下得很及时。,It was raining in time.,及时,jíshí,adj.,just right; just enough
even if,即使,jíshǐ,conj.,即使遇到了困难也不要放弃。,
即使遇到了困难也不要放弃。,Don't give up even when you're in trouble.,即使,jíshǐ,conj.,even if
plan,计划,jìhuà,n.,这个计划很不错，你就按照它去做吧。,
这个计划很不错，你就按照它去做吧。,"This plan is very good, you should do it accordingly.",计划,jìhuà,n.,plan
plan to do sth,计划,jìhuà,v.,我们计划在五一节那天结婚。,
我们计划在五一节那天结婚。,We plan to get married on May Day.,计划,jìhuà,v.,plan to do sth
computer,计算机,jìsuànjī,n.,每个教室里都有一台计算机。,
每个教室里都有一台计算机。,There is a computer in every classroom.,计算机,jìsuànjī,n.,computer
reporter; journalist,记者,jìzhě,n.,一位记者报道了这个消息。,
一位记者报道了这个消息。,A reporter reported the news.,记者,jìzhě,n.,reporter; journalist
technology; technique,技术,jìshù,n.,这是一个复杂的技术问题。,
这是一个复杂的技术问题。,This is a complex technical issue.,技术,jìshù,n.,technology; technique
since,既然,jìrán,conj.,你既然答应了，就要把事情办好。,
你既然答应了，就要把事情办好。,"Since you said yes, you have to get things done.",既然,jìrán,conj.,since
continue; proceed; carry on; get on; keep on,继续,jìxù,adv.,请大家休息一会儿，十分钟后继续上课。,
请大家休息一会儿，十分钟后继续上课。,[Translation error],继续,jìxù,adv.,continue; proceed; carry on; get on; keep on
mail,寄,jì,v.,你的信已经寄到。,
你的信已经寄到。,Your letter has arrived.,寄,jì,v.,mail
work overtime,加班,jiābān,sv.,这个星期，我们几乎每天都加班。,
这个星期，我们几乎每天都加班。,This week we are working overtime almost every day.,加班,jiābān,sv.,work overtime
gas station,加油站,jiāyóuzhàn,n.,你家附近有加油站吗？,
你家附近有加油站吗？,Is there a gas station near your home?,加油站,jiāyóuzhàn,n.,gas station
furniture,家具,jiājù,n.,搬家后我们换了新家具。,
搬家后我们换了新家具。,We changed the furniture after moving.,家具,jiājù,n.,furniture
price,价格,jiàgé,n.,从去年开始，汽车的价格在降低。,
从去年开始，汽车的价格在降低。,The price of cars has been falling since last year.,价格,jiàgé,n.,price
fake; false,假,jiǎ,adj.,做人要诚实，不能说假话。,
做人要诚实，不能说假话。,Be honest and do not tell lies.,假,jiǎ,adj.,fake; false
insist on; persist in; keep up; stand on,坚持,jiānchí,v.,他一直坚持自己的看法。,
他一直坚持自己的看法。,He always stuck to his point of view.,坚持,jiānchí,v.,insist on; persist in; keep up; stand on
lose weight,减肥,jiǎnféi,sv.,我每天跑步减肥。,
我每天跑步减肥。,I run to lose weight every day.,减肥,jiǎnféi,sv.,lose weight
reduce; decrease; cut down; diminish,减少,jiǎnshǎo,v.,顾客减少了三分之一。,
顾客减少了三分之一。,Customers decreased by a third.,减少,jiǎnshǎo,v.,reduce; decrease; cut down; diminish
suggest; advise,建议,jiànyì,v.,我建议明天休息一天。,
我建议明天休息一天。,I suggest a day off tomorrow.,建议,jiànyì,v.,suggest; advise
suggestion; advice,建议,jiànyì,n.,他提出了很多有用的建议。,
他提出了很多有用的建议。,He made a lot of useful suggestions.,建议,jiànyì,n.,suggestion; advice
in the future; later,将来,jiānglái,n.,将来你打算做什么工作？,
将来你打算做什么工作？,What do you plan to do in the future?,将来,jiānglái,n.,in the future; later
prize; reward; award; bonus,奖金,jiǎngjīn,n.,我们年底发了一笔奖金。,
我们年底发了一笔奖金。,We sent a bonus at the end of the year.,奖金,jiǎngjīn,n.,prize; reward; award; bonus
lower; reduce; decrease,降低,jiàngdī,v.,秋天来了，温度开始降低了。,
秋天来了，温度开始降低了。,Autumn is here and the temperature is starting to drop.,降低,jiàngdī,v.,lower; reduce; decrease
give; hand over,交,jiāo,v.,我已经把材料交给经理了。,
我已经把材料交给经理了。,I've given the materials to the manager.,交,jiāo,v.,give; hand over
make friends,交,jiāo,v.,我交了很多中国朋友。,
我交了很多中国朋友。,I have made a lot of Chinese friends.,交,jiāo,v.,make friends
communicate,交流,jiāoliú,v.,语言是人和人之间交流的工具。,
语言是人和人之间交流的工具。,Language is a tool for people to communicate with each other.,交流,jiāoliú,v.,communicate
have an exchange with,交流,jiāoliú,v.,国家之间的文化交流越来越丰富。,
国家之间的文化交流越来越丰富。,Cultural exchanges between countries are getting richer and richer.,交流,jiāoliú,v.,have an exchange with
traffic,交通,jiāotōng,n.,常用的交通工具有汽车、火车、飞机等。,
常用的交通工具有汽车、火车、飞机等。,"Common means of transportation are cars, trains, planes, etc.",交通,jiāotōng,n.,traffic
suburbs; outskirts,郊区,jiāoqū,n.,我住在郊区，开车半个小时就能到市中心。,
我住在郊区，开车半个小时就能到市中心。,"I live on the outskirts of town, half an hour's drive to the city center.",郊区,jiāoqū,n.,suburbs; outskirts
proud,骄傲,jiāo’ào,adj.,获得了成功也不能太骄傲。,
获得了成功也不能太骄傲。,You can't be too proud of your success.,骄傲,jiāo’ào,adj.,proud
jiaozi; dumpling,饺子,jiǎozi,n.,中国人过春节要吃饺子。,
中国人过春节要吃饺子。,Chinese people eat dumplings for the Spring Festival.,饺子,jiǎozi,n.,jiaozi; dumpling
professor,教授,jiàoshòu,n.,他是一位大学教授。,
他是一位大学教授。,He is a university professor.,教授,jiàoshòu,n.,professor
education,教育,jiàoyù,n.,父母很重视孩子的教育。,
父母很重视孩子的教育。,Parents value their children's education.,教育,jiàoyù,n.,education
educate,教育,jiàoyù,v.,爸爸经常教育我要做一个诚实的人。,
爸爸经常教育我要做一个诚实的人。,Dad always taught me to be honest.,教育,jiàoyù,v.,educate
accept; take up,接受,jiēshòu,v.,你的意见我都接受。,
你的意见我都接受。,I accept all your suggestions.,接受,jiēshòu,v.,accept; take up
continue; go on,接着,jiēzhe,v.,他想了一会儿接着写。,
他想了一会儿接着写。,He thought for a moment and then wrote.,接着,jiēzhe,v.,continue; go on
section; period of class,节,jié,nm.,我们下午只有一节课。,
我们下午只有一节课。,We only have one lesson in the afternoon.,节,jié,nm.,section; period of class
economize; save; spare,节约,jiéyuē,v.,请节约用水。,
请节约用水。,Please conserve water.,节约,jiéyuē,v.,economize; save; spare
result,结果,jiéguǒ,n.,你看比赛了吗，结果怎么样？,
你看比赛了吗，结果怎么样？,Did you watch the match? What was the result?,结果,jiéguǒ,n.,result
explain; interpret; define,解释,jiěshì,v.,他把原因解释得很清楚。,
他把原因解释得很清楚。,He explained the reason very clearly.,解释,jiěshì,v.,explain; interpret; define
explanation; comment; construction; exposition,解释,jiěshì,n.,请允许我对这件事做个解释。,
请允许我对这件事做个解释。,Allow me to explain.,解释,jiěshì,n.,explanation; comment; construction; exposition
although; even though,尽管,jǐnguǎn,conj.,尽管我认识他很久了，但是并不了解。,
尽管我认识他很久了，但是并不了解。,"Although I've known him for a long time, I don't know him.",尽管,jǐnguǎn,conj.,although; even though
feel nervous,紧张,jǐnzhāng,adj.,第一次演出，他很紧张。,
第一次演出，他很紧张。,"For the first performance, he was nervous.",紧张,jǐnzhāng,adj.,feel nervous
execute; carry out,进行,jìnxíng,v.,比赛还在进行。,
比赛还在进行。,The game is still going on.,进行,jìnxíng,v.,execute; carry out
forbid; prohibit,禁止,jìnzhǐ,v.,公共场所禁止抽烟。,
公共场所禁止抽烟。,Smoking is not allowed in public places.,禁止,jìnzhǐ,v.,forbid; prohibit
Beijing Opera,京剧,jīngjù,n.,她是一位著名的京剧演员。,
她是一位著名的京剧演员。,She is a famous Peking Opera actress.,京剧,jīngjù,n.,Beijing Opera
economy,经济,jīngjì,n.,近些年来这个城市的经济发展很快快。,
近些年来这个城市的经济发展很快快。,The city's economy has grown rapidly in recent years.,经济,jīngjì,n.,economy
go through; experience; undergo,经历,jīnglì,v.,这段时间，我经历了很多事情。,
这段时间，我经历了很多事情。,I've been through a lot during this time.,经历,jīnglì,v.,go through; experience; undergo
one's past experiences,经历,jīnglì,n.,我的经历我都写在这本书里了。,
我的经历我都写在这本书里了。,My experience is written in this book.,经历,jīnglì,n.,one's past experiences
experience,经验,jīngyàn,n.,他在工作中积累了很多经验。,
他在工作中积累了很多经验。,He has accumulated a lot of experience in his work.,经验,jīngyàn,n.,experience
"(of a performance, match, etc.) brilliant, wonderful",精彩,jīngcǎi,adj.,你们的表演真精彩，大家都很喜欢。,
你们的表演真精彩，大家都很喜欢。,Your performance was amazing and everyone loved it.,精彩,jīngcǎi,adj.,"(of a performance, match, etc.) brilliant, wonderful"
scenery; view,景色,jǐngsè,n.,日落的时候，海边的景色很美。,
日落的时候，海边的景色很美。,The view by the sea is beautiful at sunset.,景色,jǐngsè,n.,scenery; view
policeman; policewoman ; cop,警察,jǐngchá,n.,我从小就想成为一名警察。,
我从小就想成为一名警察。,I've wanted to be a cop since I was a kid.,警察,jǐngchá,n.,policeman; policewoman ; cop
compete; contend,竞争,jìngzhēng,v.,运动员们在赛场上激烈地竞争。,
运动员们在赛场上激烈地竞争。,Athletes compete fiercely on the field.,竞争,jìngzhēng,v.,compete; contend
unexpectedly,竟然,jìngrán,adv.,他们竟然只用了一周就完成了任务。,
他们竟然只用了一周就完成了任务。,It only took them a week to complete the task.,竟然,jìngrán,adv.,unexpectedly
mirror; glass,镜子,jìngzi,n.,对不起，我把镜子打破了。,
对不起，我把镜子打破了。,"Sorry, I broke the mirror.",镜子,jìngzi,n.,mirror; glass
on earth,究竟,jiūjìng,adv.,你究竟为什么哭呢？,
你究竟为什么哭呢？,Why are you crying?,究竟,jiūjìng,adv.,on earth
lift; hold up,举,jǔ,v.,大家还有问题吗？请举手。,
大家还有问题吗？请举手。,Any questions? Raise your hands.,举,jǔ,v.,lift; hold up
"hold (an exhibition, contest, etc.)",举办,jǔbàn,v.,这个活动由我们来举办。,
这个活动由我们来举办。,This event is hosted by us.,举办,jǔbàn,v.,"hold (an exhibition, contest, etc.)"
perform; take place,举行,jǔxíng,v.,会议两点钟举行。,
会议两点钟举行。,The meeting took place at two o'clock.,举行,jǔxíng,v.,perform; take place
decline; reject,拒绝,jùjué,v.,他拒绝了大家的邀请。,
他拒绝了大家的邀请。,He declined everyone's invitation.,拒绝,jùjué,v.,decline; reject
be apart from; be at a distance from,距离,jùlí,v.,我家距离公司很远。,
我家距离公司很远。,My house is far from the company.,距离,jùlí,v.,be apart from; be at a distance from
meeting; get-together,聚会,jùhuì,n.,明天有个聚会，你想参加吗？,
明天有个聚会，你想参加吗？,"There's a party tomorrow, do you want to go?",聚会,jùhuì,n.,meeting; get-together
make a joke,开玩笑,kāi wánxiào,n.,你是在开玩笑吧？,
你是在开玩笑吧？,You got to be kidding me.,开玩笑,kāi wánxiào,n.,make a joke
happy; joyful; delighted,开心,kāixīn,adj.,妹妹开心地笑了。,
妹妹开心地笑了。,My sister smiled happily.,开心,kāixīn,adj.,happy; joyful; delighted
opinion,看法,kànfǎ,n.,请说说您对这件事儿的看法吧。,
请说说您对这件事儿的看法吧。,Tell us what you think of this.,看法,kànfǎ,n.,opinion
think; consider,考虑,kǎolǜ,v.,我会认真考虑一下这个问题。,
我会认真考虑一下这个问题。,I'll think about it.,考虑,kǎolǜ,v.,think; consider
science,科学,kēxué,n.,他在学校里学习了很多科学知识。,
他在学校里学习了很多科学知识。,He learned a lot of science in school.,科学,kēxué,n.,science
used for plants,棵,kē,nm.,这棵树又高又大。,
这棵树又高又大。,This tree is tall and big.,棵,kē,nm.,used for plants
cough,咳嗽,késou,v.,他感冒了，咳嗽得很厉害。,
他感冒了，咳嗽得很厉害。,He had a cold and was coughing badly.,咳嗽,késou,v.,cough
pitiful; pitiable; poor,可怜,kělián,adj.,这个小孩儿找不到家了，真可怜。,
这个小孩儿找不到家了，真可怜。,"This child can't find a home, what a pity.",可怜,kělián,adj.,pitiful; pitiable; poor
but; yet; however,可是,kěshì,conj.,虽然我很想去，可是实在没时间。,
虽然我很想去，可是实在没时间。,"Although I would love to go, I really don't have time.",可是,kěshì,conj.,but; yet; however
regrettable; unfortunate,可惜,kěxī,adj.,你不能来参加我们的聚会太可惜了。,
你不能来参加我们的聚会太可惜了。,It's a shame you can't come to our party.,可惜,kěxī,adj.,regrettable; unfortunate
living room,客厅,kètīng,n.,爸爸正在客厅看电视呢。,
爸爸正在客厅看电视呢。,Dad is watching TV in the living room.,客厅,kètīng,n.,living room
certainly; surely,肯定,kěndìng,adv.,我五点以前肯定会回来。,
我五点以前肯定会回来。,I'll definitely be back by 5.,肯定,kěndìng,adv.,certainly; surely
empty; vacant,空,kōng,adj.,盒子里是空的，什么都没有。,
盒子里是空的，什么都没有。,"The box was empty, nothing.",空,kōng,adj.,empty; vacant
air,空气,kōngqì,n.,公园里空气非常新鲜。,
公园里空气非常新鲜。,The air in the park is very fresh.,空气,kōngqì,n.,air
perhaps; probably; maybe,恐怕,kǒngpà,adv.,恐怕要下雨了，你带伞了吗？,
恐怕要下雨了，你带伞了吗？,I'm afraid it's going to rain. Do you have an umbrella?,恐怕,kǒngpà,adv.,perhaps; probably; maybe
bitter,苦,kǔ,adj.,药太苦了，我不想吃。,
药太苦了，我不想吃。,"The medicine is too bitter, I don't want to take it.",苦,kǔ,adj.,bitter
mineral water,矿泉水,kuàngquánshuǐ,n.,我买了两瓶矿泉水。,
我买了两瓶矿泉水。,I bought two bottles of mineral water.,矿泉水,kuàngquánshuǐ,n.,mineral water
feel sleepy,困,kùn,adj.,我困了，要去睡觉。,
我困了，要去睡觉。,"I'm sleepy, I have to go to bed.",困,kùn,adj.,feel sleepy
trouble; difficulty,困难,kùnnan,n.,工作中，我们遇到了很多困难。,
工作中，我们遇到了很多困难。,We had a lot of difficulties at work.,困难,kùnnan,n.,trouble; difficulty
difficult; hard; tough,困难,kùnnan,adj.,这个任务对我来说很困难。,
这个任务对我来说很困难。,This task is difficult for me.,困难,kùnnan,adj.,difficult; hard; tough
trash can,垃圾桶,lājītǒng,n.,街上有许多垃圾桶。,
街上有许多垃圾桶。,There are many trash cans on the street.,垃圾桶,lājītǒng,n.,trash can
pull,拉,lā,v.,妈妈拉着女儿的手。,
妈妈拉着女儿的手。,The mother took her daughter's hand.,拉,lā,v.,pull
(of taste) spicy; hot,辣,là,adj.,我不习惯吃太辣的菜。,
我不习惯吃太辣的菜。,I'm not used to eating too spicy food.,辣,là,adj.,(of taste) spicy; hot
haven’t enough time,来不及,láibují,adj.,我今天早上起晚了，来不及吃早饭了。,
我今天早上起晚了，来不及吃早饭了。,"I woke up late this morning, too late for breakfast.",来不及,láibují,adj.,haven’t enough time
have enough time,来得及,láidejí,adj.,电影九点半才开始，还来得及。,
电影九点半才开始，还来得及。,"The movie didn't start until 9:30, and there was still time.",来得及,láidejí,adj.,have enough time
come from,来自,láizì,v.,他来自一个美丽的海边城市。,
他来自一个美丽的海边城市。,He comes from a beautiful seaside city.,来自,láizì,v.,come from
lazy,懒,lǎn,adj.,我家的小猫很懒，一个下午都在睡觉。,
我家的小猫很懒，一个下午都在睡觉。,My kitten is lazy and sleeps all afternoon.,懒,lǎn,adj.,lazy
squander; waste,浪费,làngfèi,v.,这样做只是浪费时间。,
这样做只是浪费时间。,This is just a waste of time.,浪费,làngfèi,v.,squander; waste
romantic,浪漫,làngmàn,adj.,这本书讲了一个浪漫的爱情故事。,
这本书讲了一个浪漫的爱情故事。,The book tells a romantic love story.,浪漫,làngmàn,adj.,romantic
tiger,老虎,lǎohǔ,n.,每次去动物园，儿子最喜欢看的就是老虎。,
每次去动物园，儿子最喜欢看的就是老虎。,"Every time I go to the zoo, my son's favorite thing to see is the tiger.",老虎,lǎohǔ,n.,tiger
calm; cool; dispassionate,冷静,lěngjìng,adj.,你十分冷静地面对这个问题。,
你十分冷静地面对这个问题。,You are very calmly confronted with this problem.,冷静,lěngjìng,adj.,calm; cool; dispassionate
calm down,冷静,lěngjìng,v.,你别激动，先冷静一下。,
你别激动，先冷静一下。,"Don't get excited, just calm down.",冷静,lěngjìng,v.,calm down
divorce,离婚,líhūn,v.,我最近才知道他们离婚了。,
我最近才知道他们离婚了。,I only recently learned that they were divorced.,离婚,líhūn,v.,divorce
Sunday,礼拜天,lǐbàitiān,n.,这个礼拜天，你有空吗？,
这个礼拜天，你有空吗？,Are you free this Sunday?,礼拜天,lǐbàitiān,n.,Sunday
politeness; manners; ceremony; civility,礼貌,lǐmào,n.,这个小朋友很有礼貌。,
这个小朋友很有礼貌。,This little friend is very polite.,礼貌,lǐmào,n.,politeness; manners; ceremony; civility
get a haircut,理发,lǐfà,v.,你什么时候去理发？,
你什么时候去理发？,When do you go for a haircut?,理发,lǐfà,v.,get a haircut
understand; comprehend,理解,lǐjiě,v.,这个问题你能理解了吗？,
这个问题你能理解了吗？,Do you understand the question?,理解,lǐjiě,v.,understand; comprehend
ideal; perfection,理想,lǐxiǎng,n.,每个人都有自己的理想。,
每个人都有自己的理想。,Everyone has their own ideals.,理想,lǐxiǎng,n.,ideal; perfection
perfect; desirable,理想,lǐxiǎng,adj.,因为努力学习，他获得了理想的成绩。,
因为努力学习，他获得了理想的成绩。,"Because he studied hard, he got the ideal grades.",理想,lǐxiǎng,adj.,perfect; desirable
(physical) strength; might; force,力气,lìqi,n.,走了这么多路，我累得一点儿力气都没有了。,
走了这么多路，我累得一点儿力气都没有了。,"After walking so many ways, I was too tired to have any strength at all.",力气,lìqi,n.,(physical) strength; might; force
grave; serious; acute,厉害,lìhai,adj.,他病得很厉害，住院了。,
他病得很厉害，住院了。,He was very ill and hospitalized.,厉害,lìhai,adj.,grave; serious; acute
pair; couple,俩,liǎ,num.,我们俩是好朋友。,
我们俩是好朋友。,We're good friends.,俩,liǎ,num.,pair; couple
even (used for emphasis),连,lián,adv.,你怎么连我都忘了？,
你怎么连我都忘了？,Why have you forgotten about me?,连,lián,adv.,even (used for emphasis)
be in succession,连,lián,v.,上课的时候，老师连着问了我好几个问题。,
上课的时候，老师连着问了我好几个问题。,"During the class, the teacher asked me several questions.",连,lián,v.,be in succession
communicate; establish contact,联系,liánxì,v.,有什么问题可以随时联系我。,
有什么问题可以随时联系我。,Feel free to contact me if you have any questions.,联系,liánxì,v.,communicate; establish contact
association; relationship,联系,liánxì,n.,你和大学同学还有联系吗？,
你和大学同学还有联系吗？,Are you still in touch with your college classmates?,联系,liánxì,n.,association; relationship
cool,凉快,liángkuai,adj.,秋天的天气很凉快。,
秋天的天气很凉快。,It is cool in autumn.,凉快,liángkuai,adj.,cool
change,零钱,língqián,n.,您可以帮我换一些零钱吗？,
您可以帮我换一些零钱吗？,Can you change some change for me?,零钱,língqián,n.,change
in addition,另外,lìngwài,adj.,我还要跟你谈另外一件事情。,
我还要跟你谈另外一件事情。,There's one more thing I want to talk to you about.,另外,lìngwài,adj.,in addition
stay,留,liú,v.,我留下等他，你先走吧。,
我留下等他，你先走吧。,"I'll stay and wait for him, you go first.",留,liú,v.,stay
fluent,流利,liúlì,adj.,你的汉语说得很流利。,
你的汉语说得很流利。,You speak Chinese fluently.,流利,liúlì,adj.,fluent
popular; fashionable,流行,liúxíng,adj.,很多年轻人都喜欢流行音乐。,
很多年轻人都喜欢流行音乐。,A lot of young people love pop music.,流行,liúxíng,adj.,popular; fashionable
travel,旅行,lǚxíng,v.,我们计划夏天去云南旅行。,
我们计划夏天去云南旅行。,We plan to travel to Yunnan in the summer.,旅行,lǚxíng,v.,travel
lawyer,律师,lǜshī,n.,我的妈妈是一名律师。,
我的妈妈是一名律师。,My mom is a lawyer.,律师,lǜshī,n.,lawyer
messy; disorderly; in confusion; confused,乱,luàn,adj.,房间里很乱，我们收拾一下吧。,
房间里很乱，我们收拾一下吧。,"The room is very messy, let's clean it up.",乱,luàn,adj.,messy; disorderly; in confusion; confused
troublesome,麻烦,máfan,adj.,这件事儿很麻烦，我们需要你的帮助。,
这件事儿很麻烦，我们需要你的帮助。,This is troublesome and we need your help.,麻烦,máfan,adj.,troublesome
bother,麻烦,máfan,v.,麻烦您帮我拿个杯子好吗？,
麻烦您帮我拿个杯子好吗？,"Could you get me a cup, please?",麻烦,máfan,v.,bother
bother; burden,麻烦,máfan,n.,真不好意思，给你带来这么多麻烦。,
真不好意思，给你带来这么多麻烦。,I'm sorry for causing you so much trouble.,麻烦,máfan,n.,bother; burden
careless; negligent,马虎,mǎhu,adj.,做事要认真，不能这么马虎。,
做事要认真，不能这么马虎。,Be serious and don't be so sloppy.,马虎,mǎhu,adj.,careless; negligent
filled; full of,满,mǎn,adj.,我的书包里装满了书。,
我的书包里装满了书。,My bag was full of books.,满,mǎn,adj.,filled; full of
hair; fur,毛,máo,n.,这只小狗的毛是白色的。,
这只小狗的毛是白色的。,The puppy's fur is white.,毛,máo,n.,hair; fur
tenth of one Yuan (monetary unit),毛,máo,nm.,地上有一毛钱。,
地上有一毛钱。,There was a dime on the ground.,毛,máo,nm.,tenth of one Yuan (monetary unit)
towel,毛巾,máojīn,n.,热了吧，用毛巾擦擦汗吧。,
热了吧，用毛巾擦擦汗吧。,Warm up and wipe your sweat with a towel.,毛巾,máojīn,n.,towel
"bright; beautiful (used for sth abstract, such as life and wish)",美好,měihǎo,adj.,我觉得每天的生活都很美好。,
我觉得每天的生活都很美好。,I think life is wonderful every day.,美好,měihǎo,adj.,"bright; beautiful (used for sth abstract, such as life and wish)"
beautiful,美丽,měilì,adj.,她真是一个美丽的女孩儿。,
她真是一个美丽的女孩儿。,She is such a beautiful girl.,美丽,měilì,adj.,beautiful
dream,梦,mèng,n.,这真是个有趣的梦！,
这真是个有趣的梦！,What an interesting dream!,梦,mèng,n.,dream
have a dream while sleeping,梦,mèng,v.,昨天晚上我梦到了妈妈。,
昨天晚上我梦到了妈妈。,Last night I dreamed about my mom.,梦,mèng,v.,have a dream while sleeping
get lost; lose one’s way,迷路,mílù,v.,他在森林里迷路了。,
他在森林里迷路了。,He got lost in the forest.,迷路,mílù,v.,get lost; lose one’s way
code; password,密码,mìmǎ,n.,我把信用卡的密码忘了。,
我把信用卡的密码忘了。,I forgot my credit card password.,密码,mìmǎ,n.,code; password
free,免费,miǎnfèi,adj.,在这家饭店吃饭，饮料免费。,
在这家饭店吃饭，饮料免费。,Eat and drink at this restaurant for free.,免费,miǎnfèi,adj.,free
second,秒,miǎo,n.,哥哥跑 100 米只用了 15秒。,
哥哥跑 100 米只用了 15秒。,It only took 15 seconds for my brother to run 100 meters.,秒,miǎo,n.,second
nation; race; nationality; ethnic group,民族,mínzú,n.,中国是个多民族的国家。,
中国是个多民族的国家。,China is a multi-ethnic country.,民族,mínzú,n.,nation; race; nationality; ethnic group
mother,母亲,mǔqīn,n.,我来介绍一下，这位是我的母亲。,
我来介绍一下，这位是我的母亲。,Let me introduce you to my mother.,母亲,mǔqīn,n.,mother
purpose; aim,目的,mùdì,n.,我不明白他这样做的目的。,
我不明白他这样做的目的。,I don't understand why he's doing this.,目的,mùdì,n.,purpose; aim
inner; inside,内,nèi,n.,包括张老师在内，教室里一共有 10 个人。,
包括张老师在内，教室里一共有 10 个人。,"Including Teacher Zhang, there were 10 people in the classroom.",内,nèi,n.,inner; inside
content; substance,内容,nèiróng,n.,这篇文章的内容非常精彩。,
这篇文章的内容非常精彩。,The content of this article is fantastic.,内容,nèiróng,n.,content; substance
patience,耐心,nàixīn,n.,教育孩子要有耐心。,
教育孩子要有耐心。,Teach your child to be patient.,耐心,nàixīn,n.,patience
used in a rhetorical question,难道,nándào,adv.,这些菜难道不好吃吗？,
这些菜难道不好吃吗？,Aren't these dishes delicious?,难道,nándào,adv.,used in a rhetorical question
feel unwell; feel ill; suffer pain,难受,nánshòu,adj.,我感冒了，身体很难受。,
我感冒了，身体很难受。,I have a cold and I feel sick.,难受,nánshòu,adj.,feel unwell; feel ill; suffer pain
ability; capacity; capability,能力,nénglì,n.,每个人都有自己的能力和特点。,
每个人都有自己的能力和特点。,Everyone has their own abilities and characteristics.,能力,nénglì,n.,ability; capacity; capability
age,年龄,niánlíng,n.,随便问别人的年龄是不礼貌的。,
随便问别人的年龄是不礼貌的。,It is impolite to ask someone their age.,年龄,niánlíng,n.,age
do; manage; handle,弄,nòng,v.,小狗把房间弄得很乱。,
小狗把房间弄得很乱。,The puppy messed up the room.,弄,nòng,v.,do; manage; handle
warm,暖和,nuǎnhuo,adj.,春天来了，天气变暖和了。,
春天来了，天气变暖和了。,Spring is here and the weather is getting warmer.,暖和,nuǎnhuo,adj.,warm
once in a while; occasionally,偶尔,ǒu’ěr,adv.,我偶尔会在学校见到她。,
我偶尔会在学校见到她。,I saw her occasionally at school.,偶尔,ǒu’ěr,adv.,once in a while; occasionally
line up,排队,páiduì,v.,请大家排队，不要挤。,
请大家排队，不要挤。,Please line up and don't crowd.,排队,páiduì,v.,line up
arrange; rank; put in order,排列,páiliè,v.,请把这些盒子按照从大到小的顺序排列。,
请把这些盒子按照从大到小的顺序排列。,Please arrange these boxes in order from largest to smallest.,排列,páiliè,v.,arrange; rank; put in order
volleyball,排球,páiqíu,n.,我加入了学校的排球队。,
我加入了学校的排球队。,I joined the school's volleyball team.,排球,páiqíu,n.,volleyball
decision; judgement; estimation,判断,pànduàn,n.,你的判断完全正确。,
你的判断完全正确。,You're absolutely right.,判断,pànduàn,n.,decision; judgement; estimation
accompany; keep one’s company,陪,péi,v.,在我伤心的时候，你总是陪在我身边。,
在我伤心的时候，你总是陪在我身边。,You're always there for me when I'm sad.,陪,péi,v.,accompany; keep one’s company
criticize,批评,pīpíng,v.,老师很少会批评我。,
老师很少会批评我。,Teachers rarely criticize me.,批评,pīpíng,v.,criticize
criticism; comment,批评,pīpíng,n.,他接受了别人对他的批评。,
他接受了别人对他的批评。,He accepted criticism from others.,批评,pīpíng,n.,criticism; comment
skin,皮肤,pífū,n.,妈妈很注意保护皮肤。,
妈妈很注意保护皮肤。,Mom is very protective of her skin.,皮肤,pífū,n.,skin
temper; disposition,脾气,píqi,n.,他脾气好，从来不发火。,
他脾气好，从来不发火。,He has a good temper and never gets angry.,脾气,píqi,n.,temper; disposition
"used for essays, articles, etc.",篇,piān,nm.,这篇报道是我写的。,
这篇报道是我写的。,I wrote this story.,篇,piān,nm.,"used for essays, articles, etc."
deceive; cheat,骗,piàn,v.,我没骗你，他真的来了。,
我没骗你，他真的来了。,"I didn't lie to you, he really came.",骗,piàn,v.,deceive; cheat
table tennis; ping-pong,乒乓球,pīngpāngqiú,n.,有谁想参加乒乓球比赛？,
有谁想参加乒乓球比赛？,Who wants to play ping-pong?,乒乓球,pīngpāngqiú,n.,table tennis; ping-pong
normally; usually,平时,píngshí,n.,她平时很少运动。,
她平时很少运动。,She rarely exercises.,平时,píngshí,n.,normally; usually
bottle,瓶子,píngzi,n.,瓶子里还有水吗？,
瓶子里还有水吗？,Is there any water in the bottle?,瓶子,píngzi,n.,bottle
broken; damaged,破,pò,adj.,这个袋子已经破了，请帮我换一个。,
这个袋子已经破了，请帮我换一个。,"This bag is broken, please change it for me.",破,pò,adj.,broken; damaged
grape,葡萄,pútao,n.,葡萄五元一斤。,
葡萄五元一斤。,Five yuan a pound for grapes.,葡萄,pútao,n.,grape
universal; general,普遍,pǔbiàn,adj.,这是大家普遍反映的一个问题。,
这是大家普遍反映的一个问题。,This is an issue that is generally reflected.,普遍,pǔbiàn,adj.,universal; general
secondly; next; then,其次,qícì,prep.,内容是最主要的，其次才是形式。,
内容是最主要的，其次才是形式。,"Content is the most important, followed by form.",其次,qícì,prep.,secondly; next; then
among; in; inside,其中,qízhōng,prep.,我买的水果很多，其中包括葡萄。,
我买的水果很多，其中包括葡萄。,"I buy a lot of fruits, including grapes.",其中,qízhōng,prep.,among; in; inside
used after a verb to indicate direction or trend,起来,qǐlái,v.,他的心情好起来了。,
他的心情好起来了。,He was in a better mood.,起来,qǐlái,v.,used after a verb to indicate direction or trend
climate,气候,qìhòu,n.,你能适应北方的气候吗？,
你能适应北方的气候吗？,Can you adapt to the climate in the north?,气候,qìhòu,n.,climate
however; anyhow; in any case; at any rate; at any price,千万,qiānwàn,adv.,你千万别忘了明天的会议。,
你千万别忘了明天的会议。,Don't forget about tomorrow's meeting.,千万,qiānwàn,adv.,however; anyhow; in any case; at any rate; at any price
visa,签证,qiānzhèng,n.,我需要到大使馆去办签证。,
我需要到大使馆去办签证。,I need to go to the embassy to get a visa.,签证,qiānzhèng,n.,visa
knock; beat; strike,敲,qiāo,v.,有人敲门，你去看看谁来了。,
有人敲门，你去看看谁来了。,"Someone is knocking at the door, go and see who is coming.",敲,qiāo,v.,knock; beat; strike
bridge,桥,qiáo,n.,河上有一座小桥。,
河上有一座小桥。,There is a small bridge over the river.,桥,qiáo,n.,bridge
chocolate,巧克力,qiǎokèlì,n.,我最爱吃巧克力了。,
我最爱吃巧克力了。,I love chocolate.,巧克力,qiǎokèlì,n.,chocolate
kinsfolk; relative; relation,亲戚,qīnqi,n.,我的亲戚大多住在北京。,
我的亲戚大多住在北京。,Most of my relatives live in Beijing.,亲戚,qīnqi,n.,kinsfolk; relative; relation
light,轻,qīng,adj.,这件衣服很轻，但是很暖和。,
这件衣服很轻，但是很暖和。,This dress is light but warm.,轻,qīng,adj.,light
light; relaxed,轻松,qīngsōng,adj.,这个工作对他来说并不轻松。,
这个工作对他来说并不轻松。,The job wasn't easy for him.,轻松,qīngsōng,adj.,light; relaxed
relax,轻松,qīngsōng,v.,放假了，我们可以去轻松一下了。,
放假了，我们可以去轻松一下了。,"It's vacation time, we can go relax.",轻松,qīngsōng,v.,relax
circumstance; situation; condition; state of affair,情况,qíngkuàng,n.,她最了解公司的情况了。,
她最了解公司的情况了。,She knows the company best.,情况,qíngkuàng,n.,circumstance; situation; condition; state of affair
ask for leave,请假,qǐngjià,sv.,我生病了，所以需要请假。,
我生病了，所以需要请假。,"I am sick, so I need to take a leave of absence.",请假,qǐngjià,sv.,ask for leave
poor; poverty-stricken,穷,qióng,adj.,这位老人虽然很穷，但是生活得很快乐。,
这位老人虽然很穷，但是生活得很快乐。,"The old man was poor, but he lived happily.",穷,qióng,adj.,poor; poverty-stricken
difference,区别,qūbié,n.,这两种材料有什么区别吗？,
这两种材料有什么区别吗？,What is the difference between the two materials?,区别,qūbié,n.,difference
take; get,取,qǔ,v.,今天下午我要去银行取钱。,
今天下午我要去银行取钱。,I'm going to the bank this afternoon to pick up the money.,取,qǔ,v.,take; get
whole; all,全部,quánbù,n.,音乐就是我的全部。,
音乐就是我的全部。,Music is all I have.,全部,quánbù,n.,whole; all
whole; complete; total; all,全部,quánbù,adj.,同学们全部都来了。,
同学们全部都来了。,All the students came.,全部,quánbù,adj.,whole; complete; total; all
defect; drawback; flaw; fault; shortcoming,缺点,quēdiǎn,n.,每个人身上都有优点和缺点。,
每个人身上都有优点和缺点。,Everyone has strengths and weaknesses.,缺点,quēdiǎn,n.,defect; drawback; flaw; fault; shortcoming
lack; be short of; be pressed for; be in want of,缺少,quēshǎo,v.,你看还缺少什么，我现在就去买。,
你看还缺少什么，我现在就去买。,"You see what's missing, I'll go buy it now.",缺少,quēshǎo,v.,lack; be short of; be pressed for; be in want of
but; yet; however; while,却,què,conj.,我有很多话要说，可是一紧张却说不出来了。,
我有很多话要说，可是一紧张却说不出来了。,"I have a lot to say, but I can't say it when I'm nervous.",却,què,conj.,but; yet; however; while
really; indeed,确实,quèshí,adv.,你最近确实很有进步。,
你最近确实很有进步。,You've really improved lately.,确实,quèshí,adv.,really; indeed
yet; but; however; nevertheless,然而,rán’ér,conj.,我花了很多时间来读这本书，然而一直没有读 懂。,
我花了很多时间来读这本书，然而一直没有读 懂。,I spent a lot of time reading this book and never did. Got it.,然而,rán’ér,conj.,yet; but; however; nevertheless
lively; bustling with noise and excitement,热闹,rènao,adj.,大街上非常热闹。,
大街上非常热闹。,The street is very lively.,热闹,rènao,adj.,lively; bustling with noise and excitement
any; whichever; whatever,任何,rènhé,pron.,妈妈比任何人都了解我。,
妈妈比任何人都了解我。,Mom knows me better than anyone.,任何,rènhé,pron.,any; whichever; whatever
assignment; mission; task; job; duty,任务,rènwu,n.,他很快就能完成这个任务。,
他很快就能完成这个任务。,He will soon be able to complete this task.,任务,rènwu,n.,assignment; mission; task; job; duty
throw away; cast aside,扔,rēng,v.,请把垃圾扔到垃圾桶里。,
请把垃圾扔到垃圾桶里。,Please throw your trash in the bin.,扔,rēng,v.,throw away; cast aside
still; yet,仍然,réngrán,adv.,今天仍然是个好天气。,
今天仍然是个好天气。,It's still a nice day.,仍然,réngrán,adv.,still; yet
diary; journal,日记,rìjì,n.,女儿养成了每天写日记的习惯。,
女儿养成了每天写日记的习惯。,My daughter has developed a habit of keeping a diary every day.,日记,rìjì,n.,diary; journal
entrance; entry,入口,rùkǒu,n.,我在大楼的入口等你。,
我在大楼的入口等你。,I'll wait for you at the entrance of the building.,入口,rùkǒu,n.,entrance; entry
take a walk; go for a walk,散步,sànbù,sv.,晚饭后，我们经常出去散步。,
晚饭后，我们经常出去散步。,We often go for a walk after dinner.,散步,sànbù,sv.,take a walk; go for a walk
forest,森林,sēnlín,n.,ft 上有一大片森林。,
ft 上有一大片森林。,there is a large forest on the ft.,森林,sēnlín,n.,forest
sofa; upholstered arm chair,沙发,shāfā,n.,请在沙发上坐一会儿，我去给您倒杯茶。,
请在沙发上坐一会儿，我去给您倒杯茶。,Please sit on the sofa for a while while while I pour you a cup of tea.,沙发,shāfā,n.,sofa; upholstered arm chair
sad; grieved; heart-broken; broken-hearted,伤心,shāngxīn,adj.,听到这个消息后，我很伤心。,
听到这个消息后，我很伤心。,I was heartbroken when I heard the news.,伤心,shāngxīn,adj.,sad; grieved; heart-broken; broken-hearted
consult; discuss; talk over,商量,shāngliang,v.,这件事儿要先和家人商量一下。,
这件事儿要先和家人商量一下。,Discuss this matter with your family first.,商量,shāngliang,v.,consult; discuss; talk over
a little; bit; slightly,稍微,shāowēi,adv.,稍微一马虎就会出错。,
稍微一马虎就会出错。,Slightly sloppy will make mistakes.,稍微,shāowēi,adv.,a little; bit; slightly
spoon; scoop; ladle,勺子,sháozi,n.,不好意思，我把勺子掉在地上了。,
不好意思，我把勺子掉在地上了。,"Sorry, I dropped the spoon on the floor.",勺子,sháozi,n.,spoon; scoop; ladle
society,社会,shèhuì,n.,这些社会问题大家都很关心。,
这些社会问题大家都很关心。,These social issues are of great concern to everyone.,社会,shèhuì,n.,society
apply for; ask for; make an official request,申请,shēnqǐng,v.,我向银行申请了一张信用卡。,
我向银行申请了一张信用卡。,I applied for a credit card from my bank.,申请,shēnqǐng,v.,apply for; ask for; make an official request
deep,深,shēn,adj.,这条河很深，有一百多米。,
这条河很深，有一百多米。,"The river is very deep, more than 100 meters.",深,shēn,adj.,deep
even; so far as to; so much so that,甚至,shènzhì,adv.,大家玩儿得很开心，甚至忘了时间。,
大家玩儿得很开心，甚至忘了时间。,Everyone had a great time and even forgot the time.,甚至,shènzhì,adv.,even; so far as to; so much so that
life; livelihood,生活,shēnghuó,n.,他是一个热爱生活的人。,
他是一个热爱生活的人。,He is a lover of life.,生活,shēnghuó,n.,life; livelihood
life,生命,shēngmìng,n.,他把艺术看得比自己的生命更重要。,
他把艺术看得比自己的生命更重要。,He valued art more than his own life.,生命,shēngmìng,n.,life
business; trade,生意,shēngyi,n.,他的生意越做越大。,
他的生意越做越大。,His business is getting bigger.,生意,shēngyi,n.,business; trade
province,省,shěng,n.,我来自 ft 东省。,
我来自 ft 东省。,I am from ft eastern province.,省,shěng,n.,province
be left over; remain,剩,shèng,v.,大家都走了，只剩下他一个人。,
大家都走了，只剩下他一个人。,"Everyone left, leaving him alone.",剩,shèng,v.,be left over; remain
be defeated; be beaten; lose; fail; come to nothing,失败,shībài,v.,这次比赛，我们又失败了。,
这次比赛，我们又失败了。,"This time, we failed again.",失败,shībài,v.,be defeated; be beaten; lose; fail; come to nothing
failure; loss; miss; defeat; breakdown,失败,shībài,n.,虽然经历过很多次失败，但我从来没有放弃 过。,
虽然经历过很多次失败，但我从来没有放弃 过。,"Despite many failures, I never gave up Over.",失败,shībài,n.,failure; loss; miss; defeat; breakdown
lose hope,失望,shīwàng,v.,大家不要失望，我们还是有希望的。,
大家不要失望，我们还是有希望的。,"Don't be disappointed, we still have hope.",失望,shīwàng,v.,lose hope
disappointed; frustrated,失望,shīwàng,adj.,我对他很失望。,
我对他很失望。,I was disappointed in him.,失望,shīwàng,adj.,disappointed; frustrated
"used to address strangers in everyday life, similar to “mister” or “sir”",师傅,shīfu,n.,师傅，请问电影院怎么走？,
师傅，请问电影院怎么走？,"Master, how do I get to the cinema?",师傅,shīfu,n.,"used to address strangers in everyday life, similar to “mister” or “sir”"
very; fully; utterly; extremely; completely,十分,shífēn,adv.,我对今天的演出十分满意。,
我对今天的演出十分满意。,I am very happy with today's performance.,十分,shífēn,adv.,very; fully; utterly; extremely; completely
real; actual,实际,shíjì,adj.,他用了一个实际的例子来说明这个问题。,
他用了一个实际的例子来说明这个问题。,He illustrates the problem with a practical example.,实际,shíjì,adj.,real; actual
true; real; honest; dependable,实在,shízaì,adj.,这个人很实在，值得信任。,
这个人很实在，值得信任。,This person is very real and trustworthy.,实在,shízaì,adj.,true; real; honest; dependable
indeed; really,实在,shízaì,adv.,我实在是太累了。,
我实在是太累了。,I'm so tired.,实在,shízaì,adv.,indeed; really
make; cause; enable,使,shǐ,v.,他的话使我很感动。,
他的话使我很感动。,I was touched by his words.,使,shǐ,v.,make; cause; enable
use,使用,shǐyòng,v.,中国人吃饭一般使用筷子。,
中国人吃饭一般使用筷子。,Chinese people generally use chopsticks for eating.,使用,shǐyòng,v.,use
century,世纪,shìjì,n.,现在是二十一世纪了。,
现在是二十一世纪了。,It's the 21st century.,世纪,shìjì,n.,century
whether or not,是否,shìfǒu,adv.,他是否能来，我还不太清楚。,
他是否能来，我还不太清楚。,I don't know if he will be able to come.,是否,shìfǒu,adv.,whether or not
suit; fit; be appropriate for,适合,shìhé,v.,我不太适合穿绿色的衣服。,
我不太适合穿绿色的衣服。,I am not very comfortable in green.,适合,shìhé,v.,suit; fit; be appropriate for
adjust; adapt; fit,适应,shìyìng,v.,我已经适应这里的工作环境了。,
我已经适应这里的工作环境了。,I have adapted to the working environment here.,适应,shìyìng,v.,adjust; adapt; fit
receive; accept,收,shōu,v.,我收到你的信了。,
我收到你的信了。,I got your letter.,收,shōu,v.,receive; accept
income; revenue,收入,shōurù,n.,他每年有 20 万的收入。,
他每年有 20 万的收入。,"He earns $200,000 a year.",收入,shōurù,n.,income; revenue
put in order; tidy; clear away,收拾,shōushi,v.,我在收拾行李呢。,
我在收拾行李呢。,I'm packing.,收拾,shōushi,v.,put in order; tidy; clear away
capital (of a country),首都,shǒudū,n,中国的首都是北京。,
中国的首都是北京。,The capital of China is Beijing.,首都,shǒudū,n,capital (of a country)
first of all,首先,shǒuxiān,adv.,首先要休息好，然后才能工作好。,
首先要休息好，然后才能工作好。,"Rest first, then work well.",首先,shǒuxiān,adv.,first of all
can’t bear; can't stand,受不了,shòubuliǎo,adv.,这里太吵了，真让人受不了。,
这里太吵了，真让人受不了。,"It's too noisy here, I can't stand it.",受不了,shòubuliǎo,adv.,can’t bear; can't stand
accept; recieve,受到,shòudào,v.,他的小说受到了读者们的欢迎。,
他的小说受到了读者们的欢迎。,His novels are popular with readers.,受到,shòudào,v.,accept; recieve