love,爱,ài,v.,妈妈，我爱你。,,mā mā ， wǒ ài nǐ 。
妈妈，我爱你。,"Mom, I love you.",爱,ài,v.,love,mā mā ， wǒ ài nǐ 。
like doing sth.,爱,ài,v.,我爱吃米饭。,,wǒ ài chī mǐ fàn 。
我爱吃米饭。,I love rice.,爱,ài,v.,like doing sth.,wǒ ài chī mǐ fàn 。
eight,八,bā,num.,他儿子今年八岁了。,,tā ér zi jīn nián bā suì le 。
他儿子今年八岁了。,His son is eight years old this year.,八,bā,num.,eight,tā ér zi jīn nián bā suì le 。
father; dad; daddy,爸爸,bàba,n.,我爸爸是医生。,,wǒ bà bà shì yī shēng 。
我爸爸是医生。,My dad is a doctor.,爸爸,bàba,n.,father; dad; daddy,wǒ bà bà shì yī shēng 。
cup; glass,杯子,bēizi,n.,杯子里有茶。,,bēi zi lǐ yǒu chá 。
杯子里有茶。,There is tea in the cup.,杯子,bēizi,n.,cup; glass,bēi zi lǐ yǒu chá 。
Beijing,北京,Běijīng,n.,我住在北京。,,wǒ zhù zài běi jīng 。
我住在北京。,I live in Beijing.,北京,Běijīng,n.,Beijing,wǒ zhù zài běi jīng 。
copy; issue (used for counting books and other bound items),本,běn,nm.,桌子上有一本书。,,zhuō zi shàng yǒu yī běn shū 。
桌子上有一本书。,There is a book on the table.,本,běn,nm.,copy; issue (used for counting books and other bound items),zhuō zi shàng yǒu yī běn shū 。
notebook,本,běn,n.,请大家把作业本儿拿出来。,,qǐng dà jiā bǎ zuò yè běn ér ná chū lái 。
请大家把作业本儿拿出来。,Please take out the homework book.,本,běn,n.,notebook,qǐng dà jiā bǎ zuò yè běn ér ná chū lái 。
You’re welcome.,不客气,bú kèqi,n.,甲：谢谢你！乙：不客气。,,jiǎ ： xiè xiè nǐ ！ yǐ ： bú kè qì 。
甲：谢谢你！乙：不客气。,A: Thank you! B: You're welcome.,不客气,bú kèqi,n.,You’re welcome.,jiǎ ： xiè xiè nǐ ！ yǐ ： bú kè qì 。
not; no,不,bù,adv.,我不是学生。,,wǒ bú shì xué shēng 。
我不是学生。,I'm not a student,不,bù,adv.,not; no,wǒ bú shì xué shēng 。
vegetable,菜,cài,n.,我去超市买点儿菜。,,wǒ qù chāo shì mǎi diǎn ér cài 。
我去超市买点儿菜。,I'll go to the supermarket and get some food.,菜,cài,n.,vegetable,wǒ qù chāo shì mǎi diǎn ér cài 。
dish,菜,cài,n.,今天我做了三个~。,,jīn tiān wǒ zuò le sān gè ~。
今天我做了三个~。,Today I made three ~.,菜,cài,n.,dish,jīn tiān wǒ zuò le sān gè ~。
tea (liquid drink/tea leaves),茶,chá,n.,请喝杯茶吧。,,qǐng hē bēi chá ba 。
请喝杯茶吧。,Please have a cup of tea.,茶,chá,n.,tea (liquid drink/tea leaves),qǐng hē bēi chá ba 。
eat,吃,chī,v.,请吃点儿米饭。,,qǐng chī diǎn ér mǐ fàn 。
请吃点儿米饭。,Please have some rice.,吃,chī,v.,eat,qǐng chī diǎn ér mǐ fàn 。
taxi,出租车,chūzūchē,n.,我们坐出租车去火车站。,,wǒ men zuò chū zū chē qù huǒ chē zhàn 。
我们坐出租车去火车站。,We take a taxi to the train station.,出租车,chūzūchē,n.,taxi,wǒ men zuò chū zū chē qù huǒ chē zhàn 。
make a phone call,打电话,dǎ diànhuà,n.,他在打电话呢。,,tā zài dǎ diàn huà ne 。
他在打电话呢。,He's on the phone.,打电话,dǎ diànhuà,n.,make a phone call,tā zài dǎ diàn huà ne 。
big; large; huge; great,大,dà,adj.,这个苹果很大。,,zhè ge píng guǒ hěn dà 。
这个苹果很大。,This apple is big.,大,dà,adj.,big; large; huge; great,zhè ge píng guǒ hěn dà 。
of (marker of attributive),的,de,sa.,这是我的书。,,zhè shì wǒ de shū 。
这是我的书。,This is my book.,的,de,sa.,of (marker of attributive),zhè shì wǒ de shū 。
expressing emphasis,的,de,sa.,我是坐飞机来中国的。,,wǒ shì zuò fēi jī lái zhōng guó de 。
我是坐飞机来中国的。,I came to China by plane.,的,de,sa.,expressing emphasis,wǒ shì zuò fēi jī lái zhōng guó de 。
indicating sb. or sth.,的,de,sa.,家里没吃的了，我们去买点儿吧。,,jiā lǐ méi chī de le ， wǒ men qù mǎi diǎn ér ba 。
家里没吃的了，我们去买点儿吧。,"There is no food at home, let's go buy some.",的,de,sa.,indicating sb. or sth.,jiā lǐ méi chī de le ， wǒ men qù mǎi diǎn ér ba 。
o’clock,点,diǎn,n.,现在是下午 3点20。,,xiàn zài shì xià wǔ  3 diǎn 20。
现在是下午 3点20。,It is 3:20 pm.,点,diǎn,n.,o’clock,xiàn zài shì xià wǔ  3 diǎn 20。
order,点,diǎn,v.,先生，请问您什么时候开始点菜？,,xiān shēng ， qǐng wèn nín shén me shí hòu kāi shǐ diǎn cài ？
先生，请问您什么时候开始点菜？,"Sir, when do you start ordering?",点,diǎn,v.,order,xiān shēng ， qǐng wèn nín shén me shí hòu kāi shǐ diǎn cài ？
light,点,diǎn,v.,你把火点着吧。,,nǐ bǎ huǒ diǎn zháo ba 。
你把火点着吧。,Light the fire.,点,diǎn,v.,light,nǐ bǎ huǒ diǎn zháo ba 。
computer,电脑,diànnǎo,n.,我买了个电脑。,,wǒ mǎi le gè diàn nǎo 。
我买了个电脑。,I bought a computer.,电脑,diànnǎo,n.,computer,wǒ mǎi le gè diàn nǎo 。
television,电视,diànshì,n.,妈妈在看电视。,,mā mā zài kàn diàn shì 。
妈妈在看电视。,Mom is watching TV.,电视,diànshì,n.,television,mā mā zài kàn diàn shì 。
motion picture; movie; film,电影,diànyǐng,n.,我喜欢看电影。,,wǒ xǐ huān kàn diàn yǐng 。
我喜欢看电影。,I like to watch movies.,电影,diànyǐng,n.,motion picture; movie; film,wǒ xǐ huān kàn diàn yǐng 。
thing; object,东西,dōngxi,n.,我在商店买了很多东西。,,wǒ zài shāng diàn mǎi le hěn duō dōng xī 。
我在商店买了很多东西。,I bought a lot of things in the store.,东西,dōngxi,n.,thing; object,wǒ zài shāng diàn mǎi le hěn duō dōng xī 。
all,都,dōu,adv.,我们都来了。,,wǒ men dōu lái le 。
我们都来了。,We're all here.,都,dōu,adv.,all,wǒ men dōu lái le 。
used to emphasize,都,dōu,adv.,我都快吃完了。,,wǒ dōu kuài chī wán le 。
我都快吃完了。,I'm almost done.,都,dōu,adv.,used to emphasize,wǒ dōu kuài chī wán le 。
already,都,dōu,adv.,现在都三点了，我们快迟到了。,,xiàn zài dōu sān diǎn le ， wǒ men kuài chí dào le 。
现在都三点了，我们快迟到了。,"It's three o'clock now, we're going to be late.",都,dōu,adv.,already,xiàn zài dōu sān diǎn le ， wǒ men kuài chí dào le 。
read,读,dú,v.,你会读这个汉字吗？ 你喜欢读书吗？,,nǐ huì dú zhè ge hàn zì ma ？  nǐ xǐ huān dú shū ma ？
你会读这个汉字吗？ 你喜欢读书吗？,Can you read this character? Do you like reading?,读,dú,v.,read,nǐ huì dú zhè ge hàn zì ma ？  nǐ xǐ huān dú shū ma ？
I’m sorry.,对不起,duìbuqǐ,v.,甲：对不起。乙：没关系。,,jiǎ ： duì bù qǐ 。 yǐ ： méi guān xì 。
甲：对不起。乙：没关系。,A: Sorry. B: It's okay.,对不起,duìbuqǐ,v.,I’m sorry.,jiǎ ： duì bù qǐ 。 yǐ ： méi guān xì 。
a lot of,多,duō,adj.,这里的人很多。,,zhè lǐ de rén hěn duō 。
这里的人很多。,There are a lot of people here.,多,duō,adj.,a lot of,zhè lǐ de rén hěn duō 。
"how (used in an interrogative sentence, expressing an inquiry of number or degree)",多,duō,adv.,你儿子多大了？,,nǐ ér zi duō dà le ？
你儿子多大了？,how old is your son,多,duō,adv.,"how (used in an interrogative sentence, expressing an inquiry of number or degree)",nǐ ér zi duō dà le ？
"how (used before an adjective, indicating exclamation)",多,duō,adv.,他跑得多快啊！,,tā pǎo dé duō kuài a ！
他跑得多快啊！,How fast he runs!,多,duō,adv.,"how (used before an adjective, indicating exclamation)",tā pǎo dé duō kuài a ！
how many; how much,多少,duōshao,pron.,你们学校有多少学生？,,nǐ men xué xiào yǒu duō shǎo xué shēng ？
你们学校有多少学生？,How many students are in your school?,多少,duōshao,pron.,how many; how much,nǐ men xué xiào yǒu duō shǎo xué shēng ？
son,儿子,érzi,n.,我儿子三岁了。,,wǒ ér zi sān suì le 。
我儿子三岁了。,My son is three years old.,儿子,érzi,n.,son,wǒ ér zi sān suì le 。
two,二,èr,num.,现在十二点了。,,xiàn zài shí èr diǎn le 。
现在十二点了。,It was now twelve o'clock.,二,èr,num.,two,xiàn zài shí èr diǎn le 。
"restaurant,eatery;(large) hotel",饭店,fàndiàn,n.,中午我们去饭店吃吧。,,zhōng wǔ wǒ men qù fàn diàn chī ba 。
中午我们去饭店吃吧。,Let's go to the restaurant at noon.,饭店,fàndiàn,n.,"restaurant,eatery;(large) hotel",zhōng wǔ wǒ men qù fàn diàn chī ba 。
plane,飞机,fēijī,n.,我坐飞机去北京。,,wǒ zuò fēi jī qù běi jīng 。
我坐飞机去北京。,I'm flying to Beijing.,飞机,fēijī,n.,plane,wǒ zuò fēi jī qù běi jīng 。
minute,分钟,fēnzhōng,n.,我想休息几分钟。,,wǒ xiǎng xiū xī jǐ fēn zhōng 。
我想休息几分钟。,I'd like to take a few minutes off.,分钟,fēnzhōng,n.,minute,wǒ xiǎng xiū xī jǐ fēn zhōng 。
happy; glad; cheerful; pleased,高兴,gāoxìng,adj.,今天我很高兴。,,jīn tiān wǒ hěn gāo xìng 。
今天我很高兴。,i am happy today,高兴,gāoxìng,adj.,happy; glad; cheerful; pleased,jīn tiān wǒ hěn gāo xìng 。
used with nouns without specific measure words,个,gè,nm.,我是一个学生。,,wǒ shì yí gè xué shēng 。
我是一个学生。,I am a student.,个,gè,nm.,used with nouns without specific measure words,wǒ shì yí gè xué shēng 。
job; work,工作,gōngzuò,n.,我很喜欢现在的工作。,,wǒ hěn xǐ huān xiàn zài de gōng zuò 。
我很喜欢现在的工作。,I love my current job.,工作,gōngzuò,n.,job; work,wǒ hěn xǐ huān xiàn zài de gōng zuò 。
work,工作,gōngzuò,v.,我在医院工作。,,wǒ zài yī yuàn gōng zuò 。
我在医院工作。,I work in a hospital.,工作,gōngzuò,v.,work,wǒ zài yī yuàn gōng zuò 。
Chinese language,汉语,Hànyǔ,n.,他在学习汉语。,,tā zài xué xí hàn yǔ 。
他在学习汉语。,He is learning Chinese.,汉语,Hànyǔ,n.,Chinese language,tā zài xué xí hàn yǔ 。
good; nice; well; fine,好,hǎo,adj.,今天天气很好。,,jīn tiān tiān qì hěn hǎo 。
今天天气很好。,The weather is very good today.,好,hǎo,adj.,good; nice; well; fine,jīn tiān tiān qì hěn hǎo 。
ok; please,好,hǎo,adj.,你听我说，好吗？,,nǐ tīng wǒ shuō ， hǎo ma ？
你听我说，好吗？,"Listen to me, okay?",好,hǎo,adj.,ok; please,nǐ tīng wǒ shuō ， hǎo ma ？
very,好,hǎo,adv.,你的衣服好漂亮啊！,,nǐ de yī fú hǎo piào liàng a ！
你的衣服好漂亮啊！,Your clothes are so beautiful!,好,hǎo,adv.,very,nǐ de yī fú hǎo piào liàng a ！
date,号,hào,n.,今天是 2002 年 1 月 1号。,,jīn tiān shì  2002  nián  1  yuè  1 hào 。
今天是 2002 年 1 月 1号。,"Today is January 1, 2002.",号,hào,n.,date,jīn tiān shì  2002  nián  1  yuè  1 hào 。
number,号,hào,nm.,你的房间号是多少？,,nǐ de fáng jiān hào shì duō shǎo ？
你的房间号是多少？,What's your room number?,号,hào,nm.,number,nǐ de fáng jiān hào shì duō shǎo ？
drink,喝,hē,v.,我想喝水。,,wǒ xiǎng hē shuǐ 。
我想喝水。,I would like water,喝,hē,v.,drink,wǒ xiǎng hē shuǐ 。
and,和,hé,conj.,爸爸和妈妈都在家。,,bà bà hé mā mā dōu zài jiā 。
爸爸和妈妈都在家。,Mom and Dad are at home.,和,hé,conj.,and,bà bà hé mā mā dōu zài jiā 。
with,和,hé,prep.,他和王先生说话呢。,,tā hé wáng xiān shēng shuō huà ne 。
他和王先生说话呢。,He was talking to Mr. Wang.,和,hé,prep.,with,tā hé wáng xiān shēng shuō huà ne 。
very,很,hěn,adv.,李小姐很漂亮。,,lǐ xiǎo jiě hěn piào liàng 。
李小姐很漂亮。,Miss Li is very beautiful.,很,hěn,adv.,very,lǐ xiǎo jiě hěn piào liàng 。
at the back; in the rear; behind,后面,hòumiàn,n.,商店在学校后面。,,shāng diàn zài xué xiào hòu miàn 。
商店在学校后面。,The shop is behind the school.,后面,hòumiàn,n.,at the back; in the rear; behind,shāng diàn zài xué xiào hòu miàn 。
later; afterwards,后面,hòumiàn,n.,关于这个问题，后面我还会详细说。,,guān yú zhè ge wèn tí ， hòu miàn wǒ hái huì xiáng xì shuō 。
关于这个问题，后面我还会详细说。,I will elaborate on this later.,后面,hòumiàn,n.,later; afterwards,guān yú zhè ge wèn tí ， hòu miàn wǒ hái huì xiáng xì shuō 。
go back,回,huí,v.,我八点回家。,,wǒ bā diǎn huí jiā 。
我八点回家。,I'll be home at 8.,回,huí,v.,go back,wǒ bā diǎn huí jiā 。
number of times,回,huí,vm.,我去过一回北京。,,wǒ qù guò yī huí běi jīng 。
我去过一回北京。,I went to Beijing once.,回,huí,vm.,number of times,wǒ qù guò yī huí běi jīng 。
can; be capable of,会,huì,aux.,我会开车。,,wǒ huì kāi chē 。
我会开车。,I can drive.,会,huì,aux.,can; be capable of,wǒ huì kāi chē 。
"used after a verb, resultative",会,huì,v.,我学会了汉语。,,wǒ xué huì le hàn yǔ 。
我学会了汉语。,I learned Chinese.,会,huì,v.,"used after a verb, resultative",wǒ xué huì le hàn yǔ 。
may,会,huì,aux.,明天是不会下雨的。,,míng tiān shì bú huì xià yǔ de 。
明天是不会下雨的。,It won't rain tomorrow.,会,huì,aux.,may,míng tiān shì bú huì xià yǔ de 。
meeting,会,huì,n.,我们在开会。,,wǒ men zài kāi huì 。
我们在开会。,We're in a meeting.,会,huì,n.,meeting,wǒ men zài kāi huì 。
how many,几,jǐ,pron.,你有几个儿子？,,nǐ yǒu jǐ gè ér zi ？
你有几个儿子？,How many sons do you have?,几,jǐ,pron.,how many,nǐ yǒu jǐ gè ér zi ？
express an indeterminate amount,几,jǐ,pron.,我家里来了几个人。,,wǒ jiā lǐ lái le jǐ gè rén 。
我家里来了几个人。,A few people came to my house.,几,jǐ,pron.,express an indeterminate amount,wǒ jiā lǐ lái le jǐ gè rén 。
home; family; household,家,jiā,n.,我家在北京。,,wǒ jiā zài běi jīng 。
我家在北京。,My home is in Beijing.,家,jiā,n.,home; family; household,wǒ jiā zài běi jīng 。
"used for families, restaurants, hotels or companies",家,jiā,nm.,我哥哥开了一家公司。,,wǒ gē gē kāi le yī jiā gōng sī 。
我哥哥开了一家公司。,My brother started a company.,家,jiā,nm.,"used for families, restaurants, hotels or companies",wǒ gē gē kāi le yī jiā gōng sī 。
call(ed) (followed by a name),叫,jiào,v.,我的名字叫李明。,,wǒ de míng zì jiào lǐ míng 。
我的名字叫李明。,My name is Li Ming.,叫,jiào,v.,call(ed) (followed by a name),wǒ de míng zì jiào lǐ míng 。
today,今天,jīntiān,n.,我今天去北京。,,wǒ jīn tiān qù běi jīng 。
我今天去北京。,I'm going to Beijing today.,今天,jīntiān,n.,today,wǒ jīn tiān qù běi jīng 。
now; at present,今天,jīntiān,n,在今天，过去的东西我们都不太理解了。,,zài jīn tiān ， guò qù de dōng xī wǒ men dōu bù tài lǐ jiě le 。
在今天，过去的东西我们都不太理解了。,"Today, we don't understand much about the past.",今天,jīntiān,n,now; at present,zài jīn tiān ， guò qù de dōng xī wǒ men dōu bù tài lǐ jiě le 。
nine,九,jiǔ,num.,今天是八月九日。,,jīn tiān shì bā yuè jiǔ rì 。
今天是八月九日。,Today is August 9th.,九,jiǔ,num.,nine,jīn tiān shì bā yuè jiǔ rì 。
drive,开,kāi,v.,我开了三年出租车了。,,wǒ kāi le sān nián chū zū chē le 。
我开了三年出租车了。,I've been driving a taxi for three years.,开,kāi,v.,drive,wǒ kāi le sān nián chū zū chē le 。
open; found,开,kāi,v.,我爸爸开了一个小公司。,,wǒ bà bà kāi le yí gè xiǎo gōng sī 。
我爸爸开了一个小公司。,My dad started a small company.,开,kāi,v.,open; found,wǒ bà bà kāi le yí gè xiǎo gōng sī 。
open,开,kāi,v.,请开门，让我进去。,,qǐng kāi mén ， ràng wǒ jìn qù 。
请开门，让我进去。,Please open the door and let me in.,开,kāi,v.,open,qǐng kāi mén ， ràng wǒ jìn qù 。
hold,开,kāi,v.,我们学校在每年夏天开运动会。,,wǒ men xué xiào zài měi nián xià tiān kāi yùn dòng huì 。
我们学校在每年夏天开运动会。,Athletic meets are held in our school every summer.,开,kāi,v.,hold,wǒ men xué xiào zài měi nián xià tiān kāi yùn dòng huì 。
look; watch,看,kàn,v.,你看，那本书在桌子上呢。,,nǐ kàn ， nà běn shū zài zhuō zi shàng ne 。
你看，那本书在桌子上呢。,"Look, there's the book on the table.",看,kàn,v.,look; watch,nǐ kàn ， nà běn shū zài zhuō zi shàng ne 。
read; appreciate,看,kàn,v.,我在看书呢。,,wǒ zài kàn shū ne 。
我在看书呢。,I'm reading a book.,看,kàn,v.,read; appreciate,wǒ zài kàn shū ne 。
see,看见,kànjiàn,v.,我没看见他。,,wǒ méi kàn jiàn tā 。
我没看见他。,I didn't see him.,看见,kànjiàn,v.,see,wǒ méi kàn jiàn tā 。
RMB Yuan,块,kuài,nm.,这本书三十块钱。,,zhè běn shū sān shí kuài qián 。
这本书三十块钱。,Thirty dollars for this book.,块,kuài,nm.,RMB Yuan,zhè běn shū sān shí kuài qián 。
piece,块,kuài,nm.,来吃块西瓜吧。,,lái chī kuài xī guā ba 。
来吃块西瓜吧。,Let's have a watermelon.,块,kuài,nm.,piece,lái chī kuài xī guā ba 。
together,块,kuài,vm.,我跟朋友在一块儿呢。,,wǒ gēn péng yǒu zài yī kuài ér ne 。
我跟朋友在一块儿呢。,I'm with a friend.,块,kuài,vm.,together,wǒ gēn péng yǒu zài yī kuài ér ne 。
come,来,lái,v.,他是昨天来这儿的。,,tā shì zuó tiān lái zhè ér de 。
他是昨天来这儿的。,He came here yesterday.,来,lái,v.,come,tā shì zuó tiān lái zhè ér de 。
used to indicate some action,来,lái,v.,再来点儿水果，怎么样？,,zài lái diǎn ér shuǐ guǒ ， zěn me yàng ？
再来点儿水果，怎么样？,How about some more fruit?,来,lái,v.,used to indicate some action,zài lái diǎn ér shuǐ guǒ ， zěn me yàng ？
teacher,老师,lǎoshī,n.,他就是我们的汉语老师。,,tā jiù shì wǒ men de hàn yǔ lǎo shī 。
他就是我们的汉语老师。,He is our Chinese teacher.,老师,lǎoshī,n.,teacher,tā jiù shì wǒ men de hàn yǔ lǎo shī 。
used at the end of a senence to indicate change in status,了,le,mp.,昨天下雨了。,,zuó tiān xià yǔ le 。
昨天下雨了。,It rained yesterday.,了,le,mp.,used at the end of a senence to indicate change in status,zuó tiān xià yǔ le 。
used after a verb to indicate that the action is in the past and has been completed,了,le,sa.,我吃了饭就去你那里。,,wǒ chī le fàn jiù qù nǐ nà lǐ 。
我吃了饭就去你那里。,I'll come to you after dinner.,了,le,sa.,used after a verb to indicate that the action is in the past and has been completed,wǒ chī le fàn jiù qù nǐ nà lǐ 。
cold,冷,lěng,adj.,今天太冷了。,,jīn tiān tài lěng le 。
今天太冷了。,It's too cold today.,冷,lěng,adj.,cold,jīn tiān tài lěng le 。
interior; inside,里,lǐ,n.,我们都在学校里。,,wǒ men dōu zài xué xiào lǐ 。
我们都在学校里。,We're all at school.,里,lǐ,n.,interior; inside,wǒ men dōu zài xué xiào lǐ 。
zero,零,líng,num.,今年是二零一二年。,,jīn nián shì èr líng yī èr nián 。
今年是二零一二年。,This year is 2012.,零,líng,num.,zero,jīn nián shì èr líng yī èr nián 。
six,六,liù,num.,桌子上有六个杯子。,,zhuō zi shàng yǒu liù gè bēi zi 。
桌子上有六个杯子。,There are six cups on the table.,六,liù,num.,six,zhuō zi shàng yǒu liù gè bēi zi 。
mother; ma; mamma;mum,妈妈,māma,n.,我妈妈不在家。,,wǒ mā mā bù zài jiā 。
我妈妈不在家。,My mother is not at home.,妈妈,māma,n.,mother; ma; mamma;mum,wǒ mā mā bù zài jiā 。
"used at the end of a sentence, indicating a question",吗,ma,mp.,你是中国人吗？,,nǐ shì zhōng guó rén ma ？
你是中国人吗？,Are you Chinese?,吗,ma,mp.,"used at the end of a sentence, indicating a question",nǐ shì zhōng guó rén ma ？
buy,买,mǎi,v.,我买了一些苹果。,,wǒ mǎi le yī xiē píng guǒ 。
我买了一些苹果。,I bought some apples.,买,mǎi,v.,buy,wǒ mǎi le yī xiē píng guǒ 。
That’s all right. You are welcome.,没关系,méi guānxi,v.,甲：对不起！乙：没关系。,,jiǎ ： duì bù qǐ ！ yǐ ： méi guān xì 。
甲：对不起！乙：没关系。,A: Sorry! B: It's okay.,没关系,méi guānxi,v.,That’s all right. You are welcome.,jiǎ ： duì bù qǐ ！ yǐ ： méi guān xì 。
have no relation with,没关系,méi guānxi,v.,这件事，跟我没关系。,,zhè jiàn shì ， gēn wǒ méi guān xì 。
这件事，跟我没关系。,This matter has nothing to do with me.,没关系,méi guānxi,v.,have no relation with,zhè jiàn shì ， gēn wǒ méi guān xì 。
have nothing or nobody; can’t compare with others,没有,méiyǒu,v.,我家里没有人。 我没有他高。,,wǒ jiā lǐ méi yǒu rén 。  wǒ méi yǒu tā gāo 。
我家里没有人。 我没有他高。,I don't have anyone in the house. I'm not as tall as him.,没有,méiyǒu,v.,have nothing or nobody; can’t compare with others,wǒ jiā lǐ méi yǒu rén 。  wǒ méi yǒu tā gāo 。
cooked rice,米饭,mǐfàn,n.,我爱吃米饭。,,wǒ ài chī mǐ fàn 。
我爱吃米饭。,I love rice.,米饭,mǐfàn,n.,cooked rice,wǒ ài chī mǐ fàn 。
tomorrow,明天,míngtiān,n.,今天星期日，明天是星期一。,,jīn tiān xīng qī rì ， míng tiān shì xīng qī yī 。
今天星期日，明天是星期一。,"Today is Sunday, tomorrow is Monday.",明天,míngtiān,n.,tomorrow,jīn tiān xīng qī rì ， míng tiān shì xīng qī yī 。
name; title,名字,míngzi,n.,我的名字叫李明。,,wǒ de míng zì jiào lǐ míng 。
我的名字叫李明。,My name is Li Ming.,名字,míngzi,n.,name; title,wǒ de míng zì jiào lǐ míng 。
which ( used in front of a measure word),哪,nǎ,pron.,哪个杯子是你的？,,nǎ ge bēi zi shì nǐ de ？
哪个杯子是你的？,Which cup is yours?,哪,nǎ,pron.,which ( used in front of a measure word),nǎ ge bēi zi shì nǐ de ？
where,哪儿,nǎr,pron.,你家在哪儿？,,nǐ jiā zài nǎ ér ？
你家在哪儿？,Where is your home?,哪儿,nǎr,pron.,where,nǐ jiā zài nǎ ér ？
that,那（那儿）,nà（nàr）,pron.,我不认识那（那儿）个人。,,wǒ bù rèn shí nà （ nà ér ） gè rén 。
我不认识那（那儿）个人。,I don't know that person.,那（那儿）,nà（nàr）,pron.,that,wǒ bù rèn shí nà （ nà ér ） gè rén 。
there,那（那儿）,nà（nàr）,pron.,我们的车在那（那儿）。,,wǒ men de chē zài nà （ nà ér ）。
我们的车在那（那儿）。,Our car is there (there).,那（那儿）,nà（nàr）,pron.,there,wǒ men de chē zài nà （ nà ér ）。
"used at the end of a sentence, indicating an interrogative statement",呢,ne,mp.,你们家有几个人呢？,,nǐ men jiā yǒu jǐ gè rén ne ？
你们家有几个人呢？,How many people are in your family?,呢,ne,mp.,"used at the end of a sentence, indicating an interrogative statement",nǐ men jiā yǒu jǐ gè rén ne ？
used at the end of a sentence to indicate a statement,呢,ne,mp.,我在睡觉呢。,,wǒ zài shuì jiào ne 。
我在睡觉呢。,I'm sleeping.,呢,ne,mp.,used at the end of a sentence to indicate a statement,wǒ zài shuì jiào ne 。
can; may,能,néng,aux.,我能坐在这儿吗？,,wǒ néng zuò zài zhè ér ma ？
我能坐在这儿吗？,Can I sit here?,能,néng,aux.,can; may,wǒ néng zuò zài zhè ér ma ？
you,你,nǐ,pron.,你认识这个人吗？,,nǐ rèn shí zhè ge rén ma ？
你认识这个人吗？,Do you know this person?,你,nǐ,pron.,you,nǐ rèn shí zhè ge rén ma ？
year,年,nián,n.,我在中国住了三年。,,wǒ zài zhōng guó zhù le sān nián 。
我在中国住了三年。,I lived in China for three years.,年,nián,n.,year,wǒ zài zhōng guó zhù le sān nián 。
daughter,女儿,nǚ’ér,n.,我有两个女儿。,,wǒ yǒu liǎng gè nǚ ér 。
我有两个女儿。,I have two daughters.,女儿,nǚ’ér,n.,daughter,wǒ yǒu liǎng gè nǚ ér 。
friend,朋友,péngyou,n.,他是我的好朋友。,,tā shì wǒ de hǎo péng yǒu 。
他是我的好朋友。,He's a good friend of mine.,朋友,péngyou,n.,friend,tā shì wǒ de hǎo péng yǒu 。
good-looking; pretty; beautiful,漂亮,piàoliang,adj.,你的衣服真漂亮。,,nǐ de yī fú zhēn piào liàng 。
你的衣服真漂亮。,What a lovely outfit you have on.,漂亮,piàoliang,adj.,good-looking; pretty; beautiful,nǐ de yī fú zhēn piào liàng 。
apple,苹果,píngguǒ,n.,你想不想吃个苹果？,,nǐ xiǎng bù xiǎng chī gè píng guǒ ？
你想不想吃个苹果？,Would you like an apple?,苹果,píngguǒ,n.,apple,nǐ xiǎng bù xiǎng chī gè píng guǒ ？
seven,七,qī,num.,一个星期有七天。,,yí gè xīng qī yǒu qī tiān 。
一个星期有七天。,There are seven days in a week.,七,qī,num.,seven,yí gè xīng qī yǒu qī tiān 。
money,钱,qián,n.,一个苹果三块钱。,,yí gè píng guǒ sān kuài qián 。
一个苹果三块钱。,Three dollars for an apple.,钱,qián,n.,money,yí gè píng guǒ sān kuài qián 。
before; in front; at the head; ahead,前面,qiánmiàn,n.,前面那个人是我的同学。,,qián miàn nà ge rén shì wǒ de tóng xué 。
前面那个人是我的同学。,The person in front is my classmate.,前面,qiánmiàn,n.,before; in front; at the head; ahead,qián miàn nà ge rén shì wǒ de tóng xué 。
please,请,qǐng,v.,请坐在椅子上。,,qǐng zuò zài yǐ zi shàng 。
请坐在椅子上。,Please sit in a chair.,请,qǐng,v.,please,qǐng zuò zài yǐ zi shàng 。
request; ask; invite; engage; hire,请,qǐng,v.,我去请老师帮忙。,,wǒ qù qǐng lǎo shī bāng máng 。
我去请老师帮忙。,I'll ask the teacher for help.,请,qǐng,v.,request; ask; invite; engage; hire,wǒ qù qǐng lǎo shī bāng máng 。
entertain; treat,请,qǐng,v.,他想请我吃饭。,,tā xiǎng qǐng wǒ chī fàn 。
他想请我吃饭。,He wants to buy me dinner.,请,qǐng,v.,entertain; treat,tā xiǎng qǐng wǒ chī fàn 。
go; leave,去,qù,v.,我星期三去中国。,,wǒ xīng qī sān qù zhōng guó 。
我星期三去中国。,I'm going to China on Wednesday.,去,qù,v.,go; leave,wǒ xīng qī sān qù zhōng guó 。
"used after a verb, indicating the tendency of the action",去,qù,v.,小猫跑到房间里去了。,,xiǎo māo pǎo dào fáng jiān lǐ qù le 。
小猫跑到房间里去了。,The kitten ran into the room.,去,qù,v.,"used after a verb, indicating the tendency of the action",xiǎo māo pǎo dào fáng jiān lǐ qù le 。
remove; get rid of,去,qù,v.,把这个字去掉，这个句子就对了。,,bǎ zhè ge zì qù diào ， zhè ge jù zi jiù duì le 。
把这个字去掉，这个句子就对了。,Remove this word and the sentence is correct.,去,qù,v.,remove; get rid of,bǎ zhè ge zì qù diào ， zhè ge jù zi jiù duì le 。
hot; high in temperature,热,rè,adj.,今天很热。,,jīn tiān hěn rè 。
今天很热。,It's hot today.,热,rè,adj.,hot; high in temperature,jīn tiān hěn rè 。
heat up; warm up,热,rè,v.,我去热一下米饭。,,wǒ qù rè yī xià mǐ fàn 。
我去热一下米饭。,I'm going to warm up the rice.,热,rè,v.,heat up; warm up,wǒ qù rè yī xià mǐ fàn 。
human being; person; people,人,rén,n.,商店里有很多人。,,shāng diàn lǐ yǒu hěn duō rén 。
商店里有很多人。,There are a lot of people in the shop.,人,rén,n.,human being; person; people,shāng diàn lǐ yǒu hěn duō rén 。
get to know; get acquainted with,认识,rènshi,v.,认识你很高兴。,,rèn shí nǐ hěn gāo xìng 。
认识你很高兴。,Nice to meet you.,认识,rènshi,v.,get to know; get acquainted with,rèn shí nǐ hěn gāo xìng 。
three,三,sān,num.,我有三本书。,,wǒ yǒu sān běn shū 。
我有三本书。,I have three books.,三,sān,num.,three,wǒ yǒu sān běn shū 。
shop; store,商店,shāngdiàn,n.,她去商店买东西了。,,tā qù shāng diàn mǎi dōng xī le 。
她去商店买东西了。,She went to the store to buy something.,商店,shāngdiàn,n.,shop; store,tā qù shāng diàn mǎi dōng xī le 。
upper; up; on; upward,上,shàng,n.,水果在桌子上。,,shuǐ guǒ zài zhuō zi shàng 。
水果在桌子上。,The fruit is on the table.,上,shàng,n.,upper; up; on; upward,shuǐ guǒ zài zhuō zi shàng 。
"be engaged (in work, study, etc.) at a fixed time",上,shàng,v.,我们八点去上学。,,wǒ men bā diǎn qù shàng xué 。
我们八点去上学。,We go to school at 8 o'clock.,上,shàng,v.,"be engaged (in work, study, etc.) at a fixed time",wǒ men bā diǎn qù shàng xué 。
go up; mount; board; get on,上,shàng,v.,我们坐电梯上楼。,,wǒ men zuò diàn tī shàng lóu 。
我们坐电梯上楼。,We take the elevator upstairs.,上,shàng,v.,go up; mount; board; get on,wǒ men zuò diàn tī shàng lóu 。
morning,上午,shàngwǔ,n.,现在是上午10 点。,,xiàn zài shì shàng wǔ 10  diǎn 。
现在是上午10 点。,It is 10am.,上午,shàngwǔ,n.,morning,xiàn zài shì shàng wǔ 10  diǎn 。
not much / many,少,shǎo,adj.,杯子里的水很少。,,bēi zi lǐ de shuǐ hěn shǎo 。
杯子里的水很少。,There is very little water in the cup.,少,shǎo,adj.,not much / many,bēi zi lǐ de shuǐ hěn shǎo 。
be short; be lack,少,shǎo,v.,我还少本书。,,wǒ hái shǎo běn shū 。
我还少本书。,I'm also missing a book.,少,shǎo,v.,be short; be lack,wǒ hái shǎo běn shū 。
who(m),谁,shéi,pron.,那个人是谁？,,nà ge rén shì shuí ？
那个人是谁？,Who is that person?,谁,shéi,pron.,who(m),nà ge rén shì shuí ？
what,什么,shénme,pron.,你看见了什么？,,nǐ kàn jiàn le shén me ？
你看见了什么？,What do you see?,什么,shénme,pron.,what,nǐ kàn jiàn le shén me ？
"express explicit meaning, referring to the thing uncertain or unspoken",什么,shénme,pron.,你真棒，什么都会！,,nǐ zhēn bàng ， shén me dū huì ！
你真棒，什么都会！,"You're awesome, you can do anything!",什么,shénme,pron.,"express explicit meaning, referring to the thing uncertain or unspoken",nǐ zhēn bàng ， shén me dū huì ！
ten,十,shí,num.,现在是十月。,,xiàn zài shì shí yuè 。
现在是十月。,It's October.,十,shí,num.,ten,xiàn zài shì shí yuè 。
moment; time; period,时候,shíhou,n.,我回家的时候，他在睡觉。,,wǒ huí jiā de shí hòu ， tā zài shuì jiào 。
我回家的时候，他在睡觉。,He was sleeping when I got home.,时候,shíhou,n.,moment; time; period,wǒ huí jiā de shí hòu ， tā zài shuì jiào 。
be,是,shì,v.,他不是学生。,,tā bú shì xué shēng 。
他不是学生。,He's not a student.,是,shì,v.,be,tā bú shì xué shēng 。
yes,是,shì,v.,甲：你是中国人吗？ 乙：是，我是中国人。,,jiǎ ： nǐ shì zhōng guó rén ma ？  yǐ ： shì ， wǒ shì zhōng guó rén 。
甲：你是中国人吗？ 乙：是，我是中国人。,"A: Are you Chinese? B: Yes, I am Chinese.",是,shì,v.,yes,jiǎ ： nǐ shì zhōng guó rén ma ？  yǐ ： shì ， wǒ shì zhōng guó rén 。
book,书,shū,n.,我喜欢读书。,,wǒ xǐ huān dú shū 。
我喜欢读书。,I like to read.,书,shū,n.,book,wǒ xǐ huān dú shū 。
water,水,shuǐ,n.,杯子里还有水吗？,,bēi zi lǐ hái yǒu shuǐ ma ？
杯子里还有水吗？,Is there any water in the glass?,水,shuǐ,n.,water,bēi zi lǐ hái yǒu shuǐ ma ？
fruit,水果,shuǐguǒ,n.,我想去商店买水果。,,wǒ xiǎng qù shāng diàn mǎi shuǐ guǒ 。
我想去商店买水果。,I want to go to the store to buy fruit.,水果,shuǐguǒ,n.,fruit,wǒ xiǎng qù shāng diàn mǎi shuǐ guǒ 。
sleep; go to bed,睡觉,shuìjiào,v.,儿子在睡觉呢。,,ér zi zài shuì jiào ne 。
儿子在睡觉呢。,My son is sleeping.,睡觉,shuìjiào,v.,sleep; go to bed,ér zi zài shuì jiào ne 。
speak; talk; say,说,shuō,v.,你在说什么？,,nǐ zài shuō shén me ？
你在说什么？,[Translation error],说,shuō,v.,speak; talk; say,nǐ zài shuō shén me ？
speak; talk; say,说话,shuōhuà,v.,他们在说话。,,tā men zài shuō huà 。
他们在说话。,They were talking.,说话,shuōhuà,v.,speak; talk; say,tā men zài shuō huà 。
four,四,sì,num.,我们四个人去看电影。,,wǒ men sì gè rén qù kàn diàn yǐng 。
我们四个人去看电影。,The four of us went to the movies.,四,sì,num.,four,wǒ men sì gè rén qù kàn diàn yǐng 。
year (of age),岁,suì,nm.,李医生今年 40岁。,,lǐ yī shēng jīn nián  40 suì 。
李医生今年 40岁。,Dr. Li is 40 years old.,岁,suì,nm.,year (of age),lǐ yī shēng jīn nián  40 suì 。
he; him,他,tā,pron.,他是我们的老师。,,tā shì wǒ men de lǎo shī 。
他是我们的老师。,He is our teacher.,他,tā,pron.,he; him,tā shì wǒ men de lǎo shī 。
she; her,她,tā,pron.,我认识她的妈妈。,,wǒ rèn shí tā de mā mā 。
我认识她的妈妈。,I know her mother.,她,tā,pron.,she; her,wǒ rèn shí tā de mā mā 。
(in expressing approval or compliment) very much or extremely,太,tài,adv.,这个学校太大了。,,zhè ge xué xiào tài dà le 。
这个学校太大了。,This school is too big.,太,tài,adv.,(in expressing approval or compliment) very much or extremely,zhè ge xué xiào tài dà le 。
too; excessively,太,tài,adv.,这个苹果太大，我吃不完。,,zhè ge píng guǒ tài dà ， wǒ chī bù wán 。
这个苹果太大，我吃不完。,This apple is too big for me to finish.,太,tài,adv.,too; excessively,zhè ge píng guǒ tài dà ， wǒ chī bù wán 。
weather,天气,tiānqì,n.,今天的天气非常好。,,jīn tiān de tiān qì fēi cháng hǎo 。
今天的天气非常好。,The weather was great today.,天气,tiānqì,n.,weather,jīn tiān de tiān qì fēi cháng hǎo 。
hear; listen,听,tīng,v.,你听，谁来了？,,nǐ tīng ， shuí lái le ？
你听，谁来了？,"Listen, who's coming?",听,tīng,v.,hear; listen,nǐ tīng ， shuí lái le ？
obey; accept,听,tīng,v.,这件事儿，我听你的。,,zhè jiàn shì ér ， wǒ tīng nǐ de 。
这件事儿，我听你的。,I'll listen to you about this.,听,tīng,v.,obey; accept,zhè jiàn shì ér ， wǒ tīng nǐ de 。
student; classmate,同学,tóngxué,n.,同学们，你们好！,,tóng xué men ， nǐ men hǎo ！
同学们，你们好！,"Hi, A-School!",同学,tóngxué,n.,student; classmate,tóng xué men ， nǐ men hǎo ！
hello; hey;hi,喂,wèi,int.,喂，李老师在吗？,,wèi ， lǐ lǎo shī zài ma ？
喂，李老师在吗？,"Hello, is Miss Li there?",喂,wèi,int.,hello; hey;hi,wèi ， lǐ lǎo shī zài ma ？
I; me,我,wǒ,pron.,我是一个学生。,,wǒ shì yí gè xué shēng 。
我是一个学生。,I am a student.,我,wǒ,pron.,I; me,wǒ shì yí gè xué shēng 。
we; us,我们,wǒmen,pron.,我们都是学生。,,wǒ men dōu shì xué shēng 。
我们都是学生。,We are all students.,我们,wǒmen,pron.,we; us,wǒ men dōu shì xué shēng 。
five,五,wǔ,num.,今天星期五。,,jīn tiān xīng qī wǔ 。
今天星期五。,Today is Friday.,五,wǔ,num.,five,jīn tiān xīng qī wǔ 。
like or be interested in (sb. or sth.),喜欢,xǐhuan,v.,我喜欢学汉语。,,wǒ xǐ huān xué hàn yǔ 。
我喜欢学汉语。,I like to learn Chinese.,喜欢,xǐhuan,v.,like or be interested in (sb. or sth.),wǒ xǐ huān xué hàn yǔ 。
under; below,下,xià,n.,小猫在桌子下面。,,xiǎo māo zài zhuō zi xià miàn 。
小猫在桌子下面。,The kitten is under the table.,下,xià,n.,under; below,xiǎo māo zài zhuō zi xià miàn 。
fall,下,xià,v.,今天下雨了。,,jīn tiān xià yǔ le 。
今天下雨了。,It's raining today.,下,xià,v.,fall,jīn tiān xià yǔ le 。
next,下,xià,n.,我下个月去北京。,,wǒ xià gè yuè qù běi jīng 。
我下个月去北京。,I'm going to Beijing next month.,下,xià,n.,next,wǒ xià gè yuè qù běi jīng 。
go down; get off,下,xià,v.,他在下飞机呢。,,tā zài xià fēi jī ne 。
他在下飞机呢。,He's getting off the plane.,下,xià,v.,go down; get off,tā zài xià fēi jī ne 。
finish; leave (work or shift or class),下,xià,v.,我们八点下班。,,wǒ men bā diǎn xià bān 。
我们八点下班。,We get off at 8.,下,xià,v.,finish; leave (work or shift or class),wǒ men bā diǎn xià bān 。
afternoon,下午,xiàwǔ,n.,我今天下午不去学校了。,,wǒ jīn tiān xià wǔ bù qù xué xiào le 。
我今天下午不去学校了。,I'm not going to school this afternoon.,下午,xiàwǔ,n.,afternoon,wǒ jīn tiān xià wǔ bù qù xué xiào le 。
rain,下雨,xià yǔ,v.,昨天下雨了。,,zuó tiān xià yǔ le 。
昨天下雨了。,It rained yesterday.,下雨,xià yǔ,v.,rain,zuó tiān xià yǔ le 。
(addressing) Mr.; Mister; sir,先生,xiānsheng,n.,你也认识王先生？,,nǐ yě rèn shí wáng xiān shēng ？
你也认识王先生？,"You know Mr. Wang, too?",先生,xiānsheng,n.,(addressing) Mr.; Mister; sir,nǐ yě rèn shí wáng xiān shēng ？
now; nowadays; today; at present,现在,xiànzài,n.,现在是 12 点。,,xiàn zài shì  12  diǎn 。
现在是 12 点。,It's 12 o'clock.,现在,xiànzài,n.,now; nowadays; today; at present,xiàn zài shì  12  diǎn 。
want to; be going to; would like to,想,xiǎng,aux.,我想星期六去北京。,,wǒ xiǎng xīng qī liù qù běi jīng 。
我想星期六去北京。,I want to go to Beijing on Saturday.,想,xiǎng,aux.,want to; be going to; would like to,wǒ xiǎng xīng qī liù qù běi jīng 。
think; think about; think of; think over,想,xiǎng,v.,妈妈，你在想什么呢？,,mā mā ， nǐ zài xiǎng shén me ne ？
妈妈，你在想什么呢？,"Mom, what are you thinking?",想,xiǎng,v.,think; think about; think of; think over,mā mā ， nǐ zài xiǎng shén me ne ？
miss,想,xiǎng,v.,爸爸，我想你了。,,bà bà ， wǒ xiǎng nǐ le 。
爸爸，我想你了。,"Dad, I missed you.",想,xiǎng,v.,miss,bà bà ， wǒ xiǎng nǐ le 。
small; little,小,xiǎo,adj.,这个苹果太~了。,,zhè ge píng guǒ tài ~ le 。
这个苹果太~了。,This apple is too ~.,小,xiǎo,adj.,small; little,zhè ge píng guǒ tài ~ le 。
become smaller,小,xiǎo,v.,雨小了，我们现在走吧。,,yǔ xiǎo le ， wǒ men xiàn zài zǒu ba 。
雨小了，我们现在走吧。,"The rain is small, let's go now.",小,xiǎo,v.,become smaller,yǔ xiǎo le ， wǒ men xiàn zài zǒu ba 。
the youngest,小,xiǎo,adj,这是我的小儿子，他还有个哥哥。,,zhè shì wǒ de xiǎo ér zi ， tā hái yǒu gè gē gē 。
这是我的小儿子，他还有个哥哥。,"This is my youngest son, who also has a brother.",小,xiǎo,adj,the youngest,zhè shì wǒ de xiǎo ér zi ， tā hái yǒu gè gē gē 。
Miss,小姐,xiǎojiě,n.,小姐，你叫什么名字？,,xiǎo jiě ， nǐ jiào shén me míng zì ？
小姐，你叫什么名字？,"Miss, what's your name?",小姐,xiǎojiě,n.,Miss,xiǎo jiě ， nǐ jiào shén me míng zì ？
some,些,xiē,nm.,我买了些苹果。,,wǒ mǎi le xiē píng guǒ 。
我买了些苹果。,I bought some apples.,些,xiē,nm.,some,wǒ mǎi le xiē píng guǒ 。
a little bit,些,xiē,vm.,我的病好些了。,,wǒ de bìng hǎo xiē le 。
我的病好些了。,I'm feeling better.,些,xiē,vm.,a little bit,wǒ de bìng hǎo xiē le 。
write,写,xiě,v.,你写的字很漂亮。,,nǐ xiě de zì hěn piào liàng 。
你写的字很漂亮。,You write beautifully.,写,xiě,v.,write,nǐ xiě de zì hěn piào liàng 。
thank,谢谢,xièxie,v.,甲：谢谢你。乙：不客气！,,jiǎ ： xiè xiè nǐ 。 yǐ ： bú kè qì ！
甲：谢谢你。乙：不客气！,A: Thank you. B: You're welcome!,谢谢,xièxie,v.,thank,jiǎ ： xiè xiè nǐ 。 yǐ ： bú kè qì ！
week,星期,xīngqī,n.,一个星期有七天。,,yí gè xīng qī yǒu qī tiān 。
一个星期有七天。,There are seven days in a week.,星期,xīngqī,n.,week,yí gè xīng qī yǒu qī tiān 。
student,学生,xuésheng,n.,我们学校里的学生很多。,,wǒ men xué xiào lǐ de xué shēng hěn duō 。
我们学校里的学生很多。,There are many students in our school.,学生,xuésheng,n.,student,wǒ men xué xiào lǐ de xué shēng hěn duō 。
study; learn,学习,xuéxí,v.,你喜欢学习汉语吗？,,nǐ xǐ huān xué xí hàn yǔ ma ？
你喜欢学习汉语吗？,Do you like learning Chinese?,学习,xuéxí,v.,study; learn,nǐ xǐ huān xué xí hàn yǔ ma ？
school,学校,xuéxiào,n.,我们学校很大。,,wǒ men xué xiào hěn dà 。
我们学校很大。,Our school is big.,学校,xuéxiào,n.,school,wǒ men xué xiào hěn dà 。
one,一,yī,num.,这儿一个人都没有。,,zhè ér yí gè rén dōu méi yǒu 。
这儿一个人都没有。,There's no one here.,一,yī,num.,one,zhè ér yí gè rén dōu méi yǒu 。
used between a reduplicative verb,一,yī,num.,请让我看一看。,,qǐng ràng wǒ kàn yī kàn 。
请让我看一看。,Please let me have a look.,一,yī,num.,used between a reduplicative verb,qǐng ràng wǒ kàn yī kàn 。
a little,一点儿,yìdiǎnr,nm.,我只有一点儿钱。,,wǒ zhǐ yǒu yì diǎn ér qián 。
我只有一点儿钱。,I only have a little money.,一点儿,yìdiǎnr,nm.,a little,wǒ zhǐ yǒu yì diǎn ér qián 。
clothing; clothes; dress,衣服,yīfu,n.,我在商店买了很多衣服。,,wǒ zài shāng diàn mǎi le hěn duō yī fú 。
我在商店买了很多衣服。,I bought a lot of clothes at the store.,衣服,yīfu,n.,clothing; clothes; dress,wǒ zài shāng diàn mǎi le hěn duō yī fú 。
doctor; surgeon,医生,yīshēng,n.,他是这个医院里的医生。,,tā shì zhè ge yī yuàn lǐ de yī shēng 。
他是这个医院里的医生。,He is a doctor in this hospital.,医生,yīshēng,n.,doctor; surgeon,tā shì zhè ge yī yuàn lǐ de yī shēng 。
hospital,医院,yīyuàn,n.,这是一个大医院。,,zhè shì yí gè dà yī yuàn 。
这是一个大医院。,This is a big hospital.,医院,yīyuàn,n.,hospital,zhè shì yí gè dà yī yuàn 。
chair,椅子,yǐzi,n.,小狗在椅子下面呢。,,xiǎo gǒu zài yǐ zi xià miàn ne 。
小狗在椅子下面呢。,The puppy is under the chair.,椅子,yǐzi,n.,chair,xiǎo gǒu zài yǐ zi xià miàn ne 。
have,有,yǒu,v.,我有一个女儿。,,wǒ yǒu yí gè nǚ ér 。
我有一个女儿。,I have a daughter.,有,yǒu,v.,have,wǒ yǒu yí gè nǚ ér 。
be; there be,有,yǒu,v.,桌子上有本书。,,zhuō zi shàng yǒu běn shū 。
桌子上有本书。,There is a book on the table.,有,yǒu,v.,be; there be,zhuō zi shàng yǒu běn shū 。
month,月,yuè,n.,一年有 12 个月。,,yī nián yǒu  12  gè yuè 。
一年有 12 个月。,There are 12 months in a year.,月,yuè,n.,month,yī nián yǒu  12  gè yuè 。
goodbye,再见,zàijiàn,n.,妈妈，我去学校了，再见。,,mā mā ， wǒ qù xué xiào le ， zài jiàn 。
妈妈，我去学校了，再见。,"Mom, I'm going to school, bye.",再见,zàijiàn,n.,goodbye,mā mā ， wǒ qù xué xiào le ， zài jiàn 。
exist; lie; be at; be on,在,zài,v.,书在桌子上。,,shū zài zhuō zi shàng 。
书在桌子上。,The book is on the table.,在,zài,v.,exist; lie; be at; be on,shū zài zhuō zi shàng 。
in the process of doing sth; just; be + verb + ing,在,zài,adv.,我在吃饭呢。,,wǒ zài chī fàn ne 。
我在吃饭呢。,I'm eating.,在,zài,adv.,in the process of doing sth; just; be + verb + ing,wǒ zài chī fàn ne 。
"inquiring for property, condition, way, and cause, etc.",怎么,zěnme,pron.,你怎么去北京？,,nǐ zěn me qù běi jīng ？
你怎么去北京？,How do you get to Beijing?,怎么,zěnme,pron.,"inquiring for property, condition, way, and cause, etc.",nǐ zěn me qù běi jīng ？
How about it? What do you think? (inquiring for comments and suggestions as an independent sentence),怎么样,zěnmeyàng,pron.,我们去看电影，怎么样？,,wǒ men qù kàn diàn yǐng ， zěn me yàng ？
我们去看电影，怎么样？,"Let's go to the movies, shall we?",怎么样,zěnmeyàng,pron.,How about it? What do you think? (inquiring for comments and suggestions as an independent sentence),wǒ men qù kàn diàn yǐng ， zěn me yàng ？
this; here,这（这儿）,zhè（zhèr）,pron.,这（这儿）个人是我的同学。 我能坐在这（这儿）儿吗？,,zhè （ zhè ér ） gè rén shì wǒ de tóng xué 。  wǒ néng zuò zài zhè （ zhè ér ） ér ma ？
这（这儿）个人是我的同学。 我能坐在这（这儿）儿吗？,This person (here) is my classmate. Can I sit here?,这（这儿）,zhè（zhèr）,pron.,this; here,zhè （ zhè ér ） gè rén shì wǒ de tóng xué 。  wǒ néng zuò zài zhè （ zhè ér ） ér ma ？
China,中国,Zhōngguó,n.,我在中国学汉语。,,wǒ zài zhōng guó xué hàn yǔ 。
我在中国学汉语。,I am learning Chinese in China.,中国,Zhōngguó,n.,China,wǒ zài zhōng guó xué hàn yǔ 。
noon; midday; noonday,中午,zhōngwǔ,n.,我今天中午去火车站。,,wǒ jīn tiān zhōng wǔ qù huǒ chē zhàn 。
我今天中午去火车站。,I'm going to the train station at noon today.,中午,zhōngwǔ,n.,noon; midday; noonday,wǒ jīn tiān zhōng wǔ qù huǒ chē zhàn 。
live; stay; dwell,住,zhù,v.,他在北京住了很多年。,,tā zài běi jīng zhù le hěn duō nián 。
他在北京住了很多年。,He lived in Beijing for many years.,住,zhù,v.,live; stay; dwell,tā zài běi jīng zhù le hěn duō nián 。
desk; table,桌子,zhuōzi,n.,电脑在桌子上。,,diàn nǎo zài zhuō zi shàng 。
电脑在桌子上。,The computer is on the desk.,桌子,zhuōzi,n.,desk; table,diàn nǎo zài zhuō zi shàng 。
written Chinese character,字,zì,n.,这个字你认识吗？,,zhè ge zì nǐ rèn shí ma ？
这个字你认识吗？,Do you recognize this word?,字,zì,n.,written Chinese character,zhè ge zì nǐ rèn shí ma ？
yesterday,昨天,zuótiān,n.,他昨天没去学校。,,tā zuó tiān méi qù xué xiào 。
他昨天没去学校。,He didn't go to school yesterday.,昨天,zuótiān,n.,yesterday,tā zuó tiān méi qù xué xiào 。
sit,坐,zuò,v.,他一个下午都坐在电视前。,,tā yí gè xià wǔ dōu zuò zài diàn shì qián 。
他一个下午都坐在电视前。,He sat in front of the TV all afternoon.,坐,zuò,v.,sit,tā yí gè xià wǔ dōu zuò zài diàn shì qián 。
travel by (a vehicle),坐,zuò,v.,我坐飞机去中国。,,wǒ zuò fēi jī qù zhōng guó 。
我坐飞机去中国。,I flew to China.,坐,zuò,v.,travel by (a vehicle),wǒ zuò fēi jī qù zhōng guó 。
make; produce,做,zuò,v.,今天妈妈做了很多菜。,,jīn tiān mā mā zuò le hěn duō cài 。
今天妈妈做了很多菜。,Mum made a lot of dishes today.,做,zuò,v.,make; produce,jīn tiān mā mā zuò le hěn duō cài 。
"be; become, to do",做,zuò,v.,你是做什么工作的？,,nǐ shì zuò shén me gōng zuò de ？
你是做什么工作的？,What do you do for a living?,做,zuò,v.,"be; become, to do",nǐ shì zuò shén me gōng zuò de ？
do,做,zuò,v.,我每天做作业。,,wǒ měi tiān zuò zuò yè 。
我每天做作业。,I do my homework every day.,做,zuò,v.,do,wǒ měi tiān zuò zuò yè 。
used at the end of a sentence to express speculative interrogation,吧,ba,mp.,你是个学生吧？,,nǐ shì gè xué shēng ba ？
你是个学生吧？,"You're a student, right?",吧,ba,mp.,used at the end of a sentence to express speculative interrogation,nǐ shì gè xué shēng ba ？
used at the end of an imperative sentence,吧,ba,mp.,请你走吧！,,qǐng nǐ zǒu ba ！
请你走吧！,"Please, just go.",吧,ba,mp.,used at the end of an imperative sentence,qǐng nǐ zǒu ba ！
white,白,bái,adj.,我很爱穿那件白衣服。,,wǒ hěn ài chuān nà jiàn bái yī fú 。
我很爱穿那件白衣服。,I love wearing that white dress.,白,bái,adj.,white,wǒ hěn ài chuān nà jiàn bái yī fú 。
one hundred,百,bǎi,num.,这个自行车五百多元。,,zhè ge zì xíng chē wǔ bǎi duō yuán 。
这个自行车五百多元。,This bike is more than 500 yuan.,百,bǎi,num.,one hundred,zhè ge zì xíng chē wǔ bǎi duō yuán 。
help; assist; aid; support,帮助,bāngzhù,v.,请帮助我找一家搬家公司，好吗？,,qǐng bāng zhù wǒ zhǎo yī jiā bān jiā gōng sī ， hǎo ma ？
请帮助我找一家搬家公司，好吗？,"Can you help me find a moving company, please?",帮助,bāngzhù,v.,help; assist; aid; support,qǐng bāng zhù wǒ zhǎo yī jiā bān jiā gōng sī ， hǎo ma ？
newspaper,报纸,bàozhǐ,n.,我每天早上都要读报纸。,,wǒ měi tiān zǎo shàng dōu yào dú bào zhǐ 。
我每天早上都要读报纸。,I read the newspaper every morning.,报纸,bàozhǐ,n.,newspaper,wǒ měi tiān zǎo shàng dōu yào dú bào zhǐ 。
used to make comparison,比,bǐ,prep.,我的孩子比我高。,,wǒ de hái zi bǐ wǒ gāo 。
我的孩子比我高。,My children are taller than me.,比,bǐ,prep.,used to make comparison,wǒ de hái zi bǐ wǒ gāo 。
don’t,别,bié,adv.,太晚了，别看电视了。,,tài wǎn le ， bié kàn diàn shì le 。
太晚了，别看电视了。,"It's too late, don't watch TV.",别,bié,adv.,don’t,tài wǎn le ， bié kàn diàn shì le 。
long,长,cháng,adj.,姐姐的腿长，跑得快。,,jiě jiě de tuǐ zhǎng ， pǎo dé kuài 。
姐姐的腿长，跑得快。,Sister's legs were long and she ran fast.,长,cháng,adj.,long,jiě jiě de tuǐ zhǎng ， pǎo dé kuài 。
sing,唱歌,chànggē,v.,我最爱唱歌了，我给你们唱一个。,,wǒ zuì ài chàng gē le ， wǒ gěi nǐ men chàng yí gè 。
我最爱唱歌了，我给你们唱一个。,"I love to sing, I'll sing you one.",唱歌,chànggē,v.,sing,wǒ zuì ài chàng gē le ， wǒ gěi nǐ men chàng yí gè 。
exit; go out,出,chū,v.,我已经走出火车站了。,,wǒ yǐ jīng zǒu chū huǒ chē zhàn le 。
我已经走出火车站了。,I'm already out of the station.,出,chū,v.,exit; go out,wǒ yǐ jīng zǒu chū huǒ chē zhàn le 。
happen,出,chū,v.,你帮我看看，这台电脑出什么问题了？,,nǐ bāng wǒ kàn kàn ， zhè tái diàn nǎo chū shén me wèn tí le ？
你帮我看看，这台电脑出什么问题了？,Can you help me see what's wrong with this computer?,出,chū,v.,happen,nǐ bāng wǒ kàn kàn ， zhè tái diàn nǎo chū shén me wèn tí le ？
"used after a verb, indicating direction",出,chū,v.,我从他的脸上，没看出他难过来。,,wǒ cóng tā de liǎn shàng ， méi kàn chū tā nán guò lái 。
我从他的脸上，没看出他难过来。,I didn't see the difficulty in his face.,出,chū,v.,"used after a verb, indicating direction",wǒ cóng tā de liǎn shàng ， méi kàn chū tā nán guò lái 。
wear; put on,穿,chuān,v.,天冷了，多穿些衣服吧。,,tiān lěng le ， duō chuān xiē yī fú ba 。
天冷了，多穿些衣服吧。,It's getting cold. Wear more clothes.,穿,chuān,v.,wear; put on,tiān lěng le ， duō chuān xiē yī fú ba 。
number of times,次,cì,nm./vm.,我去过一次北京。,,wǒ qù guò yī cì běi jīng 。
我去过一次北京。,I went to Beijing once.,次,cì,nm./vm.,number of times,wǒ qù guò yī cì běi jīng 。
from; since,从,cóng,prep.,从我家到公司，开车要 20 分钟。,,cóng wǒ jiā dào gōng sī ， kāi chē yào  20  fēn zhōng 。
从我家到公司，开车要 20 分钟。,"From my house to the company, it takes 20 minutes by car.",从,cóng,prep.,from; since,cóng wǒ jiā dào gōng sī ， kāi chē yào  20  fēn zhōng 。
wrong; incorrect,错,cuò,adj.,对不起，我错了。,,duì bù qǐ ， wǒ cuò le 。
对不起，我错了。,I'm sorry — my bad.,错,cuò,adj.,wrong; incorrect,duì bù qǐ ， wǒ cuò le 。
play basketball,打篮球,dǎ lánqiú,adj.,我每天下午都去打篮球。,,wǒ měi tiān xià wǔ dōu qù dǎ lán qiú 。
我每天下午都去打篮球。,I play basketball every afternoon.,打篮球,dǎ lánqiú,adj.,play basketball,wǒ měi tiān xià wǔ dōu qù dǎ lán qiú 。
everyone;everybody,大家,dàjiā,pron.,请大家不要等我了。,,qǐng dà jiā bú yào děng wǒ le 。
请大家不要等我了。,Please don't wait for me.,大家,dàjiā,pron.,everyone;everybody,qǐng dà jiā bú yào děng wǒ le 。
arrive; reach,到,dào,v.,我早上 9 点到公司。,,wǒ zǎo shàng  9  diǎn dào gōng sī 。
我早上 9 点到公司。,I will be at the office at 9am.,到,dào,v.,arrive; reach,wǒ zǎo shàng  9  diǎn dào gōng sī 。
marker of complement,得,de,sa.,你走得太快了。,,nǐ zǒu dé tài kuài le 。
你走得太快了。,You're moving too fast.,得,de,sa.,marker of complement,nǐ zǒu dé tài kuài le 。
wait,等,děng,v.,你还要再等我 10 分钟。,,nǐ hái yào zài děng wǒ  10  fēn zhōng 。
你还要再等我 10 分钟。,You have to wait for me another 10 minutes.,等,děng,v.,wait,nǐ hái yào zài děng wǒ  10  fēn zhōng 。
younger brother,弟弟,dìdi,n.,在我们家，我最大，我下面还有两个弟弟。,,zài wǒ men jiā ， wǒ zuì dà ， wǒ xià miàn hái yǒu liǎng gè dì di 。
在我们家，我最大，我下面还有两个弟弟。,"In our house, I am the oldest, and I have two younger brothers under me.",弟弟,dìdi,n.,younger brother,zài wǒ men jiā ， wǒ zuì dà ， wǒ xià miàn hái yǒu liǎng gè dì di 。
first,第一,dì-yī,num.,这是我第一次见到他。,,zhè shì wǒ dì yī cì jiàn dào tā 。
这是我第一次见到他。,This is the first time I've seen him.,第一,dì-yī,num.,first,zhè shì wǒ dì yī cì jiàn dào tā 。
understand,懂,dǒng,v.,你的意思我懂了。,,nǐ de yì si wǒ dǒng le 。
你的意思我懂了。,I see what you mean.,懂,dǒng,v.,understand,nǐ de yì si wǒ dǒng le 。
right; correct,对,duì,adj.,你是对的，我错了。,,nǐ shì duì de ， wǒ cuò le 。
你是对的，我错了。,"You're right, I'm wrong.",对,duì,adj.,right; correct,nǐ shì duì de ， wǒ cuò le 。
to; towards,对,duì,prep.,孩子对妈妈说：“妈妈，我爱你。”,,hái zi duì mā mā shuō ：“ mā mā ， wǒ ài nǐ 。”
孩子对妈妈说：“妈妈，我爱你。”,"The child said to his mother, ""Mama, I love you.""",对,duì,prep.,to; towards,hái zi duì mā mā shuō ：“ mā mā ， wǒ ài nǐ 。”
room,房间,fángjiān,n.,我们两个人住一个房间。,,wǒ men liǎng gè rén zhù yí gè fáng jiān 。
我们两个人住一个房间。,The two of us live in one room.,房间,fángjiān,n.,room,wǒ men liǎng gè rén zhù yí gè fáng jiān 。
very,非常,fēicháng,adv.,奶奶非常喜欢我们送的礼物。,,nǎi nǎi fēi cháng xǐ huān wǒ men sòng de lǐ wù 。
奶奶非常喜欢我们送的礼物。,Grandma loved our gift.,非常,fēicháng,adv.,very,nǎi nǎi fēi cháng xǐ huān wǒ men sòng de lǐ wù 。
attendant; waiter; waitress,服务员,fúwùyuán,n.,我在饭馆做服务员。,,wǒ zài fàn guǎn zuò fú wù yuán 。
我在饭馆做服务员。,I work as a waiter in the restaurant.,服务员,fúwùyuán,n.,attendant; waiter; waitress,wǒ zài fàn guǎn zuò fú wù yuán 。
tall; high,高,gāo,adj.,我比爸爸还高。,,wǒ bǐ bà bà hái gāo 。
我比爸爸还高。,I'm taller than my dad.,高,gāo,adj.,tall; high,wǒ bǐ bà bà hái gāo 。
tell,告诉,gàosu,v.,你能告诉我学校怎么走吗？,,nǐ néng gào sù wǒ xué xiào zěn me zǒu ma ？
你能告诉我学校怎么走吗？,Can you tell me how to get to the school?,告诉,gàosu,v.,tell,nǐ néng gào sù wǒ xué xiào zěn me zǒu ma ？
elder brother,哥哥,gēge,n.,我哥哥比我大三岁。,,wǒ gē gē bǐ wǒ dà sān suì 。
我哥哥比我大三岁。,My brother is three years older than me.,哥哥,gēge,n.,elder brother,wǒ gē gē bǐ wǒ dà sān suì 。
hand over,给,gěi,v.,请把这本书给他。,,qǐng bǎ zhè běn shū gěi tā 。
请把这本书给他。,Please give him this book.,给,gěi,v.,hand over,qǐng bǎ zhè běn shū gěi tā 。
for,给,gěi,prep.,这是给你买的。,,zhè shì gěi nǐ mǎi de 。
这是给你买的。,This is for you.,给,gěi,prep.,for,zhè shì gěi nǐ mǎi de 。
bus,公共汽车,gōnggòngqìchē,n.,坐公共汽车去，要 20 分钟。,,zuò gōng gòng qì chē qù ， yào  20  fēn zhōng 。
坐公共汽车去，要 20 分钟。,20 minutes by bus.,公共汽车,gōnggòngqìchē,n.,bus,zuò gōng gòng qì chē qù ， yào  20  fēn zhōng 。
company; firm,公司,gōngsī,n.,我在一个公司上班。,,wǒ zài yí gè gōng sī shàng bān 。
我在一个公司上班。,I work for a company.,公司,gōngsī,n.,company; firm,wǒ zài yí gè gōng sī shàng bān 。
dog,狗,gǒu,n.,女儿很喜欢小狗。,,nǚ ér hěn xǐ huān xiǎo gǒu 。
女儿很喜欢小狗。,My daughter loves puppies.,狗,gǒu,n.,dog,nǚ ér hěn xǐ huān xiǎo gǒu 。
expensive; costly,贵,guì,adj.,这块手表很贵。,,zhè kuài shǒu biǎo hěn guì 。
这块手表很贵。,This watch is expensive.,贵,guì,adj.,expensive; costly,zhè kuài shǒu biǎo hěn guì 。
"used after a verb, referring to sth. that happened previously",过,guo,sa.,我没看过这本书。,,wǒ méi kàn guò zhè běn shū 。
我没看过这本书。,[Translation error],过,guo,sa.,"used after a verb, referring to sth. that happened previously",wǒ méi kàn guò zhè běn shū 。
still; yet,还,hái,adv.,他还没来呢。,,tā hái méi lái ne 。
他还没来呢。,He's not here yet.,还,hái,adv.,still; yet,tā hái méi lái ne 。
in addition,还,hái,adv.,除了不吃肉，我还不吃鸡蛋。,,chú le bù chī ròu ， wǒ hái bù chī jī dàn 。
除了不吃肉，我还不吃鸡蛋。,"Besides not eating meat, I don't eat eggs.",还,hái,adv.,in addition,chú le bù chī ròu ， wǒ hái bù chī jī dàn 。
son or daughter,孩子,háizi,n.,我有三个孩子。,,wǒ yǒu sān gè hái zi 。
我有三个孩子。,I have three children.,孩子,háizi,n.,son or daughter,wǒ yǒu sān gè hái zi 。
child,孩子,háizi,n.,我们这里女孩子比男孩子多。,,wǒ men zhè lǐ nǚ hái zi bǐ nán hái zi duō 。
我们这里女孩子比男孩子多。,We have more girls than boys here.,孩子,háizi,n.,child,wǒ men zhè lǐ nǚ hái zi bǐ nán hái zi duō 。
delicious,好吃,hǎochī,n.,您做的米饭真好吃。,,nín zuò de mǐ fàn zhēn hǎo chī 。
您做的米饭真好吃。,Your rice is delicious.,好吃,hǎochī,n.,delicious,nín zuò de mǐ fàn zhēn hǎo chī 。
black; dark,黑,hēi,adj.,我不喜欢黑颜色的衣服。,,wǒ bù xǐ huān hēi yán sè de yī fú 。
我不喜欢黑颜色的衣服。,I don't like black colored clothes.,黑,hēi,adj.,black; dark,wǒ bù xǐ huān hēi yán sè de yī fú 。
red,红,hóng,adj.,我的自行车是红色的。,,wǒ de zì xíng chē shì hóng sè de 。
我的自行车是红色的。,My bike is red.,红,hóng,adj.,red,wǒ de zì xíng chē shì hóng sè de 。
welcome,欢迎,huānyíng,v.,欢迎你们来我们家。,,huān yíng nǐ men lái wǒ men jiā 。
欢迎你们来我们家。,Welcome to our home.,欢迎,huānyíng,v.,welcome,huān yíng nǐ men lái wǒ men jiā 。
answer; reply; respond,回答,huídá,v.,我能回答这个问题。,,wǒ néng huí dá zhè ge wèn tí 。
我能回答这个问题。,I can answer that question.,回答,huídá,v.,answer; reply; respond,wǒ néng huí dá zhè ge wèn tí 。
answer; reply; response,回答,huídá,n.,你的回答不能让人满意。,,nǐ de huí dá bù néng ràng rén mǎn yì 。
你的回答不能让人满意。,Your answer is unsatisfactory.,回答,huídá,n.,answer; reply; response,nǐ de huí dá bù néng ràng rén mǎn yì 。
railway station,火车站,huǒchēzhàn,n.,我下午 3 点去火车站。,,wǒ xià wǔ  3  diǎn qù huǒ chē zhàn 。
我下午 3 点去火车站。,I go to the train station at 3pm.,火车站,huǒchēzhàn,n.,railway station,wǒ xià wǔ  3  diǎn qù huǒ chē zhàn 。
airport,机场,jīchǎng,n.,我在机场工作了三年了。,,wǒ zài jī chǎng gōng zuò le sān nián le 。
我在机场工作了三年了。,I've been working at the airport for three years.,机场,jīchǎng,n.,airport,wǒ zài jī chǎng gōng zuò le sān nián le 。
egg,鸡蛋,jīdàn,n.,我每天早上都要吃个鸡蛋。,,wǒ měi tiān zǎo shàng dōu yào chī gè jī dàn 。
我每天早上都要吃个鸡蛋。,I eat an egg every morning.,鸡蛋,jīdàn,n.,egg,wǒ měi tiān zǎo shàng dōu yào chī gè jī dàn 。
used for clothes and things,件,jiàn,nm.,这件衣服颜色非常好看。,,zhè jiàn yī fú yán sè fēi cháng hǎo kàn 。
这件衣服颜色非常好看。,The color of this dress is very nice.,件,jiàn,nm.,used for clothes and things,zhè jiàn yī fú yán sè fēi cháng hǎo kàn 。
classroom,教室,jiàoshì,n.,请大家都到教室去上课。,,qǐng dà jiā dōu dào jiào shì qù shàng kè 。
请大家都到教室去上课。,Please come to the classroom.,教室,jiàoshì,n.,classroom,qǐng dà jiā dōu dào jiào shì qù shàng kè 。
elder sister,姐姐,jiějie,n.,我有两个姐姐。,,wǒ yǒu liǎng gè jiě jiě 。
我有两个姐姐。,I have two sisters.,姐姐,jiějie,n.,elder sister,wǒ yǒu liǎng gè jiě jiě 。
introduce sb. or sth.,介绍,jièshào,v.,我来介绍一下我的朋友。,,wǒ lái jiè shào yī xià wǒ de péng yǒu 。
我来介绍一下我的朋友。,Let me introduce my friend.,介绍,jièshào,v.,introduce sb. or sth.,wǒ lái jiè shào yī xià wǒ de péng yǒu 。
an introduction,介绍,jièshào,n.,我在报纸上看到了这个电影的介绍。,,wǒ zài bào zhǐ shàng kàn dào le zhè ge diàn yǐng de jiè shào 。
我在报纸上看到了这个电影的介绍。,I saw an introduction to the film in the newspaper.,介绍,jièshào,n.,an introduction,wǒ zài bào zhǐ shàng kàn dào le zhè ge diàn yǐng de jiè shào 。
enter,进,jìn,v.,我马上要进机场了。,,wǒ mǎ shàng yào jìn jī chǎng le 。
我马上要进机场了。,I'm on my way to the airport.,进,jìn,v.,enter,wǒ mǎ shàng yào jìn jī chǎng le 。
close; near,近,jìn,adj.,我们家离公司很近。,,wǒ men jiā lí gōng sī hěn jìn 。
我们家离公司很近。,Our house is very close to the company.,近,jìn,adj.,close; near,wǒ men jiā lí gōng sī hěn jìn 。
intimate,近,jìn,adj.,我跟小王的关系很近。,,wǒ gēn xiǎo wáng de guān xì hěn jìn 。
我跟小王的关系很近。,My relationship with Xiao Wang is very close.,近,jìn,adj.,intimate,wǒ gēn xiǎo wáng de guān xì hěn jìn 。
indicating certainty; right on,就,jiù,adv.,我就知道他会来的。,,wǒ jiù zhī dào tā huì lái de 。
我就知道他会来的。,I knew he'd come.,就,jiù,adv.,indicating certainty; right on,wǒ jiù zhī dào tā huì lái de 。
immediately; right now; right away,就,jiù,adv.,我一到家就给他打电话。,,wǒ yī dào jiā jiù gěi tā dǎ diàn huà 。
我一到家就给他打电话。,Call him as soon as I get home.,就,jiù,adv.,immediately; right now; right away,wǒ yī dào jiā jiù gěi tā dǎ diàn huà 。
feel; think,觉得,juéde,v.,你觉得这本书怎么样？,,nǐ jué de zhè běn shū zěn me yàng ？
你觉得这本书怎么样？,What do you think of this book?,觉得,juéde,v.,feel; think,nǐ jué de zhè běn shū zěn me yàng ？
coffee,咖啡,kāfēi,n.,您想喝咖啡，还是茶？,,nín xiǎng hē kā fēi ， hái shì chá ？
您想喝咖啡，还是茶？,Would you like coffee or tea?,咖啡,kāfēi,n.,coffee,nín xiǎng hē kā fēi ， hái shì chá ？
start; begin,开始,kāishǐ,v.,我们从第十课开始学习。,,wǒ men cóng dì shí kè kāi shǐ xué xí 。
我们从第十课开始学习。,Let's start with lesson 10.,开始,kāishǐ,v.,start; begin,wǒ men cóng dì shí kè kāi shǐ xué xí 。
beginning,开始,kāishǐ,n.,（学汉字）开始可能会觉得有点难。,,（ xué hàn zì ） kāi shǐ kě néng huì jué de yǒu diǎn nán 。
（学汉字）开始可能会觉得有点难。,(Learning Chinese characters) may feel a little difficult at first.,开始,kāishǐ,n.,beginning,（ xué hàn zì ） kāi shǐ kě néng huì jué de yǒu diǎn nán 。
examination / take a test,考试,kǎoshì,n.,为了准备考试，他每天都学习到很晚。,,wèi le zhǔn bèi kǎo shì ， tā měi tiān dōu xué xí dào hěn wǎn 。
为了准备考试，他每天都学习到很晚。,"In order to prepare for the exam, he studied late every day.",考试,kǎoshì,n.,examination / take a test,wèi le zhǔn bèi kǎo shì ， tā měi tiān dōu xué xí dào hěn wǎn 。
may; can,可能,kěnéng,aux.,我可能不能去上班了。,,wǒ kě néng bù néng qù shàng bān le 。
我可能不能去上班了。,I may not be able to go to work.,可能,kěnéng,aux.,may; can,wǒ kě néng bù néng qù shàng bān le 。
possible; probable; likely,可能,kěnéng,adj.,这件事，完全是可能的。,,zhè jiàn shì ， wán quán shì kě néng de 。
这件事，完全是可能的。,This is entirely possible.,可能,kěnéng,adj.,possible; probable; likely,zhè jiàn shì ， wán quán shì kě néng de 。
can; may,可以,kěyǐ,aux.,你可以开我的车去上班。,,nǐ kě yǐ kāi wǒ de chē qù shàng bān 。
你可以开我的车去上班。,You can drive my car to work.,可以,kěyǐ,aux.,can; may,nǐ kě yǐ kāi wǒ de chē qù shàng bān 。
not bad; passable; pretty good,可以,kěyǐ,adj.,这个菜做得还可以。,,zhè ge cài zuò dé hái kě yǐ 。
这个菜做得还可以。,[Translation error],可以,kěyǐ,adj.,not bad; passable; pretty good,zhè ge cài zuò dé hái kě yǐ 。
lesson,课,kè,n.,今天我们学习第一课。,,jīn tiān wǒ men xué xí dì yī kè 。
今天我们学习第一课。,Today we're going to take the first lesson.,课,kè,n.,lesson,jīn tiān wǒ men xué xí dì yī kè 。
class,课,kè,n.,现在，我们上课。,,xiàn zài ， wǒ men shàng kè 。
现在，我们上课。,"Now, let's take a lesson.",课,kè,n.,class,xiàn zài ， wǒ men shàng kè 。
fast,快,kuài,adj.,他跑得真快。,,tā pǎo dé zhēn kuài 。
他跑得真快。,He runs really fast.,快,kuài,adj.,fast,tā pǎo dé zhēn kuài 。
be going to; will; shall,快,kuài,adv.,7 点 50 了，快上课了,,7  diǎn  50  le ， kuài shàng kè le
7 点 50 了，快上课了,"It's 7:50, it's almost time for class",快,kuài,adv.,be going to; will; shall,7  diǎn  50  le ， kuài shàng kè le
happy; joyful; cheerful; glad,快乐,kuàilè,adj.,祝你生日快乐！,,zhù nǐ shēng rì kuài lè ！
祝你生日快乐！,I wish you a happy birthday!,快乐,kuàilè,adj.,happy; joyful; cheerful; glad,zhù nǐ shēng rì kuài lè ！
happiness; joy; pleasure; delight,快乐,kuàilè,n.,女儿给我的生活带来很多快乐。,,nǚ ér gěi wǒ de shēng huó dài lái hěn duō kuài lè 。
女儿给我的生活带来很多快乐。,My daughter brings a lot of joy to my life.,快乐,kuàilè,n.,happiness; joy; pleasure; delight,nǚ ér gěi wǒ de shēng huó dài lái hěn duō kuài lè 。
tired; fatigued,累,lèi,adj.,我累了，想休息。,,wǒ lèi le ， xiǎng xiū xī 。
我累了，想休息。,I'm tired and want to rest.,累,lèi,adj.,tired; fatigued,wǒ lèi le ， xiǎng xiū xī 。
away from,离,lí,prep.,我家离学校很近。,,wǒ jiā lí xué xiào hěn jìn 。
我家离学校很近。,My house is very close to the school.,离,lí,prep.,away from,wǒ jiā lí xué xiào hěn jìn 。
two,两,liǎng,num.,苹果两块钱一斤。,,píng guǒ liǎng kuài qián yī jīn 。
苹果两块钱一斤。,Two yuan a kilo for an apple.,两,liǎng,num.,two,píng guǒ liǎng kuài qián yī jīn 。
road,路,lù,n.,我每天走路去上学。,,wǒ měi tiān zǒu lù qù shàng xué 。
我每天走路去上学。,I walk to school every day.,路,lù,n.,road,wǒ měi tiān zǒu lù qù shàng xué 。
used to indicate a bus route,路,lù,nm.,我们可以坐 10路公共汽车去。,,wǒ men kě yǐ zuò  10 lù gōng gòng qì chē qù 。
我们可以坐 10路公共汽车去。,We can take bus number 10.,路,lù,nm.,used to indicate a bus route,wǒ men kě yǐ zuò  10 lù gōng gòng qì chē qù 。
travel,旅游,lǚyóu,v.,我们开车去旅游。,,wǒ men kāi chē qù lǚ yóu 。
我们开车去旅游。,We drive to tour.,旅游,lǚyóu,v.,travel,wǒ men kāi chē qù lǚ yóu 。
sell,卖,mài,v.,这个商店卖的东西比较便宜。,,zhè ge shāng diàn mài de dōng xī bǐ jiào pián yi 。
这个商店卖的东西比较便宜。,This store sells things cheaper.,卖,mài,v.,sell,zhè ge shāng diàn mài de dōng xī bǐ jiào pián yi 。
slow,慢,màn,adj.,我们走得很慢。,,wǒ men zǒu dé hěn màn 。
我们走得很慢。,We walk slowly.,慢,màn,adj.,slow,wǒ men zǒu dé hěn màn 。
busy,忙,máng,adj.,这个星期，我很忙。,,zhè ge xīng qī ， wǒ hěn máng 。
这个星期，我很忙。,I'm busy this week.,忙,máng,adj.,busy,zhè ge xīng qī ， wǒ hěn máng 。
be busy doing sth.,忙,máng,v.,你在忙什么呢？,,nǐ zài máng shén me ne ？
你在忙什么呢？,What are you up to?,忙,máng,v.,be busy doing sth.,nǐ zài máng shén me ne ？
cat,猫,māo,n.,你的小猫去哪儿了？,,nǐ de xiǎo māo qù nǎ ér le ？
你的小猫去哪儿了？,Where's your kitten?,猫,māo,n.,cat,nǐ de xiǎo māo qù nǎ ér le ？
every; each,每,měi,pron.,你每天都看报纸吗？,,nǐ měi tiān dōu kàn bào zhǐ ma ？
你每天都看报纸吗？,Do you read the newspaper every day?,每,měi,pron.,every; each,nǐ měi tiān dōu kàn bào zhǐ ma ？
younger sister,妹妹,mèimei,n.,我有两个妹妹。,,wǒ yǒu liǎng gè mèi mèi 。
我有两个妹妹。,I have two sisters.,妹妹,mèimei,n.,younger sister,wǒ yǒu liǎng gè mèi mèi 。
exits and entrances; doorways,门,mén,n.,我在门外等你。,,wǒ zài mén wài děng nǐ 。
我在门外等你。,I'll wait for you outside the door.,门,mén,n.,exits and entrances; doorways,wǒ zài mén wài děng nǐ 。
used for curriculum in school,门,mén,nm.,今年我有五门课。,,jīn nián wǒ yǒu wǔ mén kè 。
今年我有五门课。,I have five classes this year.,门,mén,nm.,used for curriculum in school,jīn nián wǒ yǒu wǔ mén kè 。
man; male,男,nán,n.,我不认识那个男人。,,wǒ bù rèn shí nà ge nán rén 。
我不认识那个男人。,I don't know that man.,男,nán,n.,man; male,wǒ bù rèn shí nà ge nán rén 。
you or your (used to address someone with respect),您,nín,pron.,老师，您好！,,lǎo shī ， nín hǎo ！
老师，您好！,"Hello, teacher!",您,nín,pron.,you or your (used to address someone with respect),lǎo shī ， nín hǎo ！
milk,牛奶,niúnǎi,n.,睡觉前喝杯牛奶吧。,,shuì jiào qián hē bēi niú nǎi ba 。
睡觉前喝杯牛奶吧。,Have a glass of milk before you go to bed.,牛奶,niúnǎi,n.,milk,shuì jiào qián hē bēi niú nǎi ba 。
woman; female,女,nǚ,n.,那个女人你认识吗？,,nà ge nǚ rén nǐ rèn shí ma ？
那个女人你认识吗？,Do you know that woman?,女,nǚ,n.,woman; female,nà ge nǚ rén nǐ rèn shí ma ？
side; by the side of; nearby,旁边,pángbiān,n.,爸爸在我旁边。,,bà bà zài wǒ páng biān 。
爸爸在我旁边。,Dad is next to me.,旁边,pángbiān,n.,side; by the side of; nearby,bà bà zài wǒ páng biān 。
run; jog,跑步,pǎobù,v.,我每天早上都跑步。,,wǒ měi tiān zǎo shàng dōu pǎo bù 。
我每天早上都跑步。,I run every morning.,跑步,pǎobù,v.,run; jog,wǒ měi tiān zǎo shàng dōu pǎo bù 。
cheap; inexpensive,便宜,piányi,adj.,苹果很便宜，我们买点儿吧。,,píng guǒ hěn pián yi ， wǒ men mǎi diǎn ér ba 。
苹果很便宜，我们买点儿吧。,"Apples are cheap, let's buy some.",便宜,piányi,adj.,cheap; inexpensive,píng guǒ hěn pián yi ， wǒ men mǎi diǎn ér ba 。
ticket,票,piào,n.,我要去火车站买车票。,,wǒ yào qù huǒ chē zhàn mǎi chē piào 。
我要去火车站买车票。,[Translation error],票,piào,n.,ticket,wǒ yào qù huǒ chē zhàn mǎi chē piào 。
wife,妻子,qīzi,n.,我妻子上班去了。,,wǒ qī zǐ shàng bān qù le 。
我妻子上班去了。,My wife went to work.,妻子,qīzi,n.,wife,wǒ qī zǐ shàng bān qù le 。
rise (from bed); get up,起床,qǐchuáng,v.,我早上七点起床。,,wǒ zǎo shàng qī diǎn qǐ chuáng 。
我早上七点起床。,I get up at 7 in the morning.,起床,qǐchuáng,v.,rise (from bed); get up,wǒ zǎo shàng qī diǎn qǐ chuáng 。
thousand,千,qiān,num.,这个手机一千元。,,zhè ge shǒu jī yī qiān yuán 。
这个手机一千元。,"This mobile phone is 1,000 yuan.",千,qiān,num.,thousand,zhè ge shǒu jī yī qiān yuán 。
pencil,铅笔,qiānbǐ,n.,你看见我的铅笔了吗？,,nǐ kàn jiàn wǒ de qiān bǐ le ma ？
你看见我的铅笔了吗？,Did you see my pencil?,铅笔,qiānbǐ,n.,pencil,nǐ kàn jiàn wǒ de qiān bǐ le ma ？
fine; clear,晴,qíng,adj.,今天是晴天。,,jīn tiān shì qíng tiān 。
今天是晴天。,It's sunny today.,晴,qíng,adj.,fine; clear,jīn tiān shì qíng tiān 。
last year,去年,qùnián,n.,我是去年8 月来北京的。,,wǒ shì qù nián 8  yuè lái běi jīng de 。
我是去年8 月来北京的。,I came to Beijing last August.,去年,qùnián,n.,last year,wǒ shì qù nián 8  yuè lái běi jīng de 。
let; allow; make; ask,让,ràng,v.,他爸爸不让他来。,,tā bà bà bù ràng tā lái 。
他爸爸不让他来。,His father wouldn't let him come.,让,ràng,v.,let; allow; make; ask,tā bà bà bù ràng tā lái 。
transfer the ownership to,让,ràng,v,他把座位让给了一位老人。,,tā bǎ zuò wèi ràng gěi le yī wèi lǎo rén 。
他把座位让给了一位老人。,He gave up his seat to an old man.,让,ràng,v,transfer the ownership to,tā bǎ zuò wèi ràng gěi le yī wèi lǎo rén 。
day or date,日,rì,n.,今天是 2012 年 2 月 26日。,,jīn tiān shì  2012  nián  2  yuè  26 rì 。
今天是 2012 年 2 月 26日。,"Today is February 26, 2012.",日,rì,n.,day or date,jīn tiān shì  2012  nián  2  yuè  26 rì 。
go to work; start work,上班,shàngbān,v.,我七点半去上班。,,wǒ qī diǎn bàn qù shàng bān 。
我七点半去上班。,I go to work at 7:30.,上班,shàngbān,v.,go to work; start work,wǒ qī diǎn bàn qù shàng bān 。
body (of a human or animal),身体,shēntǐ,n.,今天我的身体不太舒服。,,jīn tiān wǒ de shēn tǐ bù tài shū fú 。
今天我的身体不太舒服。,I'm not feeling well today.,身体,shēntǐ,n.,body (of a human or animal),jīn tiān wǒ de shēn tǐ bù tài shū fú 。
fall sick;fall ill; get ill; be taken ill,生病,shēngbìng,v.,我生病了，不能去上班了。,,wǒ shēng bìng le ， bù néng qù shàng bān le 。
我生病了，不能去上班了。,I'm sick and can't go to work.,生病,shēngbìng,v.,fall sick;fall ill; get ill; be taken ill,wǒ shēng bìng le ， bù néng qù shàng bān le 。
birthday,生日,shēngrì,n.,祝你生日快乐！,,zhù nǐ shēng rì kuài lè ！
祝你生日快乐！,I wish you a happy birthday!,生日,shēngrì,n.,birthday,zhù nǐ shēng rì kuài lè ！
time,时间,shíjiān,n.,我没时间去北京。,,wǒ méi shí jiān qù běi jīng 。
我没时间去北京。,I don't have time to go to Beijing.,时间,shíjiān,n.,time,wǒ méi shí jiān qù běi jīng 。
matter; business; circumstance; event; affair; incident; occurrence,事情,shìqing,n.,你下午有什么事情吗？,,nǐ xià wǔ yǒu shén me shì qíng ma ？
你下午有什么事情吗？,What can I do for you this afternoon?,事情,shìqing,n.,matter; business; circumstance; event; affair; incident; occurrence,nǐ xià wǔ yǒu shén me shì qíng ma ？
wrist watch; watch,手表,shǒubiǎo,n.,这块手表非常漂亮。,,zhè kuài shǒu biǎo fēi cháng piào liàng 。
这块手表非常漂亮。,This watch is very beautiful.,手表,shǒubiǎo,n.,wrist watch; watch,zhè kuài shǒu biǎo fēi cháng piào liàng 。
mobile phone,手机,shǒujī,n.,你看，我新买了一个手机。,,nǐ kàn ， wǒ xīn mǎi le yí gè shǒu jī 。
你看，我新买了一个手机。,"Look, I bought a new phone.",手机,shǒujī,n.,mobile phone,nǐ kàn ， wǒ xīn mǎi le yí gè shǒu jī 。
give sb. sth. as a gift,送,sòng,v.,我送你一本书。,,wǒ sòng nǐ yī běn shū 。
我送你一本书。,I'll give you a book.,送,sòng,v.,give sb. sth. as a gift,wǒ sòng nǐ yī běn shū 。
see sb off; escort or provide transportation for sb.,送,sòng,v.,我去送一个朋友。,,wǒ qù sòng yí gè péng yǒu 。
我去送一个朋友。,I'll send a friend.,送,sòng,v.,see sb off; escort or provide transportation for sb.,wǒ qù sòng yí gè péng yǒu 。
though;but; however,虽然……但是……,suīrán…dànshì…,conj.,虽然……但是……下雨了，虽然……但是……我们还是想去看电影。,,suī rán …… dàn shì …… xià yǔ le ， suī rán …… dàn shì …… wǒ men hái shì xiǎng qù kàn diàn yǐng 。
虽然……但是……下雨了，虽然……但是……我们还是想去看电影。,"Although... but... it's raining, although... but... we still want to go to the movies.",虽然……但是……,suīrán…dànshì…,conj.,though;but; however,suī rán …… dàn shì …… xià yǔ le ， suī rán …… dàn shì …… wǒ men hái shì xiǎng qù kàn diàn yǐng 。
it; its,它,tā,pron.,我知道小猫在哪儿，它在桌子下面。,,wǒ zhī dào xiǎo māo zài nǎ ér ， tā zài zhuō zi xià miàn 。
我知道小猫在哪儿，它在桌子下面。,"I know where the kitten is, it's under the table.",它,tā,pron.,it; its,wǒ zhī dào xiǎo māo zài nǎ ér ， tā zài zhuō zi xià miàn 。
play soccer,踢足球,tī zúqiú,pron.,我和同学们在踢足球。,,wǒ hé tóng xué men zài tī zú qiú 。
我和同学们在踢足球。,My classmates and I were playing soccer.,踢足球,tī zúqiú,pron.,play soccer,wǒ hé tóng xué men zài tī zú qiú 。
"questions, problems (in a test or a quiz)",题,tí,n.,这个题我不会做。,,zhè ge tí wǒ bú huì zuò 。
这个题我不会做。,I won't do this question.,题,tí,n.,"questions, problems (in a test or a quiz)",zhè ge tí wǒ bú huì zuò 。
dance,跳舞,tiàowǔ,sv.,妹妹会唱歌，也会跳舞。,,mèi mèi huì chàng gē ， yě huì tiào wǔ 。
妹妹会唱歌，也会跳舞。,My sister sings and dances.,跳舞,tiàowǔ,sv.,dance,mèi mèi huì chàng gē ， yě huì tiào wǔ 。
outer; outside,外,wài,n.,外面下雨了。,,wài miàn xià yǔ le 。
外面下雨了。,It's raining outside.,外,wài,n.,outer; outside,wài miàn xià yǔ le 。
"not of one's own family, clan, class, coterie, locality, school, etc.",外,wài,n.,那些学生是外校的。,,nà xiē xué shēng shì wài xiào de 。
那些学生是外校的。,Those students are from a foreign school.,外,wài,n.,"not of one's own family, clan, class, coterie, locality, school, etc.",nà xiē xué shēng shì wài xiào de 。
indicating finished; be used up; run out,完,wán,v.,这本书我看完了。,,zhè běn shū wǒ kàn wán le 。
这本书我看完了。,I've finished this book.,完,wán,v.,indicating finished; be used up; run out,zhè běn shū wǒ kàn wán le 。
play,玩,wán,v.,他在玩，没有学习。,,tā zài wán ， méi yǒu xué xí 。
他在玩，没有学习。,"He was playing, not learning.",玩,wán,v.,play,tā zài wán ， méi yǒu xué xí 。
evening,晚上,wǎnshang,n.,今天晚上我不能看电视了。,,jīn tiān wǎn shàng wǒ bù néng kàn diàn shì le 。
今天晚上我不能看电视了。,I can't watch TV tonight.,晚上,wǎnshang,n.,evening,jīn tiān wǎn shàng wǒ bù néng kàn diàn shì le 。
why,为什么,wèi shénme,n.,你为什么不喝点儿水呢？,,nǐ wèi shén me bù hē diǎn ér shuǐ ne ？
你为什么不喝点儿水呢？,Why don't you drink some water?,为什么,wèi shénme,n.,why,nǐ wèi shén me bù hē diǎn ér shuǐ ne ？
ask; inquire after,问,wèn,v.,老师，我可以问你一个问题吗？,,lǎo shī ， wǒ kě yǐ wèn nǐ yí gè wèn tí ma ？
老师，我可以问你一个问题吗？,"Teacher, can I ask you a question?",问,wèn,v.,ask; inquire after,lǎo shī ， wǒ kě yǐ wèn nǐ yí gè wèn tí ma ？
question; problem,问题,wèntí,n.,这个问题太难了！,,zhè ge wèn tí tài nán le ！
这个问题太难了！,This question is too hard!,问题,wèntí,n.,question; problem,zhè ge wèn tí tài nán le ！
watermelon,西瓜,xīguā,n.,请吃块儿西瓜。,,qǐng chī kuài ér xī guā 。
请吃块儿西瓜。,Please have a piece of watermelon.,西瓜,xīguā,n.,watermelon,qǐng chī kuài ér xī guā 。
hope; wish; want; be desirous of,希望,xīwàng,v.,我希望你别走了。,,wǒ xī wàng nǐ bié zǒu le 。
我希望你别走了。,I hope you don't go.,希望,xīwàng,v.,hope; wish; want; be desirous of,wǒ xī wàng nǐ bié zǒu le 。
hope; wish,希望,xīwàng,n.,孩子是爸爸、妈妈的希望。,,hái zi shì bà bà 、 mā mā de xī wàng 。
孩子是爸爸、妈妈的希望。,The child is the hope of the father and mother.,希望,xīwàng,n.,hope; wish,hái zi shì bà bà 、 mā mā de xī wàng 。
wash,洗,xǐ,v.,今天我要洗很多衣服。,,jīn tiān wǒ yào xǐ hěn duō yī fú 。
今天我要洗很多衣服。,I have a lot of laundry to do today.,洗,xǐ,v.,wash,jīn tiān wǒ yào xǐ hěn duō yī fú 。
develope and print (a picture),洗,xǐ,v.,照片要三天才能洗出来。,,zhào piān yào sān tiān cái néng xǐ chū lái 。
照片要三天才能洗出来。,Photos take three days to wash out.,洗,xǐ,v.,develope and print (a picture),zhào piān yào sān tiān cái néng xǐ chū lái 。
hour,小时,xiǎoshí,n.,我看了一小时的书。,,wǒ kàn le yī xiǎo shí de shū 。
我看了一小时的书。,I read the book for an hour.,小时,xiǎoshí,n.,hour,wǒ kàn le yī xiǎo shí de shū 。
laugh; smile,笑,xiào,v.,听到他这么说，我们都笑了。,,tīng dào tā zhè me shuō ， wǒ men dōu xiào le 。
听到他这么说，我们都笑了。,We all laughed when we heard him say that.,笑,xiào,v.,laugh; smile,tīng dào tā zhè me shuō ， wǒ men dōu xiào le 。
new; up-to-date,新,xīn,adj.,这是我买的新衣服。,,zhè shì wǒ mǎi de xīn yī fú 。
这是我买的新衣服。,These are the new clothes I bought.,新,xīn,adj.,new; up-to-date,zhè shì wǒ mǎi de xīn yī fú 。
surname,姓,xìng,n.,中国人的姓在名字的前面。,,zhōng guó rén de xìng zài míng zì de qián miàn 。
中国人的姓在名字的前面。,The Chinese surname is in front of the name.,姓,xìng,n.,surname,zhōng guó rén de xìng zài míng zì de qián miàn 。
take … as surname,姓,xìng,v.,我姓张。,,wǒ xìng zhāng 。
我姓张。,My surname is Zhang.,姓,xìng,v.,take … as surname,wǒ xìng zhāng 。
relax; have a rest; take a break,休息,xiūxi,v.,太累了，让我休息一下。,,tài lèi le ， ràng wǒ xiū xī yī xià 。
太累了，让我休息一下。,"Too tired, let me take a break.",休息,xiūxi,v.,relax; have a rest; take a break,tài lèi le ， ràng wǒ xiū xī yī xià 。
snow,雪,xuě,n.,今年冬天下了几次大雪。,,jīn nián dōng tiān xià le jǐ cì dà xuě 。
今年冬天下了几次大雪。,It has snowed heavily several times this winter.,雪,xuě,n.,snow,jīn nián dōng tiān xià le jǐ cì dà xuě 。
color,颜色,yánsè,n.,你喜欢哪种颜色？,,nǐ xǐ huān nǎ zhǒng yán sè ？
你喜欢哪种颜色？,Which color do you prefer?,颜色,yánsè,n.,color,nǐ xǐ huān nǎ zhǒng yán sè ？
eye,眼睛,yǎnjing,n.,我的眼睛是黑色的。,,wǒ de yǎn jīng shì hēi sè de 。
我的眼睛是黑色的。,My eyes are black.,眼睛,yǎnjing,n.,eye,wǒ de yǎn jīng shì hēi sè de 。
mutton,羊肉,yángròu,n.,有些人不爱吃羊肉。,,yǒu xiē rén bù ài chī yáng ròu 。
有些人不爱吃羊肉。,Some people don't like lamb.,羊肉,yángròu,n.,mutton,yǒu xiē rén bù ài chī yáng ròu 。
medicine,药,yào,n.,这个药一天吃三次。,,zhè ge yào yī tiān chī sān cì 。
这个药一天吃三次。,Take this medicine three times a day.,药,yào,n.,medicine,zhè ge yào yī tiān chī sān cì 。
hope; want; wish,要,yào,aux.,我要去北京。,,wǒ yào qù běi jīng 。
我要去北京。,I'm going to Beijing.,要,yào,aux.,hope; want; wish,wǒ yào qù běi jīng 。
request; ask sb. to do sth..,要,yào,v.,妈妈要我去买菜。,,mā mā yào wǒ qù mǎi cài 。
妈妈要我去买菜。,My mom asked me to buy food.,要,yào,v.,request; ask sb. to do sth..,mā mā yào wǒ qù mǎi cài 。
ought to; might; must; should,要,yào,aux.,你要认真地做这件事。,,nǐ yào rèn zhēn dì zuò zhè jiàn shì 。
你要认真地做这件事。,You have to do this seriously.,要,yào,aux.,ought to; might; must; should,nǐ yào rèn zhēn dì zuò zhè jiàn shì 。
be going to; shall; will,要,yào,aux.,要下雨了。,,yào xià yǔ le 。
要下雨了。,[Translation error],要,yào,aux.,be going to; shall; will,yào xià yǔ le 。
cost; take,要,yào,v.,一斤菜要两块钱。,,yī jīn cài yào liǎng kuài qián 。
一斤菜要两块钱。,A pound of vegetables costs two yuan.,要,yào,v.,cost; take,yī jīn cài yào liǎng kuài qián 。
also; too; as well; either,也,yě,adv.,你去，我也去。,,nǐ qù ， wǒ yě qù 。
你去，我也去。,"You go, I'll go too.",也,yě,adv.,also; too; as well; either,nǐ qù ， wǒ yě qù 。
once; in a short while,一下,yíxià,vm.,请等我一下。,,qǐng děng wǒ yī xià 。
请等我一下。,Please wait a moment.,一下,yíxià,vm.,once; in a short while,qǐng děng wǒ yī xià 。
together,一起,yìqǐ,adv.,我和你一起去北京。,,wǒ hé nǐ yì qǐ qù běi jīng 。
我和你一起去北京。,I'll go to Beijing with you.,一起,yìqǐ,adv.,together,wǒ hé nǐ yì qǐ qù běi jīng 。
already; yet,已经,yǐjīng,adv.,我们已经吃完饭了。,,wǒ men yǐ jīng chī wán fàn le 。
我们已经吃完饭了。,We've already eaten.,已经,yǐjīng,adv.,already; yet,wǒ men yǐ jīng chī wán fàn le 。
meaning; content; indication; hint,意思,yìsi,n.,这个词是什么意思？,,zhè ge cí shì shén me yì si ？
这个词是什么意思？,What does the word mean?,意思,yìsi,n.,meaning; content; indication; hint,zhè ge cí shì shén me yì si ？
opinion; idea; concept,意思,yìsi,n.,把你的意思告诉我吧。,,bǎ nǐ de yì si gào sù wǒ ba 。
把你的意思告诉我吧。,Tell me what you mean.,意思,yìsi,n.,opinion; idea; concept,bǎ nǐ de yì si gào sù wǒ ba 。
fun; interest; enjoyment,意思,yìsi,n.,这个电影真有意思。,,zhè ge diàn yǐng zhēn yǒu yì si 。
这个电影真有意思。,This movie is really interesting.,意思,yìsi,n.,fun; interest; enjoyment,zhè ge diàn yǐng zhēn yǒu yì si 。
on account of; because of,因为……所以……,yīnwèi…suǒyǐ…,conj.,因为……所以……下雨了，因为……所以……我没去跑步。,,yīn wèi …… suǒ yǐ …… xià yǔ le ， yīn wèi …… suǒ yǐ …… wǒ méi qù pǎo bù 。
因为……所以……下雨了，因为……所以……我没去跑步。,"Because... so... it's raining, because... so... I didn't go for a run.",因为……所以……,yīnwèi…suǒyǐ…,conj.,on account of; because of,yīn wèi …… suǒ yǐ …… xià yǔ le ， yīn wèi …… suǒ yǐ …… wǒ méi qù pǎo bù 。
cloudy; overcast,阴,yīn,adj.,今天是阴天。,,jīn tiān shì yīn tiān 。
今天是阴天。,It's cloudy today.,阴,yīn,adj.,cloudy; overcast,jīn tiān shì yīn tiān 。
swim,游泳,yóuyǒng,v.,我会游泳了。,,wǒ huì yóu yǒng le 。
我会游泳了。,I can swim.,游泳,yóuyǒng,v.,swim,wǒ huì yóu yǒng le 。
right; right side,右边,yòubian,n.,王医生右边那个人是谁？,,wáng yī shēng yòu biān nà ge rén shì shuí ？
王医生右边那个人是谁？,Who is that person on Dr. Wang's right?,右边,yòubian,n.,right; right side,wáng yī shēng yòu biān nà ge rén shì shuí ？
fish,鱼,yú,n.,水里有很多鱼。,,shuǐ lǐ yǒu hěn duō yú 。
水里有很多鱼。,There are a lot of fish in the water.,鱼,yú,n.,fish,shuǐ lǐ yǒu hěn duō yú 。
far,远,yuǎn,adj.,我家离公司很远。,,wǒ jiā lí gōng sī hěn yuǎn 。
我家离公司很远。,My house is far from the company.,远,yuǎn,adj.,far,wǒ jiā lí gōng sī hěn yuǎn 。
take exercise,运动,yùndòng,v.,我们都很喜欢运动。,,wǒ men dōu hěn xǐ huān yùn dòng 。
我们都很喜欢运动。,We all love sports.,运动,yùndòng,v.,take exercise,wǒ men dōu hěn xǐ huān yùn dòng 。
again,再,zài,adv.,我吃完饭再去商店。,,wǒ chī wán fàn zài qù shāng diàn 。
我吃完饭再去商店。,I'll go to the store after dinner.,再,zài,adv.,again,wǒ chī wán fàn zài qù shāng diàn 。
more; further,再,zài,adv.,再高点儿，现在太低了。,,zài gāo diǎn ér ， xiàn zài tài dī le 。
再高点儿，现在太低了。,"Higher, now too low.",再,zài,adv.,more; further,zài gāo diǎn ér ， xiàn zài tài dī le 。
morning,早上,zǎoshang,n.,我早上看见过他。,,wǒ zǎo shàng kàn jiàn guò tā 。
我早上看见过他。,I saw him in the morning.,早上,zǎoshang,n.,morning,wǒ zǎo shàng kàn jiàn guò tā 。
husband,丈夫,zhàngfu,n.,我丈夫在医院工作。,,wǒ zhàng fū zài yī yuàn gōng zuò 。
我丈夫在医院工作。,My husband works at the hospital.,丈夫,zhàngfu,n.,husband,wǒ zhàng fū zài yī yuàn gōng zuò 。
seek; look for,找,zhǎo,v.,他想找一个工作。,,tā xiǎng zhǎo yí gè gōng zuò 。
他想找一个工作。,He was looking for a job.,找,zhǎo,v.,seek; look for,tā xiǎng zhǎo yí gè gōng zuò 。
"used after a verb, indicating that the action starts and continues",着,zhe,sa.,他笑着说：“你不认识我，但是我认识你。”,,tā xiào zhe shuō ：“ nǐ bù rèn shí wǒ ， dàn shì wǒ rèn shí nǐ 。”
他笑着说：“你不认识我，但是我认识你。”,"He smiled and said, ""You don't know me, but I know you.""",着,zhe,sa.,"used after a verb, indicating that the action starts and continues",tā xiào zhe shuō ：“ nǐ bù rèn shí wǒ ， dàn shì wǒ rèn shí nǐ 。”
indeed; really,真,zhēn,adv.,这个人真高。,,zhè ge rén zhēn gāo 。
这个人真高。,This man is really tall.,真,zhēn,adv.,indeed; really,zhè ge rén zhēn gāo 。
be + verb + ing; in the process of; in the course of; in the middle of; in the act of,正在,zhèngzài,adv.,弟弟正在打篮球。,,dì di zhèng zài dǎ lán qiú 。
弟弟正在打篮球。,My brother is playing basketball.,正在,zhèngzài,adv.,be + verb + ing; in the process of; in the course of; in the middle of; in the act of,dì di zhèng zài dǎ lán qiú 。
know; be aware of,知道,zhīdào,v.,我不知道他现在在哪里。,,wǒ bù zhī dào tā xiàn zài zài nǎ lǐ 。
我不知道他现在在哪里。,I don't know where he is now.,知道,zhīdào,v.,know; be aware of,wǒ bù zhī dào tā xiàn zài zài nǎ lǐ 。
be going to; intend; plan; prepare,准备,zhǔnbèi,v.,我准备星期日去北京。,,wǒ zhǔn bèi xīng qī rì qù běi jīng 。
我准备星期日去北京。,I'm going to Beijing on Sunday.,准备,zhǔnbèi,v.,be going to; intend; plan; prepare,wǒ zhǔn bèi xīng qī rì qù běi jīng 。
preparation; arrangement,准备,zhǔnbèi,n.,我在为考试做准备。,,wǒ zài wèi kǎo shì zuò zhǔn bèi 。
我在为考试做准备。,I am preparing for the exam.,准备,zhǔnbèi,n.,preparation; arrangement,wǒ zài wèi kǎo shì zuò zhǔn bèi 。
bicycle,自行车,zìxíngchē,n.,这是我新买的自行车。,,zhè shì wǒ xīn mǎi de zì xíng chē 。
这是我新买的自行车。,This is my new bike.,自行车,zìxíngchē,n.,bicycle,zhè shì wǒ xīn mǎi de zì xíng chē 。
walk; go on foot,走,zǒu,v.,我女儿 9 个月就会走了。,,wǒ nǚ ér  9  gè yuè jiù huì zǒu le 。
我女儿 9 个月就会走了。,My daughter will be gone in 9 months.,走,zǒu,v.,walk; go on foot,wǒ nǚ ér  9  gè yuè jiù huì zǒu le 。
leave; go away; depart,走,zǒu,v.,我走了，再见！,,wǒ zǒu le ， zài jiàn ！
我走了，再见！,I'm leaving. Bye!,走,zǒu,v.,leave; go away; depart,wǒ zǒu le ， zài jiàn ！
the most,最,zuì,adv.,她是我最好的朋友。,,tā shì wǒ zuì hǎo de péng yǒu 。
她是我最好的朋友。,She's my best friend.,最,zuì,adv.,the most,tā shì wǒ zuì hǎo de péng yǒu 。
left; left side,左边,zuǒbian,n.,左边的那个杯子是你的，右边的是我的。,,zuǒ biān de nà ge bēi zi shì nǐ de ， yòu biān de shì wǒ de 。
左边的那个杯子是你的，右边的是我的。,The one on the left is yours and the one on the right is mine.,左边,zuǒbian,n.,left; left side,zuǒ biān de nà ge bēi zi shì nǐ de ， yòu biān de shì wǒ de 。
aunt,阿姨,āyí,n.,阿姨，附近有地铁站吗？,,ā yí ， fù jìn yǒu dì tiě zhàn ma ？
阿姨，附近有地铁站吗？,"Aunty, is there a subway station nearby?",阿姨,āyí,n.,aunt,ā yí ， fù jìn yǒu dì tiě zhàn ma ？
"used to express surprise,exclamation or promise",啊,a,int.,啊，这儿的环境多么好啊！你们家住在哪儿啊？ 啊，好的，我现在就去。,,a ， zhè ér de huán jìng duō me hǎo a ！ nǐ men jiā zhù zài nǎ ér a ？  a ， hǎo de ， wǒ xiàn zài jiù qù 。
啊，这儿的环境多么好啊！你们家住在哪儿啊？ 啊，好的，我现在就去。,"Ah, what a wonderful environment!Where does your family live? Ah, okay, I'll go now.",啊,a,int.,"used to express surprise,exclamation or promise",a ， zhè ér de huán jìng duō me hǎo a ！ nǐ men jiā zhù zài nǎ ér a ？  a ， hǎo de ， wǒ xiàn zài jiù qù 。
"short, low",矮,ǎi,adj.,弟弟的个子比我矮。,,dì di de gè zi bǐ wǒ ǎi 。
弟弟的个子比我矮。,[Translation error],矮,ǎi,adj.,"short, low",dì di de gè zi bǐ wǒ ǎi 。
hobby; an interest; fancy,爱好,àihào,n.,我最大的爱好就是打篮球。,,wǒ zuì dà de ài hào jiù shì dǎ lán qiú 。
我最大的爱好就是打篮球。,My biggest hobby is playing basketball.,爱好,àihào,n.,hobby; an interest; fancy,wǒ zuì dà de ài hào jiù shì dǎ lán qiú 。
be fond of or keen on; have a taste for,爱好,àihào,v.,我从小就爱好音乐。,,wǒ cóng xiǎo jiù ài hào yīn yuè 。
我从小就爱好音乐。,I've loved music since I was a kid.,爱好,àihào,v.,be fond of or keen on; have a taste for,wǒ cóng xiǎo jiù ài hào yīn yuè 。
noiseless; quiet; calm,安静,ānjìng,adj.,因为教室里没什么人，所以很安静。,,yīn wèi jiào shì lǐ méi shén me rén ， suǒ yǐ hěn ān jìng 。
因为教室里没什么人，所以很安静。,It is quiet because there are not many people in the classroom.,安静,ānjìng,adj.,noiseless; quiet; calm,yīn wèi jiào shì lǐ méi shén me rén ， suǒ yǐ hěn ān jìng 。
quiet down; keep silent,安静,ānjìng,v.,孩子们都睡着了，家里安静了下来。,,hái zi men dōu shuì zháo le ， jiā lǐ ān jìng le xià lái 。
孩子们都睡着了，家里安静了下来。,The children were asleep and the house was quiet.,安静,ānjìng,v.,quiet down; keep silent,hái zi men dōu shuì zháo le ， jiā lǐ ān jìng le xià lái 。
"dealing with, used before an object, followed by a transitive verb",把,bǎ,prep.,请把桌子上的铅笔给我。,,qǐng bǎ zhuō zi shàng de qiān bǐ gěi wǒ 。
请把桌子上的铅笔给我。,Please give me the pencil on the table.,把,bǎ,prep.,"dealing with, used before an object, followed by a transitive verb",qǐng bǎ zhuō zi shàng de qiān bǐ gěi wǒ 。
used for things with a handle,把,bǎ,nm.,房间里有四把椅子。,,fáng jiān lǐ yǒu sì bǎ yǐ zi 。
房间里有四把椅子。,There are four chairs in the room.,把,bǎ,nm.,used for things with a handle,fáng jiān lǐ yǒu sì bǎ yǐ zi 。
class,班,bān,n.,我在三年级二班。,,wǒ zài sān nián jí èr bān 。
我在三年级二班。,I'm in third grade second class.,班,bān,n.,class,wǒ zài sān nián jí èr bān 。
carry; move,搬,bān,v.,请帮我把这张桌子搬到楼下好吗？,,qǐng bāng wǒ bǎ zhè zhāng zhuō zi bān dào lóu xià hǎo ma ？
请帮我把这张桌子搬到楼下好吗？,"Could you help me move this table downstairs, please?",搬,bān,v.,carry; move,qǐng bāng wǒ bǎ zhè zhāng zhuō zi bān dào lóu xià hǎo ma ？
way; means; measure; step to take; method; resource,办法,bànfǎ,n.,你别急，我们再想想办法。,,nǐ bié jí ， wǒ men zài xiǎng xiǎng bàn fǎ 。
你别急，我们再想想办法。,"Don't worry, we'll figure something out.",办法,bànfǎ,n.,way; means; measure; step to take; method; resource,nǐ bié jí ， wǒ men zài xiǎng xiǎng bàn fǎ 。
office,办公室,bàngōngshì,n.,请问，校长办公室怎么走？,,qǐng wèn ， xiào zhǎng bàn gōng shì zěn me zǒu ？
请问，校长办公室怎么走？,"Excuse me, how do I get to the principal's office?",办公室,bàngōngshì,n.,office,qǐng wèn ， xiào zhǎng bàn gōng shì zěn me zǒu ？
half,半,bàn,num.,现在是三点半。,,xiàn zài shì sān diǎn bàn 。
现在是三点半。,It's 3:30.,半,bàn,num.,half,xiàn zài shì sān diǎn bàn 。
help; give a helping hand; do a favor; lend a hand,帮忙,bāngmáng,v.,因为有你帮忙，这件事情处理得很好。,,yīn wèi yǒu nǐ bāng máng ， zhè jiàn shì qíng chǔ lǐ dé hěn hǎo 。
因为有你帮忙，这件事情处理得很好。,"Because of your help, this matter has been handled well.",帮忙,bāngmáng,v.,help; give a helping hand; do a favor; lend a hand,yīn wèi yǒu nǐ bāng máng ， zhè jiàn shì qíng chǔ lǐ dé hěn hǎo 。
bag,包,bāo,n.,我的包忘在房间里了。,,wǒ de bāo wàng zài fáng jiān lǐ le 。
我的包忘在房间里了。,I left my bag in the room.,包,bāo,n.,bag,wǒ de bāo wàng zài fáng jiān lǐ le 。
"not hungry, full",饱,bǎo,adj.,我已经吃饱了。,,wǒ yǐ jīng chī bǎo le 。
我已经吃饱了。,I am replete.’,饱,bǎo,adj.,"not hungry, full",wǒ yǐ jīng chī bǎo le 。
north,北方,běifāng,n.,冬天，北方比南方冷多了。,,dōng tiān ， běi fāng bǐ nán fāng lěng duō le 。
冬天，北方比南方冷多了。,"In winter, the north is much colder than the south.",北方,běifāng,n.,north,dōng tiān ， běi fāng bǐ nán fāng lěng duō le 。
"be made or forced, indicating passive voice",被,bèi,prep.,词典被王老师拿走了。,,cí diǎn bèi wáng lǎo shī ná zǒu le 。
词典被王老师拿走了。,Teacher Wang took the dictionary.,被,bèi,prep.,"be made or forced, indicating passive voice",cí diǎn bèi wáng lǎo shī ná zǒu le 。
nose,鼻子,bízi,n.,姐姐的鼻子很高，很漂亮。,,jiě jiě de bí zi hěn gāo ， hěn piào liàng 。
姐姐的鼻子很高，很漂亮。,Sister's nose is tall and beautiful.,鼻子,bízi,n.,nose,jiě jiě de bí zi hěn gāo ， hěn piào liàng 。
fairly; quite,比较,bǐjiào,adv.,今天天气比较冷。,,jīn tiān tiān qì bǐ jiào lěng 。
今天天气比较冷。,It's cold today.,比较,bǐjiào,adv.,fairly; quite,jīn tiān tiān qì bǐ jiào lěng 。
competition,比赛,bǐsài,n.,今天晚上有足球比赛。,,jīn tiān wǎn shàng yǒu zú qiú bǐ sài 。
今天晚上有足球比赛。,There's a football game tonight.,比赛,bǐsài,n.,competition,jīn tiān wǎn shàng yǒu zú qiú bǐ sài 。
compete,比赛,bǐsài,v.,我们比赛跑步吧。,,wǒ men bǐ sài pǎo bù ba 。
我们比赛跑步吧。,Let's race.,比赛,bǐsài,v.,compete,wǒ men bǐ sài pǎo bù ba 。
notebook,笔记本,bǐjìběn,n.,老师讲的内容，我都写在笔记本上了。,,lǎo shī jiǎng de nèi róng ， wǒ dōu xiě zài bǐ jì běn shàng le 。
老师讲的内容，我都写在笔记本上了。,I wrote down the contents of the teacher's lecture in my notebook.,笔记本,bǐjìběn,n.,notebook,lǎo shī jiǎng de nèi róng ， wǒ dōu xiě zài bǐ jì běn shàng le 。
laptop,笔记本,bǐjìběn,n.,你看，这是我新买的笔记本。,,nǐ kàn ， zhè shì wǒ xīn mǎi de bǐ jì běn 。
你看，这是我新买的笔记本。,"Look, this is my new notebook.",笔记本,bǐjìběn,n.,laptop,nǐ kàn ， zhè shì wǒ xīn mǎi de bǐ jì běn 。
must; have to,必须,bìxū,adv.,我今天必须去上班。,,wǒ jīn tiān bì xū qù shàng bān 。
我今天必须去上班。,I have to go to work today.,必须,bìxū,adv.,must; have to,wǒ jīn tiān bì xū qù shàng bān 。
change; variation,变化,biànhuà,n.,十年不见，他好像没什么变化。,,shí nián bú jiàn ， tā hǎo xiàng méi shén me biàn huà 。
十年不见，他好像没什么变化。,"After ten years, he didn't seem to have changed much.",变化,biànhuà,n.,change; variation,shí nián bú jiàn ， tā hǎo xiàng méi shén me biàn huà 。
change; vary,变化,biànhuà,v.,城市变化得太快了。,,chéng shì biàn huà dé tài kuài le 。
城市变化得太快了。,The city is changing too fast.,变化,biànhuà,v.,change; vary,chéng shì biàn huà dé tài kuài le 。
other people; another person,别人,biéren,pron.,别人都走了，为什么你还在这里？,,bié rén dōu zǒu le ， wèi shén me nǐ hái zài zhè lǐ ？
别人都走了，为什么你还在这里？,Why are you still here when everyone else is gone?,别人,biéren,pron.,other people; another person,bié rén dōu zǒu le ， wèi shén me nǐ hái zài zhè lǐ ？
hotel,宾馆,bīnguǎn,n.,这是我们这儿最大的宾馆，可以住 300 个客人。,,zhè shì wǒ men zhè ér zuì dà de bīn guǎn ， kě yǐ zhù  300  gè kè rén 。
这是我们这儿最大的宾馆，可以住 300 个客人。,This is our biggest guesthouse here and can accommodate 300 guests.,宾馆,bīnguǎn,n.,hotel,zhè shì wǒ men zhè ér zuì dà de bīn guǎn ， kě yǐ zhù  300  gè kè rén 。
refrigerator,冰箱,bīngxiāng,n.,妈妈把刚买的鱼放进了冰箱。,,mā mā bǎ gāng mǎi de yú fàng jìn le bīng xiāng 。
妈妈把刚买的鱼放进了冰箱。,Mom put the fish she just bought into the fridge.,冰箱,bīngxiāng,n.,refrigerator,mā mā bǎ gāng mǎi de yú fàng jìn le bīng xiāng 。
moreover; not only… but also…,不但……而且……,búdàn… érqiě…,conj.,妹妹不但……而且……喜欢唱歌，不但……而且……爱跳舞。,,mèi mèi bù dàn …… ér qiě …… xǐ huān chàng gē ， bù dàn …… ér qiě …… ài tiào wǔ 。
妹妹不但……而且……喜欢唱歌，不但……而且……爱跳舞。,"Sister not only... but also... likes to sing, not only... but also... loves to dance.",不但……而且……,búdàn… érqiě…,conj.,moreover; not only… but also…,mèi mèi bù dàn …… ér qiě …… xǐ huān chàng gē ， bù dàn …… ér qiě …… ài tiào wǔ 。
"late, indicating just happened",才,cái,adv.,他 30 岁才读完大学。,,tā  30  suì cái dú wán dà xué 。
他 30 岁才读完大学。,He didn't finish college until he was 30.,才,cái,adv.,"late, indicating just happened",tā  30  suì cái dú wán dà xué 。
just; only (indicating only one solution),才,cái,adv.,这件事，只有他才能做好。,,zhè jiàn shì ， zhǐ yǒu tā cái néng zuò hǎo 。
这件事，只有他才能做好。,Only he can do this well.,才,cái,adv.,just; only (indicating only one solution),zhè jiàn shì ， zhǐ yǒu tā cái néng zuò hǎo 。
menu,菜单,càidān,n.,服务员，请帮我拿一下菜单。,,fú wù yuán ， qǐng bāng wǒ ná yī xià cài dān 。
服务员，请帮我拿一下菜单。,"Waiter, please help me get the menu.",菜单,càidān,n.,menu,fú wù yuán ， qǐng bāng wǒ ná yī xià cài dān 。
join; take part in; attend,参加,cānjiā,v.,这次会议有两百多人参加。,,zhè cì huì yì yǒu liǎng bǎi duō rén shēn jiā 。
这次会议有两百多人参加。,The conference was attended by more than 200 people.,参加,cānjiā,v.,join; take part in; attend,zhè cì huì yì yǒu liǎng bǎi duō rén shēn jiā 。
grass; straw,草,cǎo,n.,春天来了，小草绿了。,,chūn tiān lái le ， xiǎo cǎo lǜ le 。
春天来了，小草绿了。,"Spring is here, and the grass is green.",草,cǎo,n.,grass; straw,chūn tiān lái le ， xiǎo cǎo lǜ le 。
"layer, floor, etc.( used for things that have separate levels)",层,céng,nm.,我住在三层，306。,,wǒ zhù zài sān céng ，306。
我住在三层，306。,"I live on the third floor, 306.",层,céng,nm.,"layer, floor, etc.( used for things that have separate levels)",wǒ zhù zài sān céng ，306。
bad; poor,差,chà,adj.,我这次考试考得很差。,,wǒ zhè cì kǎo shì kǎo dé hěn chà 。
我这次考试考得很差。,I had a bad exam this time.,差,chà,adj.,bad; poor,wǒ zhè cì kǎo shì kǎo dé hěn chà 。
fall short of; owe,差,chà,v.,现在是差5 分 12 点。,,xiàn zài shì chà 5  fēn  12  diǎn 。
现在是差5 分 12 点。,Now it's a 5-point 12-point difference.,差,chà,v.,fall short of; owe,xiàn zài shì chà 5  fēn  12  diǎn 。
long,长,cháng,adj,姐姐的头发又黑又长。,,jiě jiě de tóu fà yòu hēi yòu zhǎng 。
姐姐的头发又黑又长。,Sister's hair was black and long.,长,cháng,adj,long,jiě jiě de tóu fà yòu hēi yòu zhǎng 。
supermarket,超市,chāoshì,n.,这家超市里的东西比较便宜。,,zhè jiā chāo shì lǐ de dōng xī bǐ jiào pián yi 。
这家超市里的东西比较便宜。,Things in this supermarket are cheaper.,超市,chāoshì,n.,supermarket,zhè jiā chāo shì lǐ de dōng xī bǐ jiào pián yi 。
shirt,衬衫,chènshān,n.,今天我穿这件衬衫。,,jīn tiān wǒ chuān zhè jiàn chèn shān 。
今天我穿这件衬衫。,I'm wearing this shirt today.,衬衫,chènshān,n.,shirt,jīn tiān wǒ chuān zhè jiàn chèn shān 。
score,成绩,chéngjì,n.,我们可以在网上查到考试成绩。,,wǒ men kě yǐ zài wǎng shàng chá dào kǎo shì chéng jì 。
我们可以在网上查到考试成绩。,We can find the test scores online.,成绩,chéngjì,n.,score,wǒ men kě yǐ zài wǎng shàng chá dào kǎo shì chéng jì 。
city,城市,chéngshì,n.,我已经喜欢上了这个城市。,,wǒ yǐ jīng xǐ huān shàng le zhè ge chéng shì 。
我已经喜欢上了这个城市。,I've fallen in love with the city.,城市,chéngshì,n.,city,wǒ yǐ jīng xǐ huān shàng le zhè ge chéng shì 。
be late,迟到,chídào,v.,对不起，我今天又迟到了。,,duì bù qǐ ， wǒ jīn tiān yòu chí dào le 。
对不起，我今天又迟到了。,"Sorry, I'm late again today.",迟到,chídào,v.,be late,duì bù qǐ ， wǒ jīn tiān yòu chí dào le 。
"come out , happen; show up; appear",出现,chūxiàn,v.,我们等了他一个小时，他也没有出现。我们工作中出现了不少问题。,,wǒ men děng le tā yí gè xiǎo shí ， tā yě méi yǒu chū xiàn 。 wǒ men gōng zuò zhōng chū xiàn le bù shǎo wèn tí 。
我们等了他一个小时，他也没有出现。我们工作中出现了不少问题。,We waited for him for an hour and he didn't show up. We've had a lot of issues at work.,出现,chūxiàn,v.,"come out , happen; show up; appear",wǒ men děng le tā yí gè xiǎo shí ， tā yě méi yǒu chū xiàn 。 wǒ men gōng zuò zhōng chū xiàn le bù shǎo wèn tí 。
except (for); besides; in addition to,除了,chúle,prep.,除了小王，其他人都来了。,,chú le xiǎo wáng ， qí tā rén dōu lái le 。
除了小王，其他人都来了。,"Except for Xiao Wang, everyone else was here.",除了,chúle,prep.,except (for); besides; in addition to,chú le xiǎo wáng ， qí tā rén dōu lái le 。
boat; ship,船,chuán,n.,你可以坐船去上海。,,nǐ kě yǐ zuò chuán qù shàng hǎi 。
你可以坐船去上海。,You can go to Shanghai by boat.,船,chuán,n.,boat; ship,nǐ kě yǐ zuò chuán qù shàng hǎi 。
spring (one of the four seasons),春,chūn,n.,春天是一年的开始。,,chūn tiān shì yī nián de kāi shǐ 。
春天是一年的开始。,Spring is the beginning of the year.,春,chūn,n.,spring (one of the four seasons),chūn tiān shì yī nián de kāi shǐ 。
dictionary,词典,cídiǎn,n.,这本词典对我的学习很有帮助。,,zhè běn cí diǎn duì wǒ de xué xí hěn yǒu bāng zhù 。
这本词典对我的学习很有帮助。,This dictionary is very helpful for my study.,词典,cídiǎn,n.,dictionary,zhè běn cí diǎn duì wǒ de xué xí hěn yǒu bāng zhù 。
bright; clever; intelligent,聪明,cōngming,adj.,弟弟不但很聪明，而且很爱学习。,,dì di bù dàn hěn cōng míng ， ér qiě hěn ài xué xí 。
弟弟不但很聪明，而且很爱学习。,"My brother is not only very smart, but also very eager to learn.",聪明,cōngming,adj.,bright; clever; intelligent,dì di bù dàn hěn cōng míng ， ér qiě hěn ài xué xí 。
clean; sweep,打扫,dǎsǎo,v.,我准备周末把房间打扫一下。,,wǒ zhǔn bèi zhōu mò bǎ fáng jiān dǎ sǎo yī xià 。
我准备周末把房间打扫一下。,I'm going to clean the room on the weekend.,打扫,dǎsǎo,v.,clean; sweep,wǒ zhǔn bèi zhōu mò bǎ fáng jiān dǎ sǎo yī xià 。
be going to do sth.; plan to,打算,dǎsuàn,v.,我打算下个星期去旅游。,,wǒ dǎ suàn xià gè xīng qī qù lǚ yóu 。
我打算下个星期去旅游。,I plan to travel next week.,打算,dǎsuàn,v.,be going to do sth.; plan to,wǒ dǎ suàn xià gè xīng qī qù lǚ yóu 。
plan,打算,dǎsuàn,n.,我还没有结婚的打算。,,wǒ hái méi yǒu jié hūn de dǎ suàn 。
我还没有结婚的打算。,[Translation error],打算,dǎsuàn,n.,plan,wǒ hái méi yǒu jié hūn de dǎ suàn 。
carry; take; bring; bear,带,dài,v.,我今天忘记带钱包了。,,wǒ jīn tiān wàng jì dài qián bāo le 。
我今天忘记带钱包了。,I forgot my wallet today.,带,dài,v.,carry; take; bring; bear,wǒ jīn tiān wàng jì dài qián bāo le 。
worry; be anxious; feel concerned,担心,dānxīn,v.,爷爷住院了，我很担心。,,yé yé zhù yuàn le ， wǒ hěn dān xīn 。
爷爷住院了，我很担心。,"Grandpa was hospitalized, and I was worried.",担心,dānxīn,v.,worry; be anxious; feel concerned,yé yé zhù yuàn le ， wǒ hěn dān xīn 。
cake,蛋糕,dàngāo,n.,你饿了吗？先吃块蛋糕吧。,,nǐ è le ma ？ xiān chī kuài dàn gāo ba 。
你饿了吗？先吃块蛋糕吧。,Are you hungry? Let's have a cake first.,蛋糕,dàngāo,n.,cake,nǐ è le ma ？ xiān chī kuài dàn gāo ba 。
of course; naturally; certainly,当然,dāngrán,adv..,你生病了，我当然要来看看你。,,nǐ shēng bìng le ， wǒ dāng rán yào lái kàn kàn nǐ 。
你生病了，我当然要来看看你。,"You're sick, of course I'm coming to see you.",当然,dāngrán,adv..,of course; naturally; certainly,nǐ shēng bìng le ， wǒ dāng rán yào lái kàn kàn nǐ 。
lamp,灯,dēng,n.,房间里的灯怎么不亮了？,,fáng jiān lǐ de dēng zěn me bù liàng le ？
房间里的灯怎么不亮了？,Why aren't the lights in the room on?,灯,dēng,n.,lamp,fáng jiān lǐ de dēng zěn me bù liàng le ？
marker of adverbial,地,de,sa.,天慢慢地黑了。,,tiān màn màn dì hēi le 。
天慢慢地黑了。,It was slowly getting dark.,地,de,sa.,marker of adverbial,tiān màn màn dì hēi le 。
place,地方,dìfang,n.,这个地方我来过三次了。,,zhè ge dì fāng wǒ lái guò sān cì le 。
这个地方我来过三次了。,I've been to this place three times.,地方,dìfang,n.,place,zhè ge dì fāng wǒ lái guò sān cì le 。
subway,地铁,dìtiě,n.,我们先坐三站地铁，再走一会儿就到了。,,wǒ men xiān zuò sān zhàn dì tiě ， zài zǒu yī huì er jiù dào le 。
我们先坐三站地铁，再走一会儿就到了。,"We will take the subway for three stops first, and then we will be there in a short walk.",地铁,dìtiě,n.,subway,wǒ men xiān zuò sān zhàn dì tiě ， zài zǒu yī huì er jiù dào le 。
map,地图,dìtú,n.,我的手机上有电子地图。,,wǒ de shǒu jī shàng yǒu diàn zi dì tú 。
我的手机上有电子地图。,I have a digital map on my phone.,地图,dìtú,n.,map,wǒ de shǒu jī shàng yǒu diàn zi dì tú 。
elevator,电梯,diàntī,n.,我们坐电梯上去吧。,,wǒ men zuò diàn tī shàng qù ba 。
我们坐电梯上去吧。,Let's take the elevator up.,电梯,diàntī,n.,elevator,wǒ men zuò diàn tī shàng qù ba 。
email,电子邮件,diànzǐyóujiàn,n.,我晚上再给你发个电子邮件。,,wǒ wǎn shàng zài gěi nǐ fā gè diàn zi yóu jiàn 。
我晚上再给你发个电子邮件。,I'll send you another email in the evening.,电子邮件,diànzǐyóujiàn,n.,email,wǒ wǎn shàng zài gěi nǐ fā gè diàn zi yóu jiàn 。
east,东,dōng,n.,你一直向东走就到了。,,nǐ yì zhí xiàng dōng zǒu jiù dào le 。
你一直向东走就到了。,You've been heading east.,东,dōng,n.,east,nǐ yì zhí xiàng dōng zǒu jiù dào le 。
winter,冬,dōng,n.,北方的冬天很冷。,,běi fāng de dōng tiān hěn lěng 。
北方的冬天很冷。,Winter is cold in the north.,冬,dōng,n.,winter,běi fāng de dōng tiān hěn lěng 。
zoo,动物园,dòngwùyuán,n.,动物园里有一百多种动物。,,dòng wù yuán lǐ yǒu yì bǎi duō zhǒng dòng wù 。
动物园里有一百多种动物。,There are more than a hundred kinds of animals in the zoo.,动物园,dòngwùyuán,n.,zoo,dòng wù yuán lǐ yǒu yì bǎi duō zhǒng dòng wù 。
short,短,duǎn,adj.,这件事在短时间内很难做完。,,zhè jiàn shì zài duǎn shí jiān nèi hěn nán zuò wán 。
这件事在短时间内很难做完。,This is difficult to do in a short period of time.,短,duǎn,adj.,short,zhè jiàn shì zài duǎn shí jiān nèi hěn nán zuò wán 。
"passage, paragraph (of an article); period (of time); section (of a distance)",段,duàn,nm.,这段时间我很忙。,,zhè duàn shí jiān wǒ hěn máng 。
这段时间我很忙。,I am busy during this time.,段,duàn,nm.,"passage, paragraph (of an article); period (of time); section (of a distance)",zhè duàn shí jiān wǒ hěn máng 。
do physical training; to take exercise,锻炼,duànliàn,v.,我每天早上都去锻炼身体。,,wǒ měi tiān zǎo shàng dōu qù duàn liàn shēn tǐ 。
我每天早上都去锻炼身体。,I go to exercise every morning.,锻炼,duànliàn,v.,do physical training; to take exercise,wǒ měi tiān zǎo shàng dōu qù duàn liàn shēn tǐ 。
"how (wonderful, etc.)",多么,duōme,adv.,这里多么漂亮啊！,,zhè lǐ duō me piào liàng a ！
这里多么漂亮啊！,How beautiful this place is!,多么,duōme,adv.,"how (wonderful, etc.)",zhè lǐ duō me piào liàng a ！
hungry,饿,è,adj.,我饿了，想吃点东西。,,wǒ è le ， xiǎng chī diǎn dōng xī 。
我饿了，想吃点东西。,I'm hungry and want something to eat.,饿,è,adj.,hungry,wǒ è le ， xiǎng chī diǎn dōng xī 。
ear,耳朵,ěrduo,n.,我的耳朵有点疼，要去医院看看。,,wǒ de ěr duǒ yǒu diǎn téng ， yào qù yī yuàn kàn kàn 。
我的耳朵有点疼，要去医院看看。,"My ears hurt a little, I have to go to the hospital to see.",耳朵,ěrduo,n.,ear,wǒ de ěr duǒ yǒu diǎn téng ， yào qù yī yuàn kàn kàn 。
send,发,fā,v.,你给我发电子邮件了吗？,,nǐ gěi wǒ fā diàn zi yóu jiàn le ma ？
你给我发电子邮件了吗？,Did you email me?,发,fā,v.,send,nǐ gěi wǒ fā diàn zi yóu jiàn le ma ？
have a fever,发烧,fāshāo,v.,我身体不舒服，发烧了。,,wǒ shēn tǐ bù shū fú ， fā shāo le 。
我身体不舒服，发烧了。,I'm not feeling well and have a fever.,发烧,fāshāo,v.,have a fever,wǒ shēn tǐ bù shū fú ， fā shāo le 。
find out; discover,发现,fāxiàn,v.,我发现他瘦了很多。,,wǒ fā xiàn tā shòu le hěn duō 。
我发现他瘦了很多。,I found that he had lost a lot of weight.,发现,fāxiàn,v.,find out; discover,wǒ fā xiàn tā shòu le hěn duō 。
convenient,方便,fāngbiàn,adj.,我坐地铁去上班很方便。,,wǒ zuò dì tiě qù shàng bān hěn fāng biàn 。
我坐地铁去上班很方便。,It is very convenient for me to go to work by subway.,方便,fāngbiàn,adj.,convenient,wǒ zuò dì tiě qù shàng bān hěn fāng biàn 。
put; place,放,fàng,v.,把书放在桌子上吧。,,bǎ shū fàng zài zhuō zi shàng ba 。
把书放在桌子上吧。,Put the book on the table.,放,fàng,v.,put; place,bǎ shū fàng zài zhuō zi shàng ba 。
be assured,放心,fàngxīn,v.,请放心，我会把事情办好的。,,qǐng fàng xīn ， wǒ huì bǎ shì qíng bàn hǎo de 。
请放心，我会把事情办好的。,"Don't worry, I'll get things done.",放心,fàngxīn,v.,be assured,qǐng fàng xīn ， wǒ huì bǎ shì qíng bàn hǎo de 。
minute,分,fēn,num.,现在 8 点 30分。,,xiàn zài  8  diǎn  30 fēn 。
现在 8 点 30分。,It's 8:30.,分,fēn,num.,minute,xiàn zài  8  diǎn  30 fēn 。
mark; grade; score,分,fēn,n.,这次考试，我得了 85分。,,zhè cì kǎo shì ， wǒ dé le  85 fēn 。
这次考试，我得了 85分。,"This exam, I got 85 points.",分,fēn,n.,mark; grade; score,zhè cì kǎo shì ， wǒ dé le  85 fēn 。
split; separate,分,fēn,v.,这个苹果被分成了两块儿。,,zhè ge píng guǒ bèi fēn chéng le liǎng kuài ér 。
这个苹果被分成了两块儿。,This apple is divided into two pieces.,分,fēn,v.,split; separate,zhè ge píng guǒ bèi fēn chéng le liǎng kuài ér 。
nearby; neighbour; vicinity; proximity,附近,fùjìn,n.,他家就住在公司附近。,,tā jiā jiù zhù zài gōng sī fù jìn 。
他家就住在公司附近。,[Translation error],附近,fùjìn,n.,nearby; neighbour; vicinity; proximity,tā jiā jiù zhù zài gōng sī fù jìn 。
review,复习,fùxí,v.,考试前要好好地复习。,,kǎo shì qián yào hǎo hǎo dì fù xí 。
考试前要好好地复习。,Review carefully before the exam.,复习,fùxí,v.,review,kǎo shì qián yào hǎo hǎo dì fù xí 。
clean,干净,gānjìng,adj.,我把衣服洗干净了。,,wǒ bǎ yī fú xǐ gān jìng le 。
我把衣服洗干净了。,I washed my clothes.,干净,gānjìng,adj.,clean,wǒ bǎ yī fú xǐ gān jìng le 。
have/catch a cold,感冒,gǎnmào,v.,我感冒了，要吃点儿药。,,wǒ gǎn mào le ， yào chī diǎn ér yào 。
我感冒了，要吃点儿药。,I have a cold and need some medicine.,感冒,gǎnmào,v.,have/catch a cold,wǒ gǎn mào le ， yào chī diǎn ér yào 。
interest; taste,感兴趣,gǎnxìngqù,v.,小王对音乐很感兴趣。,,xiǎo wáng duì yīn yuè hěn gǎn xìng qù 。
小王对音乐很感兴趣。,Wang was very interested in music.,感兴趣,gǎnxìngqù,v.,interest; taste,xiǎo wáng duì yīn yuè hěn gǎn xìng qù 。
a moment ago; just now,刚才,gāngcái,n.,刚才是谁来的电话？,,gāng cái shì shuí lái de diàn huà ？
刚才是谁来的电话？,Who just called?,刚才,gāngcái,n.,a moment ago; just now,gāng cái shì shuí lái de diàn huà ？
height,个子,gèzi,n.,哥哥比我个子高。,,gē gē bǐ wǒ gè zi gāo 。
哥哥比我个子高。,My brother is taller than me.,个子,gèzi,n.,height,gē gē bǐ wǒ gè zi gāo 。
on the basis of; according to,根据,gēnjù,prep.,请根据这篇文章谈一谈自己的想法。,,qǐng gēn jù zhè piān wén zhāng tán yī tán zì jǐ de xiǎng fǎ 。
请根据这篇文章谈一谈自己的想法。,Please share your thoughts based on this article.,根据,gēnjù,prep.,on the basis of; according to,qǐng gēn jù zhè piān wén zhāng tán yī tán zì jǐ de xiǎng fǎ 。
basis; cause; foundation,根据,gēnjù,n.,他这么说，是有根据的。,,tā zhè me shuō ， shì yǒu gēn jù de 。
他这么说，是有根据的。,There was a reason for him to say so.,根据,gēnjù,n.,basis; cause; foundation,tā zhè me shuō ， shì yǒu gēn jù de 。
follow,跟,gēn,v.,散步的时候，小狗一直跟在我身后。,,sàn bù de shí hòu ， xiǎo gǒu yì zhí gēn zài wǒ shēn hòu 。
散步的时候，小狗一直跟在我身后。,The puppy kept following me as I walked.,跟,gēn,v.,follow,sàn bù de shí hòu ， xiǎo gǒu yì zhí gēn zài wǒ shēn hòu 。
with,跟,gēn,prep.,姐姐跟妈妈一起去公园了。,,jiě jiě gēn mā mā yì qǐ qù gōng yuán le 。
姐姐跟妈妈一起去公园了。,My sister went to the park with my mother.,跟,gēn,prep.,with,jiě jiě gēn mā mā yì qǐ qù gōng yuán le 。
more,更,gèng,adv.,他比我更喜欢游泳。,,tā bǐ wǒ gèng xǐ huān yóu yǒng 。
他比我更喜欢游泳。,He likes swimming more than I do.,更,gèng,adv.,more,tā bǐ wǒ gèng xǐ huān yóu yǒng 。
kilogram,公斤,gōngjīn,nm.,我买了一公斤鸡蛋。,,wǒ mǎi le yī gōng jīn jī dàn 。
我买了一公斤鸡蛋。,I bought a kilo of eggs.,公斤,gōngjīn,nm.,kilogram,wǒ mǎi le yī gōng jīn jī dàn 。
park,公园,gōngyuán,n.,我家附近有个公园，我常去那里散步。,,wǒ jiā fù jìn yǒu gè gōng yuán ， wǒ cháng qù nà lǐ sàn bù 。
我家附近有个公园，我常去那里散步。,There is a park near my house where I often go for a walk.,公园,gōngyuán,n.,park,wǒ jiā fù jìn yǒu gè gōng yuán ， wǒ cháng qù nà lǐ sàn bù 。
story,故事,gùshi,n.,睡觉前，我都给女儿讲故事。,,shuì jiào qián ， wǒ dōu gěi nǚ ér jiǎng gù shì 。
睡觉前，我都给女儿讲故事。,"Before I go to bed, I tell my daughter stories.",故事,gùshi,n.,story,shuì jiào qián ， wǒ dōu gěi nǚ ér jiǎng gù shì 。
blow (of wind),刮风,guāfēng,n.,今天刮风了，别骑自行车了。,,jīn tiān guā fēng le ， bié qí zì xíng chē le 。
今天刮风了，别骑自行车了。,"It's windy today, don't ride a bike.",刮风,guāfēng,n.,blow (of wind),jīn tiān guā fēng le ， bié qí zì xíng chē le 。
close; turn off,关,guān,v.,他关上了门。 我把电视关了。,,tā guān shàng le mén 。  wǒ bǎ diàn shì guān le 。
他关上了门。 我把电视关了。,He closed the door. I turned off the TV.,关,guān,v.,close; turn off,tā guān shàng le mén 。  wǒ bǎ diàn shì guān le 。
relation; relationship,关系,guānxì,n.,这件事和她没有关系。,,zhè jiàn shì hé tā méi yǒu guān xì 。
这件事和她没有关系。,It had nothing to do with her.,关系,guānxì,n.,relation; relationship,zhè jiàn shì hé tā méi yǒu guān xì 。
care for; be concerned for,关心,guānxīn,v.,爸爸很关心我的学习。,,bà bà hěn guān xīn wǒ de xué xí 。
爸爸很关心我的学习。,Dad cares about my studies.,关心,guānxīn,v.,care for; be concerned for,bà bà hěn guān xīn wǒ de xué xí 。
concern; consideration,关心,guānxīn,n.,谢谢你的关心，我的身体好多了。,,xiè xiè nǐ de guān xīn ， wǒ de shēn tǐ hǎo duō le 。
谢谢你的关心，我的身体好多了。,"Thank you for your concern, my body is much better.",关心,guānxīn,n.,concern; consideration,xiè xiè nǐ de guān xīn ， wǒ de shēn tǐ hǎo duō le 。
with regard to,关于,guānyú,prep.,关于这个问题，我们还要再想一想。,,guān yú zhè ge wèn tí ， wǒ men hái yào zài xiǎng yī xiǎng 。
关于这个问题，我们还要再想一想。,Let's think about this again.,关于,guānyú,prep.,with regard to,guān yú zhè ge wèn tí ， wǒ men hái yào zài xiǎng yī xiǎng 。
country,国家,guójiā,n.,我爱旅游，去过几十个国家。,,wǒ ài lǚ yóu ， qù guò jǐ shí gè guó jiā 。
我爱旅游，去过几十个国家。,I love to travel and have been to dozens of countries.,国家,guójiā,n.,country,wǒ ài lǚ yóu ， qù guò jǐ shí gè guó jiā 。
live; pass,过,guò,v.,今天我过生日，朋友们都来了。,,jīn tiān wǒ guò shēng rì ， péng yǒu men dōu lái le 。
今天我过生日，朋友们都来了。,Today is my birthday and all my friends are here.,过,guò,v.,live; pass,jīn tiān wǒ guò shēng rì ， péng yǒu men dōu lái le 。
spend the time; pass the time,过,guò,v.,时间过得真快，要过春节了。,,shí jiān guò dé zhēn kuài ， yào guò chūn jié le 。
时间过得真快，要过春节了。,"The time is passing so fast, it's going to be the Spring Festival.",过,guò,v.,spend the time; pass the time,shí jiān guò dé zhēn kuài ， yào guò chūn jié le 。
in the past,过去,guòqù,n.,奶奶经常给我讲过去的事情。,,nǎi nǎi jīng cháng gěi wǒ jiǎng guò qù de shì qíng 。
奶奶经常给我讲过去的事情。,Grandma often told me about the past.,过去,guòqù,n.,in the past,nǎi nǎi jīng cháng gěi wǒ jiǎng guò qù de shì qíng 。
still; all the same,还是,háishì,adv.,我还是在北京，没去其他地方。,,wǒ hái shì zài běi jīng ， méi qù qí tā dì fāng 。
我还是在北京，没去其他地方。,I'm still in Beijing and haven't been anywhere else.,还是,háishì,adv.,still; all the same,wǒ hái shì zài běi jīng ， méi qù qí tā dì fāng 。
had better,还是,háishì,adv.,你还是吃点儿水果吧，别喝啤酒了。,,nǐ hái shì chī diǎn ér shuǐ guǒ ba ， bié hē pí jiǔ le 。
你还是吃点儿水果吧，别喝啤酒了。,Eat some fruit and stop drinking beer.,还是,háishì,adv.,had better,nǐ hái shì chī diǎn ér shuǐ guǒ ba ， bié hē pí jiǔ le 。
or,还是,háishì,adv.,你是开车去还是坐公共汽车去？,,nǐ shì kāi chē qù hái shì zuò gōng gòng qì chē qù ？
你是开车去还是坐公共汽车去？,Are you going by car or by bus?,还是,háishì,adv.,or,nǐ shì kāi chē qù hái shì zuò gōng gòng qì chē qù ？
be afraid; be frightened,害怕,hàipà,v.,我害怕一个人晚上出门。,,wǒ hài pà yí gè rén wǎn shàng chū mén 。
我害怕一个人晚上出门。,I am afraid to go out alone at night.,害怕,hàipà,v.,be afraid; be frightened,wǒ hài pà yí gè rén wǎn shàng chū mén 。
flight; scheduled flight,航班,hángbān,n.,各位顾客，欢迎您乘坐我们的航班。,,gè wèi gù kè ， huān yíng nín chéng zuò wǒ men de háng bān 。
各位顾客，欢迎您乘坐我们的航班。,"Ladies and gentlemen, welcome aboard our flight.",航班,hángbān,n.,flight; scheduled flight,gè wèi gù kè ， huān yíng nín chéng zuò wǒ men de háng bān 。
blackboard,黑板,hēibǎn,n.,请大家看黑板。,,qǐng dà jiā kàn hēi bǎn 。
请大家看黑板。,Please look at the blackboard.,黑板,hēibǎn,n.,blackboard,qǐng dà jiā kàn hēi bǎn 。
later; afterwards,后来,hòulái,adv.,后来我再也没见过他。,,hòu lái wǒ zài yě méi jiàn guò tā 。
后来我再也没见过他。,I never saw him again.,后来,hòulái,adv.,later; afterwards,hòu lái wǒ zài yě méi jiàn guò tā 。
passport,护照,hùzhào,n.,你的护照办好了吗？,,nǐ de hù zhào bàn hǎo le ma ？
你的护照办好了吗？,Is your passport ready?,护照,hùzhào,n.,passport,nǐ de hù zhào bàn hǎo le ma ？
spend,花,huā,v.,今天我花了不少钱。,,jīn tiān wǒ huā le bù shǎo qián 。
今天我花了不少钱。,I spent a lot of money today.,花,huā,v.,spend,jīn tiān wǒ huā le bù shǎo qián 。
flower,花,huā,n.,今天是妈妈的生日，我们送一些花给她吧。,,jīn tiān shì mā mā de shēng rì ， wǒ men sòng yī xiē huā gěi tā ba 。
今天是妈妈的生日，我们送一些花给她吧。,"Today is my mom's birthday, let's send her some flowers.",花,huā,n.,flower,jīn tiān shì mā mā de shēng rì ， wǒ men sòng yī xiē huā gěi tā ba 。
draw; paint,画,huà,v.,我从小就喜欢画画儿。,,wǒ cóng xiǎo jiù xǐ huān huà huà ér 。
我从小就喜欢画画儿。,I've loved painting since I was a kid.,画,huà,v.,draw; paint,wǒ cóng xiǎo jiù xǐ huān huà huà ér 。
picture; drawing; painting,画,huà,n.,他的画儿很受大家欢迎。,,tā de huà ér hěn shòu dà jiā huān yíng 。
他的画儿很受大家欢迎。,His paintings are very popular with everyone.,画,huà,n.,picture; drawing; painting,tā de huà ér hěn shòu dà jiā huān yíng 。
bad; evil,坏,huài,adj.,面包很新鲜，没有坏。,,miàn bāo hěn xīn xiān ， méi yǒu huài 。
面包很新鲜，没有坏。,The bread is fresh and not broken.,坏,huài,adj.,bad; evil,miàn bāo hěn xīn xiān ， méi yǒu huài 。
terrible; badly,坏,huài,int.,坏了，我忘记带护照了。,,huài le ， wǒ wàng jì dài hù zhào le 。
坏了，我忘记带护照了。,"Oh no, I forgot my passport.",坏,huài,int.,terrible; badly,huài le ， wǒ wàng jì dài hù zhào le 。
return sth to the owner,还,huán,v.,我把书还给图书馆了。,,wǒ bǎ shū huán gěi tú shū guǎn le 。
我把书还给图书馆了。,I returned the book to the library.,还,huán,v.,return sth to the owner,wǒ bǎ shū huán gěi tú shū guǎn le 。
environment; condition; circumstance,环境,huánjìng,n.,这里的环境很不错，在这里住很舒服。,,zhè lǐ de huán jìng hěn bú cuò ， zài zhè lǐ zhù hěn shū fú 。
这里的环境很不错，在这里住很舒服。,The environment here is very nice and comfortable to stay here.,环境,huánjìng,n.,environment; condition; circumstance,zhè lǐ de huán jìng hěn bú cuò ， zài zhè lǐ zhù hěn shū fú 。
change,换,huàn,v.,你等我一下，我去换件衣服。,,nǐ děng wǒ yī xià ， wǒ qù huàn jiàn yī fú 。
你等我一下，我去换件衣服。,"Wait for me, I'll go change.",换,huàn,v.,change,nǐ děng wǒ yī xià ， wǒ qù huàn jiàn yī fú 。
exchange money,换,huàn,v.,我去银行换点儿钱。,,wǒ qù yín háng huàn diǎn ér qián 。
我去银行换点儿钱。,I'll go to the bank and change some money.,换,huàn,v.,exchange money,wǒ qù yín háng huàn diǎn ér qián 。
the Yellow River,黄河,Huánghé,n.,黄河是中国的第二大河。,,huáng hé shì zhōng guó de dì èr dà hé 。
黄河是中国的第二大河。,The Yellow River is the second largest river in China.,黄河,Huánghé,n.,the Yellow River,huáng hé shì zhōng guó de dì èr dà hé 。
meeting,会议,huìyì,n.,我们下午有个会议。,,wǒ men xià wǔ yǒu gè huì yì 。
我们下午有个会议。,We have a meeting in the afternoon.,会议,huìyì,n.,meeting,wǒ men xià wǔ yǒu gè huì yì 。
or,或者,huòzhě,conj.,你去，或者我去，都可以。,,nǐ qù ， huò zhě wǒ qù ， dōu kě yǐ 。
你去，或者我去，都可以。,"You can go, or I can go.",或者,huòzhě,conj.,or,nǐ qù ， huò zhě wǒ qù ， dōu kě yǐ 。
nearly; almost,几乎,jīhū,adv.,我感动得几乎要流泪了。,,wǒ gǎn dòng dé jī hū yào liú lèi le 。
我感动得几乎要流泪了。,I was almost moved to tears.,几乎,jīhū,adv.,nearly; almost,wǒ gǎn dòng dé jī hū yào liú lèi le 。
chance; opportunity,机会,jīhuì,n.,我希望有机会参加比赛。,,wǒ xī wàng yǒu jī huì cān jiā bǐ sài 。
我希望有机会参加比赛。,I would like the opportunity to participate in the competition.,机会,jīhuì,n.,chance; opportunity,wǒ xī wàng yǒu jī huì cān jiā bǐ sài 。
extremely; exceedingly,极,jí,adv.,他对音乐极感兴趣。 今天的节目好看极了。,,tā duì yīn yuè jí gǎn xìng qù 。  jīn tiān de jié mù hǎo kàn jí le 。
他对音乐极感兴趣。 今天的节目好看极了。,He is very interested in music. Today's show was fantastic.,极,jí,adv.,extremely; exceedingly,tā duì yīn yuè jí gǎn xìng qù 。  jīn tiān de jié mù hǎo kàn jí le 。
remember; learn by heart,记得,jìde,v.,我不记得他住在哪儿了。,,wǒ bú jì dé tā zhù zài nǎ ér le 。
我不记得他住在哪儿了。,I don't remember where he lives.,记得,jìde,v.,remember; learn by heart,wǒ bú jì dé tā zhù zài nǎ ér le 。
season,季节,jìjié,n.,一年有四个季节。,,yī nián yǒu sì gè jì jié 。
一年有四个季节。,There are four seasons in a year.,季节,jìjié,n.,season,yī nián yǒu sì gè jì jié 。
inspect; check; examine,检查,jiǎnchá,v.,你去医院检查一下身体吧。,,nǐ qù yī yuàn jiǎn chá yī xià shēn tǐ ba 。
你去医院检查一下身体吧。,Go to the hospital and have your body checked.,检查,jiǎnchá,v.,inspect; check; examine,nǐ qù yī yuàn jiǎn chá yī xià shēn tǐ ba 。
easy; simple,简单,jiǎndān,adj.,这些题对他来说很简单。,,zhè xiē tí duì tā lái shuō hěn jiǎn dān 。
这些题对他来说很简单。,These questions are simple for him.,简单,jiǎndān,adj.,easy; simple,zhè xiē tí duì tā lái shuō hěn jiǎn dān 。
meet,见面,jiànmiàn,v.,上次和他见面，已经是去年了。,,shàng cì hé tā jiàn miàn ， yǐ jīng shì qù nián le 。
上次和他见面，已经是去年了。,The last time I saw him was last year.,见面,jiànmiàn,v.,meet,shàng cì hé tā jiàn miàn ， yǐ jīng shì qù nián le 。
healthy,健康,jiànkāng,adj.,爸爸的身体特别健康。,,bà bà de shēn tǐ tè bié jiàn kāng 。
爸爸的身体特别健康。,Dad is particularly healthy.,健康,jiànkāng,adj.,healthy,bà bà de shēn tǐ tè bié jiàn kāng 。
speak; tell,讲,jiǎng,v.,李老师的课讲得很有趣。,,lǐ lǎo shī de kè jiǎng dé hěn yǒu qù 。
李老师的课讲得很有趣。,Teacher Li's lecture was very interesting.,讲,jiǎng,v.,speak; tell,lǐ lǎo shī de kè jiǎng dé hěn yǒu qù 。
descend; land,降落,jiàngluò,v.,飞机马上就要降落了。,,fēi jī mǎ shàng jiù yào jiàng luò le 。
飞机马上就要降落了。,The plane is about to land.,降落,jiàngluò,v.,descend; land,fēi jī mǎ shàng jiù yào jiàng luò le 。
tenth of one Yuan (money),角,jiǎo,nm.,桌子上有五角钱。,,zhuō zi shàng yǒu wǔ jiǎo qián 。
桌子上有五角钱。,There are pennies on the table.,角,jiǎo,nm.,tenth of one Yuan (money),zhuō zi shàng yǒu wǔ jiǎo qián 。
corner,角,jiǎo,n.,房间的一角放了很多书。,,fáng jiān de yī jiǎo fàng le hěn duō shū 。
房间的一角放了很多书。,There are many books in the corner of the room.,角,jiǎo,n.,corner,fáng jiān de yī jiǎo fàng le hěn duō shū 。
foot,脚,jiǎo,n.,妹妹脚上穿着漂亮的红皮鞋。,,mèi mèi jiǎo shàng chuān zhe piào liàng de hóng pí xié 。
妹妹脚上穿着漂亮的红皮鞋。,My sister wears beautiful red leather shoes on her feet.,脚,jiǎo,n.,foot,mèi mèi jiǎo shàng chuān zhe piào liàng de hóng pí xié 。
teach,教,jiāo,v.,李老师教我们数学。,,lǐ lǎo shī jiào wǒ men shù xué 。
李老师教我们数学。,Teacher Li taught us mathematics.,教,jiāo,v.,teach,lǐ lǎo shī jiào wǒ men shù xué 。
accept; receive,接,jiē,v.,下午我去机场接你。,,xià wǔ wǒ qù jī chǎng jiē nǐ 。
下午我去机场接你。,I'll pick you up at the airport in the afternoon.,接,jiē,v.,accept; receive,xià wǔ wǒ qù jī chǎng jiē nǐ 。
go on,接,jiē,v.,他看了看表，躺下接着睡觉。,,tā kàn le kàn biǎo ， tǎng xià jiē zhe shuì jiào 。
他看了看表，躺下接着睡觉。,"He looked at his watch, lay down and went to sleep.",接,jiē,v.,go on,tā kàn le kàn biǎo ， tǎng xià jiē zhe shuì jiào 。
street,街道,jiēdào,n.,这条街道很长，有四千多米。,,zhè tiáo jiē dào hěn zhǎng ， yǒu sì qiān duō mǐ 。
这条街道很长，有四千多米。,"The street is very long, more than 4,000 meters long.",街道,jiēdào,n.,street,zhè tiáo jiē dào hěn zhǎng ， yǒu sì qiān duō mǐ 。
show; performance; program,节目,jiémù,n.,今天我们一共演出 12 个节目。,,jīn tiān wǒ men yī gòng yǎn chū  12  gè jié mù 。
今天我们一共演出 12 个节目。,Today we have a total of 12 shows.,节目,jiémù,n.,show; performance; program,jīn tiān wǒ men yī gòng yǎn chū  12  gè jié mù 。
holiday; festival,节日,jiérì,n.,祝大家节日快乐！,,zhù dà jiā jié rì kuài lè ！
祝大家节日快乐！,Happy Holidays!,节日,jiérì,n.,holiday; festival,zhù dà jiā jié rì kuài lè ！
get married,结婚,jiéhūn,v.,我们结婚10 年了。,,wǒ men jié hūn 10  nián le 。
我们结婚10 年了。,We've been married for 10 years.,结婚,jiéhūn,v.,get married,wǒ men jié hūn 10  nián le 。
stop; finish; end; terminate,结束,jiéshù,v.,会议马上就要结束了。,,huì yì mǎ shàng jiù yào jié shù le 。
会议马上就要结束了。,The meeting is almost over.,结束,jiéshù,v.,stop; finish; end; terminate,huì yì mǎ shàng jiù yào jié shù le 。
solve or resolve a problem or an issue,解决,jiějué,v.,这个问题你打算怎么解决？,,zhè ge wèn tí nǐ dǎ suàn zěn me jiě jué ？
这个问题你打算怎么解决？,How do you plan to solve this problem?,解决,jiějué,v.,solve or resolve a problem or an issue,zhè ge wèn tí nǐ dǎ suàn zěn me jiě jué ？
borrow; lend,借,jiè,v.,我从图书馆借了三本书。,,wǒ cóng tú shū guǎn jiè le sān běn shū 。
我从图书馆借了三本书。,I borrowed three books from the library.,借,jiè,v.,borrow; lend,wǒ cóng tú shū guǎn jiè le sān běn shū 。
often,经常,jīngcháng,adv.,我经常在学校遇到他。,,wǒ jīng cháng zài xué xiào yù dào tā 。
我经常在学校遇到他。,I often met him at school.,经常,jīngcháng,adv.,often,wǒ jīng cháng zài xué xiào yù dào tā 。
pass through / by,经过,jīngguò,v.,上下班的时候，我都要经过这条街道。,,shàng xià bān de shí hòu ， wǒ dōu yào jīng guò zhè tiáo jiē dào 。
上下班的时候，我都要经过这条街道。,"When I go to work, I have to go through this street.",经过,jīngguò,v.,pass through / by,shàng xià bān de shí hòu ， wǒ dōu yào jīng guò zhè tiáo jiē dào 。
through; under,经过,jīngguò,prep.,经过你这么一说，我终于明白了。,,jīng guò nǐ zhè me yī shuō ， wǒ zhōng yú míng bái le 。
经过你这么一说，我终于明白了。,"After what you said, I finally understood.",经过,jīngguò,prep.,through; under,jīng guò nǐ zhè me yī shuō ， wǒ zhōng yú míng bái le 。
manager,经理,jīnglǐ,n.,他是我们公司的经理。,,tā shì wǒ men gōng sī de jīng lǐ 。
他是我们公司的经理。,He is the manager of our company.,经理,jīnglǐ,n.,manager,tā shì wǒ men gōng sī de jīng lǐ 。
old; for a long time,久,jiǔ,adj.,这个问题我想了很久才明白。,,zhè ge wèn tí wǒ xiǎng le hěn jiǔ cái míng bái 。
这个问题我想了很久才明白。,It took me a long time to understand this question.,久,jiǔ,adj.,old; for a long time,zhè ge wèn tí wǒ xiǎng le hěn jiǔ cái míng bái 。
old; worn,旧,jiù,adj.,这件衣服穿了两年，已经旧了。,,zhè jiàn yī fú chuān le liǎng nián ， yǐ jīng jiù le 。
这件衣服穿了两年，已经旧了。,This dress has been worn for two years and is old.,旧,jiù,adj.,old; worn,zhè jiàn yī fú chuān le liǎng nián ， yǐ jīng jiù le 。
sentence,句子,jùzi,n.,请用这些词语说几个句子。,,qǐng yòng zhè xiē cí yǔ shuō jǐ gè jù zi 。
请用这些词语说几个句子。,Please use these words to say a few sentences.,句子,jùzi,n.,sentence,qǐng yòng zhè xiē cí yǔ shuō jǐ gè jù zi 。
decide; determine,决定,juédìng,v.,这件事是经理决定的。,,zhè jiàn shì shì jīng lǐ jué dìng de 。
这件事是经理决定的。,This was decided by the manager.,决定,juédìng,v.,decide; determine,zhè jiàn shì shì jīng lǐ jué dìng de 。
decision; determination; resolution,决定,juédìng,n.,他已经做出了决定。,,tā yǐ jīng zuò chū le jué dìng 。
他已经做出了决定。,He has made his decision.,决定,juédìng,n.,decision; determination; resolution,tā yǐ jīng zuò chū le jué dìng 。
cute; lovable; likeable,可爱,kě’ài,adj.,你的儿子真可爱。,,nǐ de ér zi zhēn kě ài 。
你的儿子真可爱。,Your son is so cute.,可爱,kě’ài,adj.,cute; lovable; likeable,nǐ de ér zi zhēn kě ài 。
thirsty,渴,kě,adj.,我渴了，想喝点儿水。,,wǒ kě le ， xiǎng hē diǎn ér shuǐ 。
我渴了，想喝点儿水。,I'm thirsty and want some water.,渴,kě,adj.,thirsty,wǒ kě le ， xiǎng hē diǎn ér shuǐ 。
quarter of an hour; 15 minutes,刻,kè,n.,现在是三点一刻。,,xiàn zài shì sān diǎn yī kè 。
现在是三点一刻。,It was three o'clock.,刻,kè,n.,quarter of an hour; 15 minutes,xiàn zài shì sān diǎn yī kè 。
guest,客人,kèrén,n.,春节的时候，家里会来很多客人。,,chūn jié de shí hòu ， jiā lǐ huì lái hěn duō kè rén 。
春节的时候，家里会来很多客人。,"During the Spring Festival, there will be many guests at home.",客人,kèrén,n.,guest,chūn jié de shí hòu ， jiā lǐ huì lái hěn duō kè rén 。
air conditioner,空调,kōngtiáo,n.,太热了，请把空调打开。,,tài rè le ， qǐng bǎ kōng tiáo dǎ kāi 。
太热了，请把空调打开。,"It's too hot, please turn on the air conditioner.",空调,kōngtiáo,n.,air conditioner,tài rè le ， qǐng bǎ kōng tiáo dǎ kāi 。
used for people and some animals,口,kǒu,nm.,我们家一共三口人。,,wǒ men jiā yī gòng sān kǒu rén 。
我们家一共三口人。,We are a family of three.,口,kǒu,nm.,used for people and some animals,wǒ men jiā yī gòng sān kǒu rén 。
mouth,口,kǒu,n.,想学好外语，要多开口说。,,xiǎng xué hǎo wài yǔ ， yào duō kāi kǒu shuō 。
想学好外语，要多开口说。,"If you want to learn a foreign language well, talk more.",口,kǒu,n.,mouth,xiǎng xué hǎo wài yǔ ， yào duō kāi kǒu shuō 。
cry; weep,哭,kū,v.,孩子又哭了起来。,,hái zi yòu kū le qǐ lái 。
孩子又哭了起来。,The child cried again.,哭,kū,v.,cry; weep,hái zi yòu kū le qǐ lái 。
trousers; pants,裤子,kùzi,n.,这条裤子有点儿短。,,zhè tiáo kù zi yǒu diǎn ér duǎn 。
这条裤子有点儿短。,These pants are a bit short.,裤子,kùzi,n.,trousers; pants,zhè tiáo kù zi yǒu diǎn ér duǎn 。
chopsticks,筷子,kuàizi,n.,我来中国 1 个月了，已经会用筷子了。,,wǒ lái zhōng guó  1  gè yuè le ， yǐ jīng huì yòng kuài zi le 。
我来中国 1 个月了，已经会用筷子了。,I have been in China for 1 month and already use chopsticks.,筷子,kuàizi,n.,chopsticks,wǒ lái zhōng guó  1  gè yuè le ， yǐ jīng huì yòng kuài zi le 。
blue,蓝,lán,adj.,这条蓝裙子你喜欢吗？,,zhè tiáo lán qún zi nǐ xǐ huān ma ？
这条蓝裙子你喜欢吗？,Do you like this blue dress?,蓝,lán,adj.,blue,zhè tiáo lán qún zi nǐ xǐ huān ma ？
aged; old,老,lǎo,adj.,爷爷六十岁了，但是看起来一点儿也不老。,,yé yé liù shí suì le ， dàn shì kàn qǐ lái yì diǎn ér yě bù lǎo 。
爷爷六十岁了，但是看起来一点儿也不老。,"Grandpa was 60 years old, but he didn't look old at all.",老,lǎo,adj.,aged; old,yé yé liù shí suì le ， dàn shì kàn qǐ lái yì diǎn ér yě bù lǎo 。
leave; to be away from; part from; separate from,离开,líkāi,v.,下个月我要离开一段时间，你好好照顾自己。,,xià gè yuè wǒ yào lí kāi yī duàn shí jiān ， nǐ hǎo hǎo zhào gù zì jǐ 。
下个月我要离开一段时间，你好好照顾自己。,"I'm leaving for a while next month, so take care of yourself.",离开,líkāi,v.,leave; to be away from; part from; separate from,xià gè yuè wǒ yào lí kāi yī duàn shí jiān ， nǐ hǎo hǎo zhào gù zì jǐ 。
present; gift,礼物,lǐwù,n.,过生日的时候，我收到了很多礼物。,,guò shēng rì de shí hòu ， wǒ shōu dào le hěn duō lǐ wù 。
过生日的时候，我收到了很多礼物。,I got a lot of presents for my birthday.,礼物,lǐwù,n.,present; gift,guò shēng rì de shí hòu ， wǒ shōu dào le hěn duō lǐ wù 。
history,历史,lìshǐ,n.,这个房子差不多有 300 年的历史了。,,zhè ge fáng zi chà bu duō yǒu  300  nián de lì shǐ le 。
这个房子差不多有 300 年的历史了。,The house is almost 300 years old.,历史,lìshǐ,n.,history,zhè ge fáng zi chà bu duō yǒu  300  nián de lì shǐ le 。
face,脸,liǎn,n.,女儿的脸圆圆的，很可爱。,,nǚ ér de liǎn yuán yuán de ， hěn kě ài 。
女儿的脸圆圆的，很可爱。,Her daughter's face was round and cute.,脸,liǎn,n.,face,nǚ ér de liǎn yuán yuán de ， hěn kě ài 。
practice,练习,liànxí,v.,学过的东西，要多练习才能记住。,,xué guò de dōng xī ， yào duō liàn xí cái néng jì zhù 。
学过的东西，要多练习才能记住。,"What you have learned, you need to practice more to remember.",练习,liànxí,v.,practice,xué guò de dōng xī ， yào duō liàn xí cái néng jì zhù 。
exercise,练习,liànxí,n.,同学们，下面我们开始做练习。,,tóng xué men ， xià miàn wǒ men kāi shǐ zuò liàn xí 。
同学们，下面我们开始做练习。,"Class, let's start with the exercises.",练习,liànxí,n.,exercise,tóng xué men ， xià miàn wǒ men kāi shǐ zuò liàn xí 。
used for automobiles,辆,liàng,nm.,这辆车，是我新买的。,,zhè liàng chē ， shì wǒ xīn mǎi de 。
这辆车，是我新买的。,This car is new to me.,辆,liàng,nm.,used for automobiles,zhè liàng chē ， shì wǒ xīn mǎi de 。
chat,聊天,liáotiān,sv.,我们经常在网上聊天。,,wǒ men jīng cháng zài wǎng shàng liáo tiān 。
我们经常在网上聊天。,We often chat online.,聊天,liáotiān,sv.,chat,wǒ men jīng cháng zài wǎng shàng liáo tiān 。
know; understand; comprehend,了解,liǎojiě,v.,我对她了解得不多。,,wǒ duì tā liǎo jiě dé bù duō 。
我对她了解得不多。,I don't know much about her.,了解,liǎojiě,v.,know; understand; comprehend,wǒ duì tā liǎo jiě dé bù duō 。
neighbor,邻居,línjū,n.,我跟邻居们的关系非常好。,,wǒ gēn lín jū men de guān xì fēi cháng hǎo 。
我跟邻居们的关系非常好。,I have a very good relationship with my neighbors.,邻居,línjū,n.,neighbor,wǒ gēn lín jū men de guān xì fēi cháng hǎo 。
study in a foreign country,留学,liúxué,v.,我哥哥在中国留学。,,wǒ gē gē zài zhōng guó liú xué 。
我哥哥在中国留学。,My brother studied in China.,留学,liúxué,v.,study in a foreign country,wǒ gē gē zài zhōng guó liú xué 。
building,楼,lóu,n.,我在你家楼下等你。,,wǒ zài nǐ jiā lóu xià děng nǐ 。
我在你家楼下等你。,I'll wait for you downstairs at your house.,楼,lóu,n.,building,wǒ zài nǐ jiā lóu xià děng nǐ 。
green,绿,lǜ,adj.,春天来了，树和草都绿了。,,chūn tiān lái le ， shù hé cǎo dōu lǜ le 。
春天来了，树和草都绿了。,Spring came and the trees and grass were green.,绿,lǜ,adj.,green,chūn tiān lái le ， shù hé cǎo dōu lǜ le 。
horse,马,mǎ,n.,我们学会骑马了。,,wǒ men xué huì qí mǎ le 。
我们学会骑马了。,We learned to ride.,马,mǎ,n.,horse,wǒ men xué huì qí mǎ le 。
immediately; at once,马上,mǎshàng,adv.,我马上就到学校，你再等我几分钟。,,wǒ mǎ shàng jiù dào xué xiào ， nǐ zài děng wǒ jǐ fēn zhōng 。
我马上就到学校，你再等我几分钟。,I'll be at school in a few minutes.,马上,mǎshàng,adv.,immediately; at once,wǒ mǎ shàng jiù dào xué xiào ， nǐ zài děng wǒ jǐ fēn zhōng 。
be satisfied,满意,mǎnyì,v.,经理对他很满意。,,jīng lǐ duì tā hěn mǎn yì 。
经理对他很满意。,The manager is happy with him.,满意,mǎnyì,v.,be satisfied,jīng lǐ duì tā hěn mǎn yì 。
hat; cap,帽子,màozi,n.,这个帽子太小了，有大一点儿的吗？,,zhè ge mào zi tài xiǎo le ， yǒu dà yī diǎn ér de ma ？
这个帽子太小了，有大一点儿的吗？,"This hat is too small, is there a bigger one?",帽子,màozi,n.,hat; cap,zhè ge mào zi tài xiǎo le ， yǒu dà yī diǎn ér de ma ？
meter,米,mǐ,nm.,这张桌子有两米长。,,zhè zhāng zhuō zi yǒu liǎng mǐ zhǎng 。
这张桌子有两米长。,This table is two meters long.,米,mǐ,nm.,meter,zhè zhāng zhuō zi yǒu liǎng mǐ zhǎng 。
bread,面包,miànbāo,n.,面包已经卖完了。,,miàn bāo yǐ jīng mài wán le 。
面包已经卖完了。,The bread is sold out.,面包,miànbāo,n.,bread,miàn bāo yǐ jīng mài wán le 。
noodle,面条,miàntiáo,n.,服务员，我要一碗面条。,,fú wù yuán ， wǒ yào yī wǎn miàn tiáo 。
服务员，我要一碗面条。,"Waiter, I want a bowl of noodles.",面条,miàntiáo,n.,noodle,fú wù yuán ， wǒ yào yī wǎn miàn tiáo 。
know; understand,明白,míngbai,v.,我明白你的意思了。,,wǒ míng bái nǐ de yì si le 。
我明白你的意思了。,"Yeah, I get it...",明白,míngbai,v.,know; understand,wǒ míng bái nǐ de yì si le 。
plain; explicit; clear,明白,míngbai,adj.,他说得很明白，我懂了。,,tā shuō dé hěn míng bái ， wǒ dǒng le 。
他说得很明白，我懂了。,"He made himself clear, I see.",明白,míngbai,adj.,plain; explicit; clear,tā shuō dé hěn míng bái ， wǒ dǒng le 。
hold; take,拿,ná,v.,你手里拿的是什么？,,nǐ shǒu lǐ ná de shì shén me ？
你手里拿的是什么？,What do you have in your hand?,拿,ná,v.,hold; take,nǐ shǒu lǐ ná de shì shén me ？
grandmother,奶奶,nǎinai,n.,我奶奶住在北京。,,wǒ nǎi nǎi zhù zài běi jīng 。
我奶奶住在北京。,My grandmother lives in Beijing.,奶奶,nǎinai,n.,grandmother,wǒ nǎi nǎi zhù zài běi jīng 。
south,南,nán,n.,我家在火车站的南边。,,wǒ jiā zài huǒ chē zhàn de nán biān 。
我家在火车站的南边。,My house is on the south side of the train station.,南,nán,n.,south,wǒ jiā zài huǒ chē zhàn de nán biān 。
difficult; hard,难,nán,adj.,这个题很难。,,zhè ge tí hěn nán 。
这个题很难。,This is a difficult question.,难,nán,adj.,difficult; hard,zhè ge tí hěn nán 。
have a hard time,难过,nánguò,v.,他要离开了，我很难过。,,tā yào lí kāi le ， wǒ hěn nán guò 。
他要离开了，我很难过。,I'm sorry he's leaving.,难过,nánguò,v.,have a hard time,tā yào lí kāi le ， wǒ hěn nán guò 。
grade (in the primary or middle school); year (in college or university),年级,niánjí,n.,我儿子现在上三年级。,,wǒ ér zi xiàn zài shàng sān nián jí 。
我儿子现在上三年级。,My son is in third grade.,年级,niánjí,n.,grade (in the primary or middle school); year (in college or university),wǒ ér zi xiàn zài shàng sān nián jí 。
young,年轻,niánqīng,adj.,妈妈 50 岁了，看起来还很年轻。,,mā mā  50  suì le ， kàn qǐ lái hái hěn nián qīng 。
妈妈 50 岁了，看起来还很年轻。,Mom is 50 years old and still looks young.,年轻,niánqīng,adj.,young,mā mā  50  suì le ， kàn qǐ lái hái hěn nián qīng 。
bird,鸟,niǎo,n.,树上有很多鸟在唱歌。,,shù shàng yǒu hěn duō niǎo zài chàng gē 。
树上有很多鸟在唱歌。,There are many birds singing in the trees.,鸟,niǎo,n.,bird,shù shàng yǒu hěn duō niǎo zài chàng gē 。
hard-working; diligent,努力,nǔlì,adj.,学生们学习很努力。,,xué shēng men xué xí hěn nǔ lì 。
学生们学习很努力。,Students study hard.,努力,nǔlì,adj.,hard-working; diligent,xué shēng men xué xí hěn nǔ lì 。
climb mountains,爬 ft,páshān,v.,我们决定明天去爬 ft。,,wǒ men jué dìng míng tiān qù pá  ft。
我们决定明天去爬 ft。,We decided to go climbing ft tomorrow.,爬 ft,páshān,v.,climb mountains,wǒ men jué dìng míng tiān qù pá  ft。
tray; plate; dish,盘子,pánzi,n.,盘子里有鱼，请吃吧。,,pán zi lǐ yǒu yú ， qǐng chī ba 。
盘子里有鱼，请吃吧。,"There is fish on the plate, please eat it.",盘子,pánzi,n.,tray; plate; dish,pán zi lǐ yǒu yú ， qǐng chī ba 。
fat,胖,pàng,adj,熊猫很胖，很可爱。,,xióng māo hěn pàng ， hěn kě ài 。
熊猫很胖，很可爱。,The panda is fat and cute.,胖,pàng,adj,fat,xióng māo hěn pàng ， hěn kě ài 。
get fat,胖,pàng,v.,这个月我胖了五斤多。,,zhè ge yuè wǒ pàng le wǔ jīn duō 。
这个月我胖了五斤多。,I gained more than five pounds this month.,胖,pàng,v.,get fat,zhè ge yuè wǒ pàng le wǔ jīn duō 。
leather shoes,皮鞋,píxié,n.,他穿着一双黑色的皮鞋。,,tā chuān zhe yī shuāng hēi sè de pí xié 。
他穿着一双黑色的皮鞋。,He was wearing a pair of black leather shoes.,皮鞋,píxié,n.,leather shoes,tā chuān zhe yī shuāng hēi sè de pí xié 。
beer,啤酒,píjiǔ,n.,爸爸爱喝啤酒。,,bà bà ài hē pí jiǔ 。
爸爸爱喝啤酒。,Dad likes to drink beer.,啤酒,píjiǔ,n.,beer,bà bà ài hē pí jiǔ 。
Mandarin Chinese,普通话,pǔtōnghuà,n.,你的普通话说得很好。,,nǐ de pǔ tōng huà shuō dé hěn hǎo 。
你的普通话说得很好。,You speak Mandarin very well.,普通话,pǔtōnghuà,n.,Mandarin Chinese,nǐ de pǔ tōng huà shuō dé hěn hǎo 。
actually; in fact; as a matter of fact,其实,qíshí,adv.,我其实不太了解他。,,wǒ qí shí bù tài liǎo jiě tā 。
我其实不太了解他。,I don't really know him.,其实,qíshí,adv.,actually; in fact; as a matter of fact,wǒ qí shí bù tài liǎo jiě tā 。
other; else,其他,qítā,pron.,只有小明在教室里，其他人都回家了。,,zhǐ yǒu xiǎo míng zài jiào shì lǐ ， qí tā rén dōu huí jiā le 。
只有小明在教室里，其他人都回家了。,"Only Xiao Ming was in the classroom, and everyone else went home.",其他,qítā,pron.,other; else,zhǐ yǒu xiǎo míng zài jiào shì lǐ ， qí tā rén dōu huí jiā le 。
odd; queer; strange; unusual; peculiar,奇怪,qíguài,adj.,我觉得这个问题很奇怪。,,wǒ jué de zhè ge wèn tí hěn qí guài 。
我觉得这个问题很奇怪。,I find this question odd.,奇怪,qíguài,adj.,odd; queer; strange; unusual; peculiar,wǒ jué de zhè ge wèn tí hěn qí guài 。
ride (an animal or bicycle); sit on the back of,骑,qí,v.,今天我骑自行车去学校。,,jīn tiān wǒ qí zì xíng chē qù xué xiào 。
今天我骑自行车去学校。,Today I went to school by bicycle.,骑,qí,v.,ride (an animal or bicycle); sit on the back of,jīn tiān wǒ qí zì xíng chē qù xué xiào 。
(of aircraft) take off; lift off; launch,起飞,qǐfēi,v.,各位乘客，飞机马上就要起飞了。,,gè wèi chéng kè ， fēi jī mǎ shàng jiù yào qǐ fēi le 。
各位乘客，飞机马上就要起飞了。,"Ladies and gentlemen, the plane is about to take off.",起飞,qǐfēi,v.,(of aircraft) take off; lift off; launch,gè wèi chéng kè ， fēi jī mǎ shàng jiù yào qǐ fēi le 。
clear; distinct,清楚,qīngchu,adj.,他把这件事儿说得很清楚了。,,tā bǎ zhè jiàn shì ér shuō dé hěn qīng chǔ le 。
他把这件事儿说得很清楚了。,He made it very clear.,清楚,qīngchu,adj.,clear; distinct,tā bǎ zhè jiàn shì ér shuō dé hěn qīng chǔ le 。
be clear about; understand,清楚,qīngchu,v.,你清楚这句话的意思吗？,,nǐ qīng chǔ zhè jù huà de yì si ma ？
你清楚这句话的意思吗？,Do you know what that means?,清楚,qīngchu,v.,be clear about; understand,nǐ qīng chǔ zhè jù huà de yì si ma ？
fall; autumn,秋,qiū,n.,秋天最舒服，不冷也不热。,,qiū tiān zuì shū fú ， bù lěng yě bù rè 。
秋天最舒服，不冷也不热。,"Autumn is the most comfortable, neither cold nor hot.",秋,qiū,n.,fall; autumn,qiū tiān zuì shū fú ， bù lěng yě bù rè 。
skirt,裙子,qúnzi,n.,姐姐穿着漂亮的裙子。,,jiě jiě chuān zhe piào liàng de qún zi 。
姐姐穿着漂亮的裙子。,My sister is wearing a beautiful dress.,裙子,qúnzi,n.,skirt,jiě jiě chuān zhe piào liàng de qún zi 。
then; after that; afterwards,然后,ránhòu,conj.,我要先写完作业，然后再看电视。,,wǒ yào xiān xiě wán zuò yè ， rán hòu zài kàn diàn shì 。
我要先写完作业，然后再看电视。,I have to finish my homework before I watch TV.,然后,ránhòu,conj.,then; after that; afterwards,wǒ yào xiān xiě wán zuò yè ， rán hòu zài kàn diàn shì 。
fervent; warm,热情,rèqíng,adj.,我们热情地欢迎客人。,,wǒ men rè qíng dì huān yíng kè rén 。
我们热情地欢迎客人。,We warmly welcome our guests.,热情,rèqíng,adj.,fervent; warm,wǒ men rè qíng dì huān yíng kè rén 。
think; consider,认为,rènwéi,v.,你认为他会来吗？,,nǐ rèn wéi tā huì lái ma ？
你认为他会来吗？,Do you think he'll come?,认为,rènwéi,v.,think; consider,nǐ rèn wéi tā huì lái ma ？
conscientious; earnest; serious,认真,rènzhēn,adj.,这个同学学习很认真，很努力。,,zhè ge tóng xué xué xí hěn rèn zhēn ， hěn nǔ lì 。
这个同学学习很认真，很努力。,This classmate studied very seriously and worked very hard.,认真,rènzhēn,adj.,conscientious; earnest; serious,zhè ge tóng xué xué xí hěn rèn zhēn ， hěn nǔ lì 。
easy; ready,容易,róngyì,adj.,这个问题很容易回答。,,zhè ge wèn tí hěn róng yì huí dá 。
这个问题很容易回答。,This question is easy to answer.,容易,róngyì,adj.,easy; ready,zhè ge wèn tí hěn róng yì huí dá 。
if; in case; in the event of; supposing that,如果,rúguǒ,conj.,如果你去，我就和你一起去。,,rú guǒ nǐ qù ， wǒ jiù hé nǐ yì qǐ qù 。
如果你去，我就和你一起去。,"If you go, I'll go with you.",如果,rúguǒ,conj.,if; in case; in the event of; supposing that,rú guǒ nǐ qù ， wǒ jiù hé nǐ yì qǐ qù 。
umbrella,伞,sǎn,n.,下雨了，别忘了带伞。,,xià yǔ le ， bié wàng le dài sǎn 。
下雨了，别忘了带伞。,"It's raining, don't forget your umbrella.",伞,sǎn,n.,umbrella,xià yǔ le ， bié wàng le dài sǎn 。
get online,上网,shàngwǎng,v.,我上网去看看新闻。,,wǒ shàng wǎng qù kàn kàn xīn wén 。
我上网去看看新闻。,I go online to check the news.,上网,shàngwǎng,v.,get online,wǒ shàng wǎng qù kàn kàn xīn wén 。
take offence; be/get angry; be offended,生气,shēngqì,v.,请别生气，是我错了，对不起。,,qǐng bié shēng qì ， shì wǒ cuò le ， duì bù qǐ 。
请别生气，是我错了，对不起。,"Please don't be angry, it was my fault, I'm sorry.",生气,shēngqì,v.,take offence; be/get angry; be offended,qǐng bié shēng qì ， shì wǒ cuò le ， duì bù qǐ 。
sound; voice,声音,shēngyīn,n.,你听，这是什么声音？,,nǐ tīng ， zhè shì shén me shēng yīn ？
你听，这是什么声音？,"Listen, what's that noise?",声音,shēngyīn,n.,sound; voice,nǐ tīng ， zhè shì shén me shēng yīn ？
the world; the earth; the globe; the universe,世界,shìjiè,n.,世界上有很多国家。,,shì jiè shàng yǒu hěn duō guó jiā 。
世界上有很多国家。,There are many countries in the world.,世界,shìjiè,n.,the world; the earth; the globe; the universe,shì jiè shàng yǒu hěn duō guó jiā 。
try,试,shì,v.,我想试一下那件红色的。,,wǒ xiǎng shì yī xià nà jiàn hóng sè de 。
我想试一下那件红色的。,I want to try the red one.,试,shì,v.,try,wǒ xiǎng shì yī xià nà jiàn hóng sè de 。
thin; emaciated; lean,瘦,shòu,adj.,姐姐现在很瘦，只有 45 公斤。,,jiě jiě xiàn zài hěn shòu ， zhǐ yǒu  45  gōng jīn 。
姐姐现在很瘦，只有 45 公斤。,"Sister is very thin now, only 45 kilograms.",瘦,shòu,adj.,thin; emaciated; lean,jiě jiě xiàn zài hěn shòu ， zhǐ yǒu  45  gōng jīn 。
become thin,瘦,shòu,v.,这个月我瘦了三斤。,,zhè ge yuè wǒ shòu le sān jīn 。
这个月我瘦了三斤。,I lost three pounds this month.,瘦,shòu,v.,become thin,zhè ge yuè wǒ shòu le sān jīn 。
uncle (referring to a man younger than one’s father),叔叔,shūshu,n.,叔叔，你喜欢这本书吗？,,shū shū ， nǐ xǐ huān zhè běn shū ma ？
叔叔，你喜欢这本书吗？,"Uncle, do you like this book?",叔叔,shūshu,n.,uncle (referring to a man younger than one’s father),shū shū ， nǐ xǐ huān zhè běn shū ma ？
pleased; comfortable,舒服,shūfu,adj.,坐在这里，真舒服。,,zuò zài zhè lǐ ， zhēn shū fú 。
坐在这里，真舒服。,Comfortable sitting here.,舒服,shūfu,adj.,pleased; comfortable,zuò zài zhè lǐ ， zhēn shū fú 。
tree,树,shù,n.,我们学校里有很多树。,,wǒ men xué xiào lǐ yǒu hěn duō shù 。
我们学校里有很多树。,We have a lot of trees in our school.,树,shù,n.,tree,wǒ men xué xiào lǐ yǒu hěn duō shù 。
mathematics,数学,shùxué,n.,我的数学成绩很好。,,wǒ de shù xué chéng jì hěn hǎo 。
我的数学成绩很好。,I have good math results.,数学,shùxué,n.,mathematics,wǒ de shù xué chéng jì hěn hǎo 。
clean one's teeth; brush one's teeth,刷牙,shuāyá,v.,睡觉前要刷牙。,,shuì jiào qián yào shuā yá 。
睡觉前要刷牙。,Brush your teeth before going to bed.,刷牙,shuāyá,v.,clean one's teeth; brush one's teeth,shuì jiào qián yào shuā yá 。
pair; couple,双,shuāng,nm.,我今天想去买双鞋。,,wǒ jīn tiān xiǎng qù mǎi shuāng xié 。
我今天想去买双鞋。,I want to buy a pair of shoes today.,双,shuāng,nm.,pair; couple,wǒ jīn tiān xiǎng qù mǎi shuāng xié 。
"standard; level (of skill, ability and knowledge, etc.)",水平,shuǐpíng,n.,他的汉语水平很高。,,tā de hàn yǔ shuǐ píng hěn gāo 。
他的汉语水平很高。,He has a high level of Chinese.,水平,shuǐpíng,n.,"standard; level (of skill, ability and knowledge, etc.)",tā de hàn yǔ shuǐ píng hěn gāo 。
driver,司机,sījī,n.,这位司机开出租车 5 年多了。,,zhè wèi sī jī kāi chū zū chē  5  nián duō le 。
这位司机开出租车 5 年多了。,This driver has been driving a taxi for over 5 years.,司机,sījī,n.,driver,zhè wèi sī jī kāi chū zū chē  5  nián duō le 。
the Sun,太阳,tàiyáng,n.,你看，太阳出来了。,,nǐ kàn ， tài yáng chū lái le 。
你看，太阳出来了。,"Look, the sun is out.",太阳,tàiyáng,n.,the Sun,nǐ kàn ， tài yáng chū lái le 。
very; exceptionally; particularly; specially,特别,tèbié,adv.,我特别想跟你一起去。,,wǒ tè bié xiǎng gēn nǐ yì qǐ qù 。
我特别想跟你一起去。,I especially want to go with you.,特别,tèbié,adv.,very; exceptionally; particularly; specially,wǒ tè bié xiǎng gēn nǐ yì qǐ qù 。
special; unusual; particular; out of the ordinary,特别,tèbié,adj,这个菜的做法很特别。,,zhè ge cài de zuò fǎ hěn tè bié 。
这个菜的做法很特别。,This dish is very special.,特别,tèbié,adj,special; unusual; particular; out of the ordinary,zhè ge cài de zuò fǎ hěn tè bié 。
ache; hurt,疼,téng,adj.,我的腿有点儿疼。,,wǒ de tuǐ yǒu diǎn ér téng 。
我的腿有点儿疼。,My legs hurt a little.,疼,téng,adj.,ache; hurt,wǒ de tuǐ yǒu diǎn ér téng 。
lift; raise; heighten; enhance; increase; improve; advance,提高,tígāo,v.,你数学成绩提高了不少。,,nǐ shù xué chéng jì tí gāo le bù shǎo 。
你数学成绩提高了不少。,Your math scores have improved a lot.,提高,tígāo,v.,lift; raise; heighten; enhance; increase; improve; advance,nǐ shù xué chéng jì tí gāo le bù shǎo 。
development; increase,提高,tígāo,n.,人们的生活水平有了很大的提高。,,rén men de shēng huó shuǐ píng yǒu le hěn dà de tí gāo 。
人们的生活水平有了很大的提高。,People's living standards have improved greatly.,提高,tígāo,n.,development; increase,rén men de shēng huó shuǐ píng yǒu le hěn dà de tí gāo 。
sports; sports activities,体育,tǐyù,n.,我很喜欢体育运动。,,wǒ hěn xǐ huān tǐ yù yùn dòng 。
我很喜欢体育运动。,I love sports.,体育,tǐyù,n.,sports; sports activities,wǒ hěn xǐ huān tǐ yù yùn dòng 。
sweet,甜,tián,adj.,这个西瓜真甜啊！,,zhè ge xī guā zhēn tián a ！
这个西瓜真甜啊！,This watermelon is so sweet!,甜,tián,adj.,sweet,zhè ge xī guā zhēn tián a ！
used for long and slender things,条,tiáo,nm.,这条裤子有点儿长。,,zhè tiáo kù zi yǒu diǎn ér zhǎng 。
这条裤子有点儿长。,These pants are a bit long.,条,tiáo,nm.,used for long and slender things,zhè tiáo kù zi yǒu diǎn ér zhǎng 。
colleague,同事,tóngshì,n.,这是我们的新同事，李华。,,zhè shì wǒ men de xīn tóng shì ， lǐ huá 。
这是我们的新同事，李华。,"This is our new colleague, Li Hua.",同事,tóngshì,n.,colleague,zhè shì wǒ men de xīn tóng shì ， lǐ huá 。
agree; approve; assent to; consent to; accede to,同意,tóngyì,v.,我不太同意他的想法。,,wǒ bù tài tóng yì tā de xiǎng fǎ 。
我不太同意他的想法。,I don't quite agree with him.,同意,tóngyì,v.,agree; approve; assent to; consent to; accede to,wǒ bù tài tóng yì tā de xiǎng fǎ 。
hair,头发,tóufa,n.,妈妈的头发又黑又亮。,,mā mā de tóu fà yòu hēi yòu liàng 。
妈妈的头发又黑又亮。,Mom's hair was black and shiny.,头发,tóufa,n.,hair,mā mā de tóu fà yòu hēi yòu liàng 。
sudden; abrupt; unexpected,突然,tūrán,adj.,他突然站了起来。,,tā tū rán zhàn le qǐ lái 。
他突然站了起来。,He suddenly stood up.,突然,tūrán,adj.,sudden; abrupt; unexpected,tā tū rán zhàn le qǐ lái 。
suddenly; abruptly; unexpectedly,突然,tūrán,adv.,小狗突然跑了出来。,,xiǎo gǒu tū rán pǎo le chū lái 。
小狗突然跑了出来。,The puppy suddenly ran out.,突然,tūrán,adv.,suddenly; abruptly; unexpectedly,xiǎo gǒu tū rán pǎo le chū lái 。
library,图书馆,túshūguǎn,n.,我从图书馆借来了两本书。,,wǒ cóng tú shū guǎn jiè lái le liǎng běn shū 。
我从图书馆借来了两本书。,I borrowed two books from the library.,图书馆,túshūguǎn,n.,library,wǒ cóng tú shū guǎn jiè lái le liǎng běn shū 。
leg,腿,tuǐ,n.,你的腿还疼吗？,,nǐ de tuǐ hái téng ma ？
你的腿还疼吗？,Does your leg still hurt?,腿,tuǐ,n.,leg,nǐ de tuǐ hái téng ma ？
accomplish; complete; finish; achieve; fulfill,完成,wánchéng,v.,这件事，在周末前必须完成。,,zhè jiàn shì ， zài zhōu mò qián bì xū wán chéng 。
这件事，在周末前必须完成。,This must be done by the end of the week.,完成,wánchéng,v.,accomplish; complete; finish; achieve; fulfill,zhè jiàn shì ， zài zhōu mò qián bì xū wán chéng 。
bowl,碗,wǎn,n.,把米饭放在这个碗里吧。,,bǎ mǐ fàn fàng zài zhè ge wǎn lǐ ba 。
把米饭放在这个碗里吧。,Put the rice in this bowl.,碗,wǎn,n.,bowl,bǎ mǐ fàn fàng zài zhè ge wǎn lǐ ba 。
a bowl of,碗,wǎn,nm.,我吃一碗就可以了。,,wǒ chī yī wǎn jiù kě yǐ le 。
我吃一碗就可以了。,I'll just eat a bowl.,碗,wǎn,nm.,a bowl of,wǒ chī yī wǎn jiù kě yǐ le 。
ten thousand,万,wàn,num.,我们学校有一万名学生。,,wǒ men xué xiào yǒu yī wàn míng xué shēng 。
我们学校有一万名学生。,"Our school has 10,000 students.",万,wàn,num.,ten thousand,wǒ men xué xiào yǒu yī wàn míng xué shēng 。
"forget; erase; drop (or fade, slip) from memory; go out of one's mind",忘记,wàngjì,v.,我忘记今天是他的生日了。,,wǒ wàng jì jīn tiān shì tā de shēng rì le 。
我忘记今天是他的生日了。,I forgot it was his birthday.,忘记,wàngjì,v.,"forget; erase; drop (or fade, slip) from memory; go out of one's mind",wǒ wàng jì jīn tiān shì tā de shēng rì le 。
for,为,wèi,prep.,这些菜都是为你准备的。,,zhè xiē cài dōu shì wèi nǐ zhǔn bèi de 。
这些菜都是为你准备的。,These dishes are prepared for you.,为,wèi,prep.,for,zhè xiē cài dōu shì wèi nǐ zhǔn bèi de 。
for,为了,wèile,prep.,为了身体健康，我每天都去运动。,,wèi le shēn tǐ jiàn kāng ， wǒ měi tiān dōu qù yùn dòng 。
为了身体健康，我每天都去运动。,"For the sake of my health, I exercise every day.",为了,wèile,prep.,for,wèi le shēn tǐ jiàn kāng ， wǒ měi tiān dōu qù yùn dòng 。
used for people,位,wèi,nm.,他真是一位好老师。,,tā zhēn shì yī wèi hǎo lǎo shī 。
他真是一位好老师。,He is such a good teacher.,位,wèi,nm.,used for people,tā zhēn shì yī wèi hǎo lǎo shī 。
culture; civilization,文化,wénhuà,n.,我对中国文化很感兴趣。,,wǒ duì zhōng guó wén huà hěn gǎn xìng qù 。
我对中国文化很感兴趣。,I am very interested in Chinese culture.,文化,wénhuà,n.,culture; civilization,wǒ duì zhōng guó wén huà hěn gǎn xìng qù 。
west,西,xī,n.,火车站在西边，你走错了。,,huǒ chē zhàn zài xī biān ， nǐ zǒu cuò le 。
火车站在西边，你走错了。,The train station is on the west side and you are on the wrong track.,西,xī,n.,west,huǒ chē zhàn zài xī biān ， nǐ zǒu cuò le 。
be accustomed to; be/get used to,习惯,xíguàn,v.,他已经习惯了一个人生活。,,tā yǐ jīng xí guàn le yí gè rén shēng huó 。
他已经习惯了一个人生活。,He was used to living alone.,习惯,xíguàn,v.,be accustomed to; be/get used to,tā yǐ jīng xí guàn le yí gè rén shēng huó 。
habit; custom; usual practice,习惯,xíguàn,n.,饭前洗手是好习惯。,,fàn qián xǐ shǒu shì hǎo xí guàn 。
饭前洗手是好习惯。,It is a good habit to wash your hands before meals.,习惯,xíguàn,n.,habit; custom; usual practice,fàn qián xǐ shǒu shì hǎo xí guàn 。
toilet; washroom; bathroom,洗手间,xǐshǒujiān,n.,我去一下洗手间。,,wǒ qù yī xià xǐ shǒu jiān 。
我去一下洗手间。,I'll go to the bathroom.,洗手间,xǐshǒujiān,n.,toilet; washroom; bathroom,wǒ qù yī xià xǐ shǒu jiān 。
take a bath; bathe; take a shower,洗澡,xǐzǎo,v.,太热了，我先去洗澡。,,tài rè le ， wǒ xiān qù xǐ zǎo 。
太热了，我先去洗澡。,"It's too hot, I'll go take a shower first.",洗澡,xǐzǎo,v.,take a bath; bathe; take a shower,tài rè le ， wǒ xiān qù xǐ zǎo 。
summer,夏,xià,n.,今年夏天太热了。,,jīn nián xià tiān tài rè le 。
今年夏天太热了。,It's been too hot this summer.,夏,xià,n.,summer,jīn nián xià tiān tài rè le 。
first,先,xiān,adv.,你先去，我一个小时后再去。,,nǐ xiān qù ， wǒ yí gè xiǎo shí hòu zài qù 。
你先去，我一个小时后再去。,"You go first, I'll be there in an hour.",先,xiān,adv.,first,nǐ xiān qù ， wǒ yí gè xiǎo shí hòu zài qù 。
believe in; be convinced of; have faith in; place reliance on; put one's trust in,相信,xiāngxìn,v.,我完全相信你说的话。,,wǒ wán quán xiāng xìn nǐ shuō de huà 。
我完全相信你说的话。,I totally believe what you say.,相信,xiāngxìn,v.,believe in; be convinced of; have faith in; place reliance on; put one's trust in,wǒ wán quán xiāng xìn nǐ shuō de huà 。
banana,香蕉,xiāngjiāo,n.,你想吃香蕉吗？,,nǐ xiǎng chī xiāng jiāo ma ？
你想吃香蕉吗？,Do you want a banana?,香蕉,xiāngjiāo,n.,banana,nǐ xiǎng chī xiāng jiāo ma ？
to; towards,向,xiàng,prep.,向东走，就可以看到那个学校了。,,xiàng dōng zǒu ， jiù kě yǐ kàn dào nà ge xué xiào le 。
向东走，就可以看到那个学校了。,"Going east, you can see the school.",向,xiàng,prep.,to; towards,xiàng dōng zǒu ， jiù kě yǐ kàn dào nà ge xué xiào le 。
look alike,像,xiàng,v.,他长得像他爸爸。,,tā zhǎng dé xiàng tā bà bà 。
他长得像他爸爸。,He looks like his dad.,像,xiàng,v.,look alike,tā zhǎng dé xiàng tā bà bà 。
for example,像,xiàng,prep.,像校长这样的人，到哪里都很受欢迎。,,xiàng xiào zhǎng zhè yàng de rén ， dào nǎ li dōu hěn shòu huān yíng 。
像校长这样的人，到哪里都很受欢迎。,People like the headmaster are popular everywhere.,像,xiàng,prep.,for example,xiàng xiào zhǎng zhè yàng de rén ， dào nǎ li dōu hěn shòu huān yíng 。
take care; look out,小心,xiǎoxīn,v.,请小心，路上有很多水。,,qǐng xiǎo xīn ， lù shàng yǒu hěn duō shuǐ 。
请小心，路上有很多水。,"Please be careful, there is a lot of water on the way.",小心,xiǎoxīn,v.,take care; look out,qǐng xiǎo xīn ， lù shàng yǒu hěn duō shuǐ 。
careful,小心,xiǎoxīn,adj.,我很小心地抱起了小猫。,,wǒ hěn xiǎo xīn dì bào qǐ le xiǎo māo 。
我很小心地抱起了小猫。,I carefully picked up the kitten.,小心,xiǎoxīn,adj.,careful,wǒ hěn xiǎo xīn dì bào qǐ le xiǎo māo 。
(of a secondary or elementary school) principal; headmaster; (of a university or college) president; chancellor,校长,xiàozhǎng,n.,校长已经同意了我们的计划。,,xiào zhǎng yǐ jīng tóng yì le wǒ men de jì huà 。
校长已经同意了我们的计划。,The principal has agreed to our plan.,校长,xiàozhǎng,n.,(of a secondary or elementary school) principal; headmaster; (of a university or college) president; chancellor,xiào zhǎng yǐ jīng tóng yì le wǒ men de jì huà 。
news,新闻,xīnwén,n.,我每天晚上七点都看新闻。,,wǒ měi tiān wǎn shàng qī diǎn dōu kàn xīn wén 。
我每天晚上七点都看新闻。,I watch the news every night at 7pm.,新闻,xīnwén,n.,news,wǒ měi tiān wǎn shàng qī diǎn dōu kàn xīn wén 。
fresh,新鲜,xīnxiān,adj.,这些都是新鲜水果。,,zhè xiē dōu shì xīn xiān shuǐ guǒ 。
这些都是新鲜水果。,These are fresh fruits.,新鲜,xīnxiān,adj.,fresh,zhè xiē dōu shì xīn xiān shuǐ guǒ 。
credit card,信用卡,xìnyòngkǎ,n.,我想去银行办一张信用卡。,,wǒ xiǎng qù yín háng bàn yī zhāng xìn yòng kǎ 。
我想去银行办一张信用卡。,I want to go to the bank to get a credit card.,信用卡,xìnyòngkǎ,n.,credit card,wǒ xiǎng qù yín háng bàn yī zhāng xìn yòng kǎ 。
trunk; baggage,行李箱,xínglixiāng,n.,请把行李箱打开。,,qǐng bǎ xíng lǐ xiāng dǎ kāi 。
请把行李箱打开。,Please open the suitcase.,行李箱,xínglixiāng,n.,trunk; baggage,qǐng bǎ xíng lǐ xiāng dǎ kāi 。
panda,熊猫,xióngmāo,n.,我特别喜欢到动物园去看大熊猫。,,wǒ tè bié xǐ huān dào dòng wù yuán qù kàn dà xióng māo 。
我特别喜欢到动物园去看大熊猫。,I especially like going to the zoo to see giant pandas.,熊猫,xióngmāo,n.,panda,wǒ tè bié xǐ huān dào dòng wù yuán qù kàn dà xióng māo 。
need; claim; demand; want,需要,xūyào,v.,我们需要一些帮助。,,wǒ men xū yào yī xiē bāng zhù 。
我们需要一些帮助。,We need some help.,需要,xūyào,v.,need; claim; demand; want,wǒ men xū yào yī xiē bāng zhù 。
choose; select; pick,选择,xuǎnzé,v.,今年夏天你选择去哪儿旅游？,,jīn nián xià tiān nǐ xuǎn zé qù nǎ ér lǚ yóu ？
今年夏天你选择去哪儿旅游？,Where are you traveling to this summer?,选择,xuǎnzé,v.,choose; select; pick,jīn nián xià tiān nǐ xuǎn zé qù nǎ ér lǚ yóu ？
a choice; selection; option,选择,xuǎnzé,n.,我们需要自己做出选择。,,wǒ men xū yào zì jǐ zuò chū xuǎn zé 。
我们需要自己做出选择。,We need to make our own choices.,选择,xuǎnzé,n.,a choice; selection; option,wǒ men xū yào zì jǐ zuò chū xuǎn zé 。
ask; request; demand,要求,yāoqiú,v.,老师要求我们把这些题做完。,,lǎo shī yāo qiú wǒ men bǎ zhè xiē tí zuò wán 。
老师要求我们把这些题做完。,The teacher asked us to finish these questions.,要求,yāoqiú,v.,ask; request; demand,lǎo shī yāo qiú wǒ men bǎ zhè xiē tí zuò wán 。
request; demand; need,要求,yāoqiú,n.,这是爸爸对我的要求。,,zhè shì bà bà duì wǒ de yāo qiú 。
这是爸爸对我的要求。,That's what Dad asked me to do.,要求,yāoqiú,n.,request; demand; need,zhè shì bà bà duì wǒ de yāo qiú 。
"grandfather, also used as a title of respect for an old man",爷爷,yéye,n.,爷爷，请您坐这儿吧。,,yé yé ， qǐng nín zuò zhè ér ba 。
爷爷，请您坐这儿吧。,"Grandpa, please sit here.",爷爷,yéye,n.,"grandfather, also used as a title of respect for an old man",yé yé ， qǐng nín zuò zhè ér ba 。
surely; certainly; necessarily,一定,yídìng,adv.,明天的会议，请大家一定要参加。,,míng tiān de huì yì ， qǐng dà jiā yí dìng yào cān jiā 。
明天的会议，请大家一定要参加。,"Tomorrow's meeting, please be sure to attend.",一定,yídìng,adv.,surely; certainly; necessarily,míng tiān de huì yì ， qǐng dà jiā yí dìng yào cān jiā 。
fixed; specified; regular; certain,一定,yídìng,adj,他的汉语已经有一定水平了。,,tā de hàn yǔ yǐ jīng yǒu yí dìng shuǐ píng le 。
他的汉语已经有一定水平了。,He already has a certain level of Chinese.,一定,yídìng,adj,fixed; specified; regular; certain,tā de hàn yǔ yǐ jīng yǒu yí dìng shuǐ píng le 。
altogether; in all; all told,一共,yígòng,adv.,我们班一共有 20 名学生。,,wǒ men bān yī gòng yǒu  20  míng xué shēng 。
我们班一共有 20 名学生。,There are 20 students in our class.,一共,yígòng,adv.,altogether; in all; all told,wǒ men bān yī gòng yǒu  20  míng xué shēng 。
a moment,一会儿,yíhuìr,adv.,我看一会儿电视就睡觉。,,wǒ kàn yī huì er diàn shì jiù shuì jiào 。
我看一会儿电视就睡觉。,I watch TV for a while and then go to bed.,一会儿,yíhuìr,adv.,a moment,wǒ kàn yī huì er diàn shì jiù shuì jiào 。
the same,一样,yíyàng,adj.,他跟爸爸长得一样。,,tā gēn bà bà zhǎng dé yī yàng 。
他跟爸爸长得一样。,He looked just like Daddy.,一样,yíyàng,adj.,the same,tā gēn bà bà zhǎng dé yī yàng 。
usually; generally; habitually; ordinarily,一般,yìbān,adv.,我一般7 点钟起床。,,wǒ yì bān 7  diǎn zhōng qǐ chuáng 。
我一般7 点钟起床。,I usually get up at 7 o'clock.,一般,yìbān,adv.,usually; generally; habitually; ordinarily,wǒ yì bān 7  diǎn zhōng qǐ chuáng 。
while; as; at the same time; simultaneously,一边,yìbiān,adv.,他喜欢一边看书，一边听音乐。,,tā xǐ huān yī biān kàn shū ， yī biān tīng yīn yuè 。
他喜欢一边看书，一边听音乐。,He enjoys reading while listening to music.,一边,yìbiān,adv.,while; as; at the same time; simultaneously,tā xǐ huān yī biān kàn shū ， yī biān tīng yīn yuè 。
all the time,一直,yìzhí,adv.,我一直不明白这句话的意思。,,wǒ yì zhí bù míng bái zhè jù huà de yì si 。
我一直不明白这句话的意思。,I never understood what that meant.,一直,yìzhí,adv.,all the time,wǒ yì zhí bù míng bái zhè jù huà de yì si 。
before (a point of time); back; ago; previously; formerly,以前,yǐqián,adv.,我们看电影以前，先去吃个饭吧。,,wǒ men kàn diàn yǐng yǐ qián ， xiān qù chī gè fàn ba 。
我们看电影以前，先去吃个饭吧。,"Before we go to the movies, let's have dinner.",以前,yǐqián,adv.,before (a point of time); back; ago; previously; formerly,wǒ men kàn diàn yǐng yǐ qián ， xiān qù chī gè fàn ba 。
music,音乐,yīnyuè,n.,她最喜欢看音乐节目。,,tā zuì xǐ huān kàn yīn yuè jié mù 。
她最喜欢看音乐节目。,She enjoys watching music shows the most.,音乐,yīnyuè,n.,music,tā zuì xǐ huān kàn yīn yuè jié mù 。
bank,银行,yínháng,n.,银行下午 5 点关门。,,yín háng xià wǔ  5  diǎn guān mén 。
银行下午 5 点关门。,Bank closes at 5pm.,银行,yínháng,n.,bank,yín háng xià wǔ  5  diǎn guān mén 。
beverage; drink,饮料,yǐnliào,n.,冰箱里还有饮料吗？,,bīng xiāng lǐ hái yǒu yǐn liào ma ？
冰箱里还有饮料吗？,Are there any more drinks in the fridge?,饮料,yǐnliào,n.,beverage; drink,bīng xiāng lǐ hái yǒu yǐn liào ma ？
should; have to; ought to; must,应该,yīnggāi,aux.,8 点了，应该去上班了。,,8  diǎn le ， yīng gāi qù shàng bān le 。
8 点了，应该去上班了。,"It's 8 o'clock, it's time to go to work.",应该,yīnggāi,aux.,should; have to; ought to; must,8  diǎn le ， yīng gāi qù shàng bān le 。
influence; affect; concern; work upon,影响,yǐngxiǎng,v.,请不要影响别人休息。,,qǐng bú yào yǐng xiǎng bié rén xiū xī 。
请不要影响别人休息。,Please do not interfere with others' rest.,影响,yǐngxiǎng,v.,influence; affect; concern; work upon,qǐng bú yào yǐng xiǎng bié rén xiū xī 。
influence; effect,影响,yǐngxiǎng,n.,环境对人有很大的影响。,,huán jìng duì rén yǒu hěn dà de yǐng xiǎng 。
环境对人有很大的影响。,The environment has a great impact on people.,影响,yǐngxiǎng,n.,influence; effect,huán jìng duì rén yǒu hěn dà de yǐng xiǎng 。
use,用,yòng,v.,我用了两个小时打扫房间。,,wǒ yòng le liǎng gè xiǎo shí dǎ sǎo fáng jiān 。
我用了两个小时打扫房间。,I spent two hours cleaning the room.,用,yòng,v.,use,wǒ yòng le liǎng gè xiǎo shí dǎ sǎo fáng jiān 。
game; play; recreation,游戏,yóuxì,n.,这是孩子们最喜欢玩儿的游戏。,,zhè shì hái zi men zuì xǐ huān wán ér de yóu xì 。
这是孩子们最喜欢玩儿的游戏。,This is a favorite game for kids to play.,游戏,yóuxì,n.,game; play; recreation,zhè shì hái zi men zuì xǐ huān wán ér de yóu xì 。
famous,有名,yǒumíng,adj.,这本书很有名。,,zhè běn shū hěn yǒu míng 。
这本书很有名。,This book is famous.,有名,yǒumíng,adj.,famous,zhè běn shū hěn yǒu míng 。
again; once more,又,yòu,adv.,我们休息了一会儿，又开始工作了。,,wǒ men xiū xī le yī huì er ， yòu kāi shǐ gōng zuò le 。
我们休息了一会儿，又开始工作了。,We took a break and started working again.,又,yòu,adv.,again; once more,wǒ men xiū xī le yī huì er ， yòu kāi shǐ gōng zuò le 。
meet,遇到,yùdào,v.,刚才我在街上遇到了张先生。,,gāng cái wǒ zài jiē shàng yù dào le zhāng xiān shēng 。
刚才我在街上遇到了张先生。,I just met Mr. Zhang on the street.,遇到,yùdào,v.,meet,gāng cái wǒ zài jiē shàng yù dào le zhāng xiān shēng 。
RMB Yuan,元,yuán,nm.,这块手表 600元。,,zhè kuài shǒu biǎo  600 yuán 。
这块手表 600元。,This watch is 600 yuan.,元,yuán,nm.,RMB Yuan,zhè kuài shǒu biǎo  600 yuán 。
be willing; wish; like; want,愿意,yuànyì,aux.,他很愿意帮助别人。,,tā hěn yuàn yì bāng zhù bié rén 。
他很愿意帮助别人。,He is very willing to help others.,愿意,yuànyì,aux.,be willing; wish; like; want,tā hěn yuàn yì bāng zhù bié rén 。
the Moon,月亮,yuèliang,n.,今晚的月亮真圆！,,jīn wǎn de yuè liàng zhēn yuán ！
今晚的月亮真圆！,The moon is round tonight!,月亮,yuèliang,n.,the Moon,jīn wǎn de yuè liàng zhēn yuán ！
the more…the more…,越,yuè,adv.,他越说越高兴。,,tā yuè shuō yuè gāo xìng 。
他越说越高兴。,"The more he said, the happier he was.",越,yuè,adv.,the more…the more…,tā yuè shuō yuè gāo xìng 。
stand,站,zhàn,v.,爸爸站在我的身边。,,bà bà zhàn zài wǒ de shēn biān 。
爸爸站在我的身边。,Dad stood beside me.,站,zhàn,v.,stand,bà bà zhàn zài wǒ de shēn biān 。
distance between two bus stops,站,zhàn,nm.,去火车站，坐地铁 3站就到了。,,qù huǒ chē zhàn ， zuò dì tiě  3 zhàn jiù dào le 。
去火车站，坐地铁 3站就到了。,"To train station, 3 stops by subway.",站,zhàn,nm.,distance between two bus stops,qù huǒ chē zhàn ， zuò dì tiě  3 zhàn jiù dào le 。
"used for paper, bed, table,face, etc.",张,zhāng,nm.,请给我一张纸。,,qǐng gěi wǒ yī zhāng zhǐ 。
请给我一张纸。,Please give me a piece of paper.,张,zhāng,nm.,"used for paper, bed, table,face, etc.",qǐng gěi wǒ yī zhāng zhǐ 。
open up,张,zhāng,v.,小女孩儿张开嘴，笑了。,,xiǎo nǚ hái ér zhāng kāi zuǐ ， xiào le 。
小女孩儿张开嘴，笑了。,The little girl opened her mouth and smiled.,张,zhāng,v.,open up,xiǎo nǚ hái ér zhāng kāi zuǐ ， xiào le 。
look after; take care,照顾,zhàogù,v.,我生病了，妈妈一直照顾我。,,wǒ shēng bìng le ， mā mā yì zhí zhào gù wǒ 。
我生病了，妈妈一直照顾我。,I was sick and my mom took care of me all the time.,照顾,zhàogù,v.,look after; take care,wǒ shēng bìng le ， mā mā yì zhí zhào gù wǒ 。
consideration; concern; care,照顾,zhàogù,n.,这些年，他给了我们很多照顾。,,zhè xiē nián ， tā gěi le wǒ men hěn duō zhào gù 。
这些年，他给了我们很多照顾。,"Over the years, he has given us a lot of care.",照顾,zhàogù,n.,consideration; concern; care,zhè xiē nián ， tā gěi le wǒ men hěn duō zhào gù 。
photo,照片,zhàopiàn,n.,这是我小时候的照片。,,zhè shì wǒ xiǎo shí hòu de zhào piān 。
这是我小时候的照片。,This is a picture of me as a kid.,照片,zhàopiàn,n.,photo,zhè shì wǒ xiǎo shí hòu de zhào piān 。
camera,照相机,zhàoxiàngjī,n.,我新买了一个照相机。,,wǒ xīn mǎi le yí gè zhào xiàng jī 。
我新买了一个照相机。,I bought a new camera.,照相机,zhàoxiàngjī,n.,camera,wǒ xīn mǎi le yí gè zhào xiàng jī 。
"one of a pair; for animals, furnitures, boats or ships",只,zhī,nm.,我有一只鞋找不到了。 树上有一只小猫。,,wǒ yǒu yī zhī xié zhǎo bú dào le 。  shù shàng yǒu yī zhī xiǎo māo 。
我有一只鞋找不到了。 树上有一只小猫。,I can't find one shoe. There was a kitten in the tree.,只,zhī,nm.,"one of a pair; for animals, furnitures, boats or ships",wǒ yǒu yī zhī xié zhǎo bú dào le 。  shù shàng yǒu yī zhī xiǎo māo 。
only; merely; just,只,zhǐ,adv.,房间里只有我一个人。,,fáng jiān lǐ zhǐ yǒu wǒ yí gè rén 。
房间里只有我一个人。,There is only me in the room.,只,zhǐ,adv.,only; merely; just,fáng jiān lǐ zhǐ yǒu wǒ yí gè rén 。
center; middle,中间,zhōngjiān,n.,我站在中间，旁边的是我的同学。,,wǒ zhàn zài zhōng jiān ， páng biān de shì wǒ de tóng xué 。
我站在中间，旁边的是我的同学。,"I stood in the middle, next to my classmates.",中间,zhōngjiān,n.,center; middle,wǒ zhàn zài zhōng jiān ， páng biān de shì wǒ de tóng xué 。
Chinese language,中文,Zhōngwén,n.,我会用中文写文章。,,wǒ huì yòng zhōng wén xiě wén zhāng 。
我会用中文写文章。,I will write the article in Chinese.,中文,Zhōngwén,n.,Chinese language,wǒ huì yòng zhōng wén xiě wén zhāng 。
at last; finally,终于,zhōngyú,adv.,春天终于来了。,,chūn tiān zhōng yú lái le 。
春天终于来了。,spring has finally come!,终于,zhōngyú,adv.,at last; finally,chūn tiān zhōng yú lái le 。
kind; sort; type,种,zhǒng,nm.,超市里有很多种新鲜水果。,,chāo shì lǐ yǒu hěn duō zhǒng xīn xiān shuǐ guǒ 。
超市里有很多种新鲜水果。,There are many kinds of fresh fruits in the supermarket.,种,zhǒng,nm.,kind; sort; type,chāo shì lǐ yǒu hěn duō zhǒng xīn xiān shuǐ guǒ 。
important,重要,zhòngyào,adj.,我忘了一件重要的事情。,,wǒ wàng le yī jiàn zhòng yào de shì qíng 。
我忘了一件重要的事情。,I forgot something important.,重要,zhòngyào,adj.,important,wǒ wàng le yī jiàn zhòng yào de shì qíng 。
weekend,周末,zhōumò,n.,这个周末你有什么安排？,,zhè ge zhōu mò nǐ yǒu shén me ān pái ？
这个周末你有什么安排？,What are your plans this weekend?,周末,zhōumò,n.,weekend,zhè ge zhōu mò nǐ yǒu shén me ān pái ？
major; main,主要,zhǔyào,adj.,这本书主要讲了些什么？,,zhè běn shū zhǔ yào jiǎng le xiē shén me ？
这本书主要讲了些什么？,What is the main point of this book?,主要,zhǔyào,adj.,major; main,zhè běn shū zhǔ yào jiǎng le xiē shén me ？
pay attention to; to keep an eye on; take notice of,注意,zhùyì,v.,请注意安全。,,qǐng zhù yì ān quán 。
请注意安全。,please pay attention to safety,注意,zhùyì,v.,pay attention to; to keep an eye on; take notice of,qǐng zhù yì ān quán 。
worry; feel anxious,着急,zháojí,v.,遇到事情，不要着急。,,yù dào shì qíng ， bú yào zháo jí 。
遇到事情，不要着急。,"If something happens, don't rush it.",着急,zháojí,v.,worry; feel anxious,yù dào shì qíng ， bú yào zháo jí 。
oneself; self; one's own,自己,zìjǐ,pron.,我喜欢自己一个人旅游。,,wǒ xǐ huān zì jǐ yí gè rén lǚ yóu 。
我喜欢自己一个人旅游。,I like to travel alone.,自己,zìjǐ,pron.,oneself; self; one's own,wǒ xǐ huān zì jǐ yí gè rén lǚ yóu 。
always,总是,zǒngshì,adv.,他总是很早起床。,,tā zǒng shì hěn zǎo qǐ chuáng 。
他总是很早起床。,He always gets up early.,总是,zǒngshì,adv.,always,tā zǒng shì hěn zǎo qǐ chuáng 。
mouth,嘴,zuǐ,n.,妹妹的嘴边有一粒米。,,mèi mèi de zuǐ biān yǒu yī lì mǐ 。
妹妹的嘴边有一粒米。,Sister has a grain of rice on her mouth.,嘴,zuǐ,n.,mouth,mèi mèi de zuǐ biān yǒu yī lì mǐ 。
recently; of late; lately,最近,zuìjìn,adv.,我最近很忙。,,wǒ zuì jìn hěn máng 。
我最近很忙。,I've been busy lately.,最近,zuìjìn,adv.,recently; of late; lately,wǒ zuì jìn hěn máng 。
school assignment; study assignment,作业,zuòyè,n.,今天的作业你写完了吗？,,jīn tiān de zuò yè nǐ xiě wán le ma ？
今天的作业你写完了吗？,Have you finished your homework for today?,作业,zuòyè,n.,school assignment; study assignment,jīn tiān de zuò yè nǐ xiě wán le ma ？
an effect; an influence,作用,zuòyòng,n.,这种感冒药对我没什么作用。,,zhè zhǒng gǎn mào yào duì wǒ méi shén me zuò yòng 。
这种感冒药对我没什么作用。,This cold medicine doesn't do much for me.,作用,zuòyòng,n.,an effect; an influence,zhè zhǒng gǎn mào yào duì wǒ méi shén me zuò yòng 。
love (between a man and a woman),爱情,àiqíng,n.,这是一个感人的爱情故事。,,zhè shì yí gè gǎn rén de ài qíng gù shì 。
这是一个感人的爱情故事。,It's a moving love story.,爱情,àiqíng,n.,love (between a man and a woman),zhè shì yí gè gǎn rén de ài qíng gù shì 。
plan in detail; arrange,安排,ānpái,v.,下午的会议，我已经安排好了。,,xià wǔ de huì yì ， wǒ yǐ jīng ān pái hǎo le 。
下午的会议，我已经安排好了。,"Afternoon meeting, I've arranged it.",安排,ānpái,v.,plan in detail; arrange,xià wǔ de huì yì ， wǒ yǐ jīng ān pái hǎo le 。
plan to do sth,安排,ānpái,n.,他的安排让大家都很满意。,,tā de ān pái ràng dà jiā dōu hěn mǎn yì 。
他的安排让大家都很满意。,His arrangement was very satisfactory to everyone.,安排,ānpái,n.,plan to do sth,tā de ān pái ràng dà jiā dōu hěn mǎn yì 。
safe,安全,ānquán,adj.,晚上开车要注意安全。,,wǎn shàng kāi chē yào zhù yì ān quán 。
晚上开车要注意安全。,Drive safely at night.,安全,ānquán,adj.,safe,wǎn shàng kāi chē yào zhù yì ān quán 。
safety,安全,ānquán,n.,请放心，我们会保证您的安全。,,qǐng fàng xīn ， wǒ men huì bǎo zhèng nín de ān quán 。
请放心，我们会保证您的安全。,"Rest assured, we will keep you safe.",安全,ānquán,n.,safety,qǐng fàng xīn ， wǒ men huì bǎo zhèng nín de ān quán 。
on time; on schedule; punctually,按时,ànshí,adv.,我按时完成了任务。,,wǒ àn shí wán chéng le rèn wù 。
我按时完成了任务。,I completed the task on time.,按时,ànshí,adv.,on time; on schedule; punctually,wǒ àn shí wán chéng le rèn wù 。
according to,按照,ànzhào,prep.,请按照要求把报告改一下。,,qǐng àn zhào yāo qiú bǎ bào gào gǎi yī xià 。
请按照要求把报告改一下。,Please make changes to the report as requested.,按照,ànzhào,prep.,according to,qǐng àn zhào yāo qiú bǎ bào gào gǎi yī xià 。
percent,百分之,bǎifēnzhī,prep.,任务完成百分之八十了。,,rèn wù wán chéng bǎi fēn zhī bā shí le 。
任务完成百分之八十了。,Eighty percent of the job is done.,百分之,bǎifēnzhī,prep.,percent,rèn wù wán chéng bǎi fēn zhī bā shí le 。
great; good; excellent,棒,bàng,adj,你的字写得真棒！,,nǐ de zì xiě dé zhēn bàng ！
你的字写得真棒！,Your handwriting is great!,棒,bàng,adj,great; good; excellent,nǐ de zì xiě dé zhēn bàng ！
steamed stuffed bun,包子,bāozi,n.,这家饭馆儿的包子味道非常好。,,zhè jiā fàn guǎn ér de bāo zi wèi dào fēi cháng hǎo 。
这家饭馆儿的包子味道非常好。,The buns in this restaurant taste very good.,包子,bāozi,n.,steamed stuffed bun,zhè jiā fàn guǎn ér de bāo zi wèi dào fēi cháng hǎo 。
protect,保护,bǎohù,v.,人们应该保护环境。,,rén men yīng gāi bǎo hù huán jìng 。
人们应该保护环境。,People should protect the environment.,保护,bǎohù,v.,protect,rén men yīng gāi bǎo hù huán jìng 。
guarantee; ensure; promise,保证,bǎozhèng,v.,我保证，以后不迟到了。,,wǒ bǎo zhèng ， yǐ hòu bù chí dào le 。
我保证，以后不迟到了。,"I promise, I won't be late in the future.",保证,bǎozhèng,v.,guarantee; ensure; promise,wǒ bǎo zhèng ， yǐ hòu bù chí dào le 。
guarantee,保证,bǎozhèng,n.,努力是取得成功的保证。,,nǔ lì shì qǔ dé chéng gōng de bǎo zhèng 。
努力是取得成功的保证。,Effort is the guarantee of success.,保证,bǎozhèng,n.,guarantee,nǔ lì shì qǔ dé chéng gōng de bǎo zhèng 。
"give your name, age, etc. in order to participate in an activity or organization; enroll;sign up",报名,bàomíng,sv.,你想报名参加运动会吗？,,nǐ xiǎng bào míng cān jiā yùn dòng huì ma ？
你想报名参加运动会吗？,Would you like to sign up for the Games?,报名,bàomíng,sv.,"give your name, age, etc. in order to participate in an activity or organization; enroll;sign up",nǐ xiǎng bào míng cān jiā yùn dòng huì ma ？
hold sb or sth with one's arm(s); embrace,抱,bào,v.,他把孩子抱了起来。,,tā bǎ hái zi bào le qǐ lái 。
他把孩子抱了起来。,He picked up the child.,抱,bào,v.,hold sb or sth with one's arm(s); embrace,tā bǎ hái zi bào le qǐ lái 。
be sorry; feel apologetic; regret,抱歉,bàoqiàn,v.,非常抱歉，让您等了这么久。,,fēi cháng bào qiàn ， ràng nín děng le zhè me jiǔ 。
非常抱歉，让您等了这么久。,We're sorry to have kept you waiting.,抱歉,bàoqiàn,v.,be sorry; feel apologetic; regret,fēi cháng bào qiàn ， ràng nín děng le zhè me jiǔ 。
times (of the original number or quantity),倍,bèi,nm.,我们学校的留学生比去年多了一倍。,,wǒ men xué xiào de liú xué shēng bǐ qù nián duō le yí bèi 。
我们学校的留学生比去年多了一倍。,Our school has twice as many international students as last year.,倍,bèi,nm.,times (of the original number or quantity),wǒ men xué xiào de liú xué shēng bǐ qù nián duō le yí bèi 。
originally,本来,běnlái,adv.,我本来要去看演出，但是突然有事儿不能去了。,,wǒ běn lái yào qù kàn yǎn chū ， dàn shì tū rán yǒu shì ér bù néng qù le 。
我本来要去看演出，但是突然有事儿不能去了。,"I was going to see the show, but suddenly something happened and I couldn't go.",本来,běnlái,adv.,originally,wǒ běn lái yào qù kàn yǎn chū ， dàn shì tū rán yǒu shì ér bù néng qù le 。
dull; foolish; stupid,笨,bèn,adj.,你并不笨，只是需要更努力。,,nǐ bìng bù bèn ， zhǐ shì xū yào gèng nǔ lì 。
你并不笨，只是需要更努力。,"You're not stupid, you just need to work harder.",笨,bèn,adj.,dull; foolish; stupid,nǐ bìng bù bèn ， zhǐ shì xū yào gèng nǔ lì 。
take sth for example,比如,bǐrú,v.,我有很多爱好，比如游泳和读书。,,wǒ yǒu hěn duō ài hào ， bǐ rú yóu yǒng hé dú shū 。
我有很多爱好，比如游泳和读书。,I have many hobbies such as swimming and reading.,比如,bǐrú,v.,take sth for example,wǒ yǒu hěn duō ài hào ， bǐ rú yóu yǒng hé dú shū 。
graduate,毕业,bìyè,sv.,我今年上大三，明年毕业。,,wǒ jīn nián shàng dà sān ， míng nián bì yè 。
我今年上大三，明年毕业。,I am a junior this year and will graduate next year.,毕业,bìyè,sv.,graduate,wǒ jīn nián shàng dà sān ， míng nián bì yè 。
number of times,遍,biàn,vm.,这篇文章，我读了很多遍。,,zhè piān wén zhāng ， wǒ dú le hěn duō biàn 。
这篇文章，我读了很多遍。,I have read this article many times.,遍,biàn,vm.,number of times,zhè piān wén zhāng ， wǒ dú le hěn duō biàn 。
standard; criterion,标准,biāozhǔn,n.,你选男友的标准太高了。,,nǐ xuǎn nán yǒu de biāo zhǔn tài gāo le 。
你选男友的标准太高了。,Your criteria for choosing a boyfriend is too high.,标准,biāozhǔn,n.,standard; criterion,nǐ xuǎn nán yǒu de biāo zhǔn tài gāo le 。
conforming to a standard,标准,biāozhǔn,adj.,你的普通话说得很标准。,,nǐ de pǔ tōng huà shuō dé hěn biāo zhǔn 。
你的普通话说得很标准。,Your Mandarin is standard.,标准,biāozhǔn,adj.,conforming to a standard,nǐ de pǔ tōng huà shuō dé hěn biāo zhǔn 。
form; table; list,表格,biǎogé,n.,请在表格里填上您的姓名。,,qǐng zài biǎo gé lǐ tián shàng nín de xìng míng 。
请在表格里填上您的姓名。,Please fill in your name in the form.,表格,biǎogé,n.,form; table; list,qǐng zài biǎo gé lǐ tián shàng nín de xìng míng 。
express; convey,表示,biǎoshì,v.,他表示愿意继续在公司工作。,,tā biǎo shì yuàn yì jì xù zài gōng sī gōng zuò 。
他表示愿意继续在公司工作。,He expressed his willingness to continue working at the company.,表示,biǎoshì,v.,express; convey,tā biǎo shì yuàn yì jì xù zài gōng sī gōng zuò 。
act; perform; play,表演,biǎoyǎn,v.,你们要表演什么节目？,,nǐ men yào biǎo yǎn shén me jié mù ？
你们要表演什么节目？,What show are you going to perform?,表演,biǎoyǎn,v.,act; perform; play,nǐ men yào biǎo yǎn shén me jié mù ？
exhibition; show; program; performance,表演,biǎoyǎn,n.,今天的表演太精彩了！,,jīn tiān de biǎo yǎn tài jīng cǎi le ！
今天的表演太精彩了！,What a show today!,表演,biǎoyǎn,n.,exhibition; show; program; performance,jīn tiān de biǎo yǎn tài jīng cǎi le ！
praise,表扬,biǎoyáng,v.,小明喜欢帮助别人，老师表扬了他。,,xiǎo míng xǐ huān bāng zhù bié rén ， lǎo shī biǎo yáng le tā 。
小明喜欢帮助别人，老师表扬了他。,"Xiao Ming liked to help others, and the teacher praised him.",表扬,biǎoyáng,v.,praise,xiǎo míng xǐ huān bāng zhù bié rén ， lǎo shī biǎo yáng le tā 。
praise; recognition,表扬,biǎoyáng,n.,他经常得到校长的表扬。,,tā jīng cháng dé dào xiào zhǎng de biǎo yáng 。
他经常得到校长的表扬。,He was often praised by the headmaster.,表扬,biǎoyáng,n.,praise; recognition,tā jīng cháng dé dào xiào zhǎng de biǎo yáng 。
cracker; cookie; biscuit,饼干,bǐnggān,n.,我买了饼干，吃点儿吧。,,wǒ mǎi le bǐng gān ， chī diǎn ér ba 。
我买了饼干，吃点儿吧。,"I bought biscuits, eat some.",饼干,bǐnggān,n.,cracker; cookie; biscuit,wǒ mǎi le bǐng gān ， chī diǎn ér ba 。
further more; besides,并且,bìngqiě,conj.,她很聪明，并且很努力。,,tā hěn cōng míng ， bìng qiě hěn nǔ lì 。
她很聪明，并且很努力。,She's smart and she works hard.,并且,bìngqiě,conj.,further more; besides,tā hěn cōng míng ， bìng qiě hěn nǔ lì 。
doctor (an academic degree),博士,bóshì,n.,我来介绍一下，这位是李博士。,,wǒ lái jiè shào yī xià ， zhè wèi shì lǐ bó shì 。
我来介绍一下，这位是李博士。,Let me introduce you to Dr. Li.,博士,bóshì,n.,doctor (an academic degree),wǒ lái jiè shào yī xià ， zhè wèi shì lǐ bó shì 。
but; however,不过,búguò,conj.,他很优秀，不过不符合公司的招聘条件。,,tā hěn yōu xiù ， bù guò bù fú hé gōng sī de zhāo pìn tiáo jiàn 。
他很优秀，不过不符合公司的招聘条件。,"He is excellent, but does not meet the company's recruitment requirements.",不过,búguò,conj.,but; however,tā hěn yōu xiù ， bù guò bù fú hé gōng sī de zhāo pìn tiáo jiàn 。
must; have to,不得不,bùdébù,conj.,任务还没完成，所以周末我们不得不加班。,,rèn wù hái méi wán chéng ， suǒ yǐ zhōu mò wǒ men bù dé bù jiā bān 。
任务还没完成，所以周末我们不得不加班。,"The task was not completed, so we had to work overtime on the weekend.",不得不,bùdébù,conj.,must; have to,rèn wù hái méi wán chéng ， suǒ yǐ zhōu mò wǒ men bù dé bù jiā bān 。
no matter; whether or not,不管,bùguǎn,conj.,不管天怎么样，我都要爬 ft。,,bù guǎn tiān zěn me yàng ， wǒ dōu yào pá  ft。
不管天怎么样，我都要爬 ft。,"No matter what the day, I have to climb ft.",不管,bùguǎn,conj.,no matter; whether or not,bù guǎn tiān zěn me yàng ， wǒ dōu yào pá  ft。
feel shy or sorry,不好意思,bùhǎoyìsi,conj.,大家都看着他，他有点儿不好意思了。,,dà jiā dōu kàn zhe tā ， tā yǒu diǎn ér bù hǎo yì sī le 。
大家都看着他，他有点儿不好意思了。,"Everyone looked at him, and he was a little embarrassed.",不好意思,bùhǎoyìsi,conj.,feel shy or sorry,dà jiā dōu kàn zhe tā ， tā yǒu diǎn ér bù hǎo yì sī le 。
not only,不仅,bùjǐn,conj.,我不仅去过那个城市，而且去过很多次。,,wǒ bù jǐn qù guò nà ge chéng shì ， ér qiě qù guò hěn duō cì 。
我不仅去过那个城市，而且去过很多次。,"I've not only been to that city, I've been there many times.",不仅,bùjǐn,conj.,not only,wǒ bù jǐn qù guò nà ge chéng shì ， ér qiě qù guò hěn duō cì 。
part; section; portion,部分,bùfen,n.,这本小说由四部分组成。,,zhè běn xiǎo shuō yóu sì bù fèn zǔ chéng 。
这本小说由四部分组成。,The novel consists of four parts.,部分,bùfen,n.,part; section; portion,zhè běn xiǎo shuō yóu sì bù fèn zǔ chéng 。
rub or wipe in order to clean,擦,cā,v.,我已经把窗户擦干净了。,,wǒ yǐ jīng bǎ chuāng hù cā gān jìng le 。
我已经把窗户擦干净了。,I've cleaned the windows.,擦,cā,v.,rub or wipe in order to clean,wǒ yǐ jīng bǎ chuāng hù cā gān jìng le 。
guess,猜,cāi,v.,你猜我给你准备了什么生日礼物？,,nǐ cāi wǒ gěi nǐ zhǔn bèi le shén me shēng rì lǐ wù ？
你猜我给你准备了什么生日礼物？,Guess what I got you for your birthday?,猜,cāi,v.,guess,nǐ cāi wǒ gěi nǐ zhǔn bèi le shén me shēng rì lǐ wù ？
reference material,材料,cáiliào,n.,报名需要什么材料？,,bào míng xū yào shén me cái liào ？
报名需要什么材料？,What do I need to sign up?,材料,cáiliào,n.,reference material,bào míng xū yào shén me cái liào ？
visit for learning,参观,cānguān,v.,学校组织大家去长城参观。,,xué xiào zǔ zhī dà jiā qù cháng chéng cān guān 。
学校组织大家去长城参观。,The school organizes everyone to visit the Great Wall.,参观,cānguān,v.,visit for learning,xué xiào zǔ zhī dà jiā qù cháng chéng cān guān 。
restaurant,餐厅,cāntīng,n.,学校附近新开了一家餐厅。,,xué xiào fù jìn xīn kāi le yī jiā cān tīng 。
学校附近新开了一家餐厅。,A new restaurant has opened near the school.,餐厅,cāntīng,n.,restaurant,xué xiào fù jìn xīn kāi le yī jiā cān tīng 。
toilet; bathroom; washroom,厕所,cèsuǒ,n.,男厕所在一层。,,nán cè suǒ zài yī céng 。
男厕所在一层。,The men's toilet is on the first floor.,厕所,cèsuǒ,n.,toilet; bathroom; washroom,nán cè suǒ zài yī céng 。
about; nearly,差不多,chàbuduō,adv.,我每天差不多7 点起床。,,wǒ měi tiān chà bu duō 7  diǎn qǐ chuáng 。
我每天差不多7 点起床。,I get up about 7 o'clock every day.,差不多,chàbuduō,adv.,about; nearly,wǒ měi tiān chà bu duō 7  diǎn qǐ chuáng 。
the Great Wall,长城,Chángchéng,n.,我想周末去参观长城。,,wǒ xiǎng zhōu mò qù cān guān cháng chéng 。
我想周末去参观长城。,I want to visit the Great Wall on the weekend.,长城,Chángchéng,n.,the Great Wall,wǒ xiǎng zhōu mò qù cān guān cháng chéng 。
the Yangtze River,长江,Chángjiāng,n.,长江是中国的第一大河。,,cháng jiāng shì zhōng guó de dì yī dà hé 。
长江是中国的第一大河。,The Yangtze River is the largest river in China.,长江,Chángjiāng,n.,the Yangtze River,cháng jiāng shì zhōng guó de dì yī dà hé 。
taste,尝,cháng,v.,快来尝尝我做的菜，味道怎么样？,,kuài lái cháng cháng wǒ zuò de cài ， wèi dào zěn me yàng ？
快来尝尝我做的菜，味道怎么样？,"Come and taste my cooking, how does it taste?",尝,cháng,v.,taste,kuài lái cháng cháng wǒ zuò de cài ， wèi dào zěn me yàng ？
used for activities,场,chǎng,vm.,今年下午有场足球比赛。,,jīn nián xià wǔ yǒu chǎng zú qiú bǐ sài 。
今年下午有场足球比赛。,There is a football game this afternoon.,场,chǎng,vm.,used for activities,jīn nián xià wǔ yǒu chǎng zú qiú bǐ sài 。
leave behind; outstrip,超过,chāoguò,v.,每天有超过三百个航班在这里起飞。,,měi tiān yǒu chāo guò sān bǎi gè háng bān zài zhè lǐ qǐ fēi 。
每天有超过三百个航班在这里起飞。,Over 300 flights depart here every day.,超过,chāoguò,v.,leave behind; outstrip,měi tiān yǒu chāo guò sān bǎi gè háng bān zài zhè lǐ qǐ fēi 。
noisy,吵,chǎo,adj.,外面太吵了，我睡不着。,,wài miàn tài chǎo le ， wǒ shuì bù zhe 。
外面太吵了，我睡不着。,It's so noisy outside that I can't sleep.,吵,chǎo,adj.,noisy,wài miàn tài chǎo le ， wǒ shuì bù zhe 。
quarrel,吵,chǎo,v.,他和朋友吵了，所以很不高兴。,,tā hé péng yǒu chǎo le ， suǒ yǐ hěn bù gāo xìng 。
他和朋友吵了，所以很不高兴。,He was upset because he had quarreled with a friend.,吵,chǎo,v.,quarrel,tā hé péng yǒu chǎo le ， suǒ yǐ hěn bù gāo xìng 。
succeed,成功,chénggōng,v.,太好了，我们终于成功了。,,tài hǎo le ， wǒ men zhōng yú chéng gōng le 。
太好了，我们终于成功了。,"Great, we finally made it.",成功,chénggōng,v.,succeed,tài hǎo le ， wǒ men zhōng yú chéng gōng le 。
success,成功,chénggōng,n.,经过努力，我们取得了成功。,,jīng guò nǔ lì ， wǒ men qǔ dé le chéng gōng 。
经过努力，我们取得了成功。,"Through hard work, we have succeeded.",成功,chénggōng,n.,success,jīng guò nǔ lì ， wǒ men qǔ dé le chéng gōng 。
become,成为,chéngwéi,v.,几年不见，她现在已经成为了一名医生。,,jǐ nián bú jiàn ， tā xiàn zài yǐ jīng chéng wéi le yī míng yī shēng 。
几年不见，她现在已经成为了一名医生。,"After a few years, she has now become a doctor.",成为,chéngwéi,v.,become,jǐ nián bú jiàn ， tā xiàn zài yǐ jīng chéng wéi le yī míng yī shēng 。
honest,诚实,chéngshí,adj.,诚实的人值得我们尊重。,,chéng shí de rén zhí de wǒ men zūn zhòng 。
诚实的人值得我们尊重。,Honest people deserve our respect.,诚实,chéngshí,adj.,honest,chéng shí de rén zhí de wǒ men zūn zhòng 。
"take a ride (in a car, ship, etc.)",乘坐,chéngzuò,v.,欢迎您乘坐本次航班。,,huān yíng nín chéng zuò běn cì háng bān 。
欢迎您乘坐本次航班。,Welcome aboard this flight.,乘坐,chéngzuò,v.,"take a ride (in a car, ship, etc.)",huān yíng nín chéng zuò běn cì háng bān 。
feel afraid suddenly; be startled; be shocked; be astonished; be taken aback,吃惊,chījīng,sv.,这个消息非常令人吃惊。,,zhè ge xiāo xī fēi cháng lìng rén chī jīng 。
这个消息非常令人吃惊。,This news is very surprising.,吃惊,chījīng,sv.,feel afraid suddenly; be startled; be shocked; be astonished; be taken aback,zhè ge xiāo xī fēi cháng lìng rén chī jīng 。
once again,重新,chóngxīn,adv.,他把事情重新说了一遍。,,tā bǎ shì qíng chóng xīn shuō le yī biàn 。
他把事情重新说了一遍。,He said it all over again.,重新,chóngxīn,adv.,once again,tā bǎ shì qíng chóng xīn shuō le yī biàn 。
smoke a cigarette,抽烟,chōuyān,adv.,对不起，医院里不能抽烟。,,duì bù qǐ ， yī yuàn lǐ bù néng chōu yān 。
对不起，医院里不能抽烟。,"Sorry, you can't smoke in the hospital.",抽烟,chōuyān,adv.,smoke a cigarette,duì bù qǐ ， yī yuàn lǐ bù néng chōu yān 。
be on a business trip,出差,chūchāi,sv.,爸爸已经出差一个多月了。,,bà bà yǐ jīng chū chāi yí gè duō yuè le 。
爸爸已经出差一个多月了。,Dad has been away on business for more than a month.,出差,chūchāi,sv.,be on a business trip,bà bà yǐ jīng chū chāi yí gè duō yuè le 。
set out; start off; leave; head; move on; take the road,出发,chūfā,v.,我从北京出发去上海。,,wǒ cóng běi jīng chū fā qù shàng hǎi 。
我从北京出发去上海。,I'm leaving Beijing for Shanghai.,出发,chūfā,v.,set out; start off; leave; head; move on; take the road,wǒ cóng běi jīng chū fā qù shàng hǎi 。
be born,出生,chūshēng,v.,女儿是 1990 年出生的。,,nǚ ér shì  1990  nián chū shēng de 。
女儿是 1990 年出生的。,The daughter was born in 1990.,出生,chūshēng,v.,be born,nǚ ér shì  1990  nián chū shēng de 。
kitchen,厨房,chúfáng,n.,我正在厨房里做饭呢。,,wǒ zhèng zài chú fáng lǐ zuò fàn ne 。
我正在厨房里做饭呢。,I'm cooking in the kitchen.,厨房,chúfáng,n.,kitchen,wǒ zhèng zài chú fáng lǐ zuò fàn ne 。
fax,传真,chuánzhēn,n.,请帮我发一份传真。,,qǐng bāng wǒ fā yī fèn chuán zhēn 。
请帮我发一份传真。,Please send me a fax.,传真,chuánzhēn,n.,fax,qǐng bāng wǒ fā yī fèn chuán zhēn 。
window,窗户,chuānghu,n.,她坐在窗户旁边安静地看书。,,tā zuò zài chuāng hù páng biān ān jìng dì kàn shū 。
她坐在窗户旁边安静地看书。,She sat quietly reading by the window.,窗户,chuānghu,n.,window,tā zuò zài chuāng hù páng biān ān jìng dì kàn shū 。
word and phrase,词语,cíyǔ,n.,请把你们不认识的词语都找出来。,,qǐng bǎ nǐ men bù rèn shí de cí yǔ dōu zhǎo chū lái 。
请把你们不认识的词语都找出来。,Please find out all the words you don't know.,词语,cíyǔ,n.,word and phrase,qǐng bǎ nǐ men bù rèn shí de cí yǔ dōu zhǎo chū lái 。
right from the beginning; always; at all times; all along,从来,cónglái,adv.,我从来没见过他。,,wǒ cóng lái méi jiàn guò tā 。
我从来没见过他。,I've never met him.,从来,cónglái,adv.,right from the beginning; always; at all times; all along,wǒ cóng lái méi jiàn guò tā 。
careless; thoughtless,粗心,cūxīn,adj.,你真是太粗心了。,,nǐ zhēn shì tài cū xīn le 。
你真是太粗心了。,You are so careless.,粗心,cūxīn,adj.,careless; thoughtless,nǐ zhēn shì tài cū xīn le 。
keep; save; deposit,存,cún,v.,我把钱存进了银行。,,wǒ bǎ qián cún jìn le yín háng 。
我把钱存进了银行。,I put the money in the bank.,存,cún,v.,keep; save; deposit,wǒ bǎ qián cún jìn le yín háng 。
wrong; incorrect; mistaken,错误,cuòwù,adj.,我觉得这种说法是错误的。,,wǒ jué de zhè zhǒng shuō fǎ shì cuò wù de 。
我觉得这种说法是错误的。,I think this statement is wrong.,错误,cuòwù,adj.,wrong; incorrect; mistaken,wǒ jué de zhè zhǒng shuō fǎ shì cuò wù de 。
error; mistake,错误,cuòwù,n.,谢谢你指出了我的错误。,,xiè xiè nǐ zhǐ chū le wǒ de cuò wù 。
谢谢你指出了我的错误。,Thank you for pointing out my mistake.,错误,cuòwù,n.,error; mistake,xiè xiè nǐ zhǐ chū le wǒ de cuò wù 。
an answer or key to a question or problem,答案,dá’àn,n.,我不知道这道题的答案。,,wǒ bù zhī dào zhè dào tí de dá àn 。
我不知道这道题的答案。,I don't know the answer to that question.,答案,dá’àn,n.,an answer or key to a question or problem,wǒ bù zhī dào zhè dào tí de dá àn 。
dress up; make up,打扮,dǎban,v.,她简单打扮了一下就出门了。,,tā jiǎn dān dǎ bàn le yī xià jiù chū mén le 。
她简单打扮了一下就出门了。,She simply dressed up and went out.,打扮,dǎban,v.,dress up; make up,tā jiǎn dān dǎ bàn le yī xià jiù chū mén le 。
bother; interrupt; intervene,打扰,dǎrǎo,v.,对不起，打扰一下，王教授在吗？,,duì bù qǐ ， dǎ rǎo yī xià ， wáng jiào shòu zài ma ？
对不起，打扰一下，王教授在吗？,"Excuse me, is Professor Wang there?",打扰,dǎrǎo,v.,bother; interrupt; intervene,duì bù qǐ ， dǎ rǎo yī xià ， wáng jiào shòu zài ma ？
print,打印,dǎyìn,v.,这些材料已经打印完了。,,zhè xiē cái liào yǐ jīng dǎ yìn wán le 。
这些材料已经打印完了。,These materials have been printed.,打印,dǎyìn,v.,print,zhè xiē cái liào yǐ jīng dǎ yìn wán le 。
greet sb by word or gesture,打招呼,dǎzhāohu,v.,他笑着和我打招呼。,,tā xiào zhe hé wǒ dǎ zhāo hū 。
他笑着和我打招呼。,He greeted me with a smile.,打招呼,dǎzhāohu,v.,greet sb by word or gesture,tā xiào zhe hé wǒ dǎ zhāo hū 。
give a discount,打折,dǎzhé,sv.,春节前，商场都在打折。,,chūn jié qián ， shāng chǎng dōu zài dǎ zhé 。
春节前，商场都在打折。,"Before the Spring Festival, shopping malls are all discounted.",打折,dǎzhé,sv.,give a discount,chūn jié qián ， shāng chǎng dōu zài dǎ zhé 。
give or have an injection,打针,dǎzhēn,sv.,儿子非常害怕打针。,,ér zi fēi cháng hài pà dǎ zhēn 。
儿子非常害怕打针。,My son is very afraid of injections.,打针,dǎzhēn,sv.,give or have an injection,ér zi fēi cháng hài pà dǎ zhēn 。
almost; probably,大概,dàgài,adv.,他大概不会来了。,,tā dà gài bú huì lái le 。
他大概不会来了。,He probably won't come.,大概,dàgài,adv.,almost; probably,tā dà gài bú huì lái le 。
embassy,大使馆,dàshǐguǎn,n.,我明天要去大使馆办签证。,,wǒ míng tiān yào qù dà shǐ guǎn bàn qiān zhèng 。
我明天要去大使馆办签证。,I have to go to the embassy tomorrow to get a visa.,大使馆,dàshǐguǎn,n.,embassy,wǒ míng tiān yào qù dà shǐ guǎn bàn qiān zhèng 。
about; approximately; more or less,大约,dàyuē,adv.,他大约有三十多岁。,,tā dà yuē yǒu sān shí duō suì 。
他大约有三十多岁。,He was in his thirties or so.,大约,dàyuē,adv.,about; approximately; more or less,tā dà yuē yǒu sān shí duō suì 。
doctor; physician; surgeon,大夫,dàifu,n.,李大夫，您明天上午在医院吗？,,lǐ dà fū ， nín míng tiān shàng wǔ zài yī yuàn ma ？
李大夫，您明天上午在医院吗？,"Doctor Li, are you in the hospital tomorrow morning?",大夫,dàifu,n.,doctor; physician; surgeon,lǐ dà fū ， nín míng tiān shàng wǔ zài yī yuàn ma ？
wear; put on,戴,dài,v.,外边风大，戴上帽子吧。,,wài biān fēng dà ， dài shàng mào zi ba 。
外边风大，戴上帽子吧。,"It's windy outside, put on your hat.",戴,dài,v.,wear; put on,wài biān fēng dà ， dài shàng mào zi ba 。
at that time,当时,dāngshí,n.,我记不清楚当时的情况了。,,wǒ jì bù qīng chǔ dāng shí de qíng kuàng le 。
我记不清楚当时的情况了。,I don't remember what happened.,当时,dāngshí,n.,at that time,wǒ jì bù qīng chǔ dāng shí de qíng kuàng le 。
knife,刀,dāo,n.,水果刀在厨房里。,,shuǐ guǒ dāo zài chú fáng lǐ 。
水果刀在厨房里。,The fruit knife is in the kitchen.,刀,dāo,n.,knife,shuǐ guǒ dāo zài chú fáng lǐ 。
tour guide,导游,dǎoyóu,n.,我的姐姐是一名导游。,,wǒ de jiě jiě shì yī míng dǎo yóu 。
我的姐姐是一名导游。,My sister is a tour guide.,导游,dǎoyóu,n.,tour guide,wǒ de jiě jiě shì yī míng dǎo yóu 。
fall; lie down,倒,dǎo,v.,大风把树刮倒了。,,dà fēng bǎ shù guā dào le 。
大风把树刮倒了。,Strong winds knocked down the tree.,倒,dǎo,v.,fall; lie down,dà fēng bǎ shù guā dào le 。
everywhere,到处,dàochù,adv.,公园里到处都是鲜花。,,gōng yuán lǐ dào chù dōu shì xiān huā 。
公园里到处都是鲜花。,The park is full of flowers.,到处,dàochù,adv.,everywhere,gōng yuán lǐ dào chù dōu shì xiān huā 。
on earth,到底,dàodǐ,adv.,这句话到底是什么意思？,,zhè jù huà dào dǐ shì shén me yì si ？
这句话到底是什么意思？,What exactly does this phrase mean?,到底,dàodǐ,adv.,on earth,zhè jù huà dào dǐ shì shén me yì si ？
make an apology,道歉,dàoqiàn,sv.,我已经向他道歉了。,,wǒ yǐ jīng xiàng tā dào qiàn le 。
我已经向他道歉了。,I have apologized to him.,道歉,dàoqiàn,sv.,make an apology,wǒ yǐ jīng xiàng tā dào qiàn le 。
be pleased with oneself; pride oneself on sth (or doing sth),得意,déyì,adj.,工作取得了成功，大家都很得意。,,gōng zuò qǔ dé le chéng gōng ， dà jiā dōu hěn dé yì 。
工作取得了成功，大家都很得意。,Everyone is proud of the success of their work.,得意,déyì,adj.,be pleased with oneself; pride oneself on sth (or doing sth),gōng zuò qǔ dé le chéng gōng ， dà jiā dōu hěn dé yì 。
marker of complement,得,de,sa.,你走得太快了。,,nǐ zǒu dé tài kuài le 。
你走得太快了。,You're moving too fast.,得,de,sa.,marker of complement,nǐ zǒu dé tài kuài le 。
get; obtain; win; earn,得,de,v.,这次考试，我得了 100 分。,,zhè cì kǎo shì ， wǒ dé le  100  fēn 。
这次考试，我得了 100 分。,"This exam, I got 100 points.",得,de,v.,get; obtain; win; earn,zhè cì kǎo shì ， wǒ dé le  100  fēn 。
boarding pass,登机牌,dēngjīpái,n.,请您拿好登机牌，准备登机。,,qǐng nín ná hǎo dēng jī pái ， zhǔn bèi dēng jī 。
请您拿好登机牌，准备登机。,Please get your boarding pass and get ready for boarding.,登机牌,dēngjīpái,n.,boarding pass,qǐng nín ná hǎo dēng jī pái ， zhǔn bèi dēng jī 。
and so on; et cetera,等,děng,sa.,这个学期我选了很多课，有艺术、历史、经 济等。,,zhè ge xué qī wǒ xuǎn le hěn duō kè ， yǒu yì shù 、 lì shǐ 、 jīng   jì děng 。
这个学期我选了很多课，有艺术、历史、经 济等。,"I took a lot of classes this semester, including art, history, scripture, Ji et al.",等,děng,sa.,and so on; et cetera,zhè ge xué qī wǒ xuǎn le hěn duō kè ， yǒu yì shù 、 lì shǐ 、 jīng   jì děng 。
low; down,低,dī,adj.,这颗树比房子低。,,zhè kē shù bǐ fáng zi dī 。
这颗树比房子低。,This tree is lower than the house.,低,dī,adj.,low; down,zhè kē shù bǐ fáng zi dī 。
lower,低,dī,v.,你怎么了？不高兴了？为什么低着头？,,nǐ zěn me le ？ bù gāo xìng le ？ wèi shén me dī zhe tóu ？
你怎么了？不高兴了？为什么低着头？,What's the matter with you? Are you upset? Why are you bowing your head?,低,dī,v.,lower,nǐ zěn me le ？ bù gāo xìng le ？ wèi shén me dī zhe tóu ？
at the end of,底,dǐ,n.,年底公司会给大家发奖金。,,nián dǐ gōng sī huì gěi dà jiā fā jiǎng jīn 。
年底公司会给大家发奖金。,"At the end of the year, the company will pay you a bonus.",底,dǐ,n.,at the end of,nián dǐ gōng sī huì gěi dà jiā fā jiǎng jīn 。
place; site; spot,地点,dìdiǎn,n.,开会的地点在三楼会议室。,,kāi huì de dì diǎn zài sān lóu huì yì shì 。
开会的地点在三楼会议室。,The meeting place is in the meeting room on the third floor.,地点,dìdiǎn,n.,place; site; spot,kāi huì de dì diǎn zài sān lóu huì yì shì 。
the Earth,地球,dìqiú,n.,地球上 70%的面积是海洋。,,dì qiú shàng  70% de miàn jī shì hǎi yáng 。
地球上 70%的面积是海洋。,Seventy percent of the Earth's surface is ocean.,地球,dìqiú,n.,the Earth,dì qiú shàng  70% de miàn jī shì hǎi yáng 。
address,地址,dìzhǐ,n.,请把您的地址写下来。,,qǐng bǎ nín de dì zhǐ xiě xià lái 。
请把您的地址写下来。,Please write down your address.,地址,dìzhǐ,n.,address,qǐng bǎ nín de dì zhǐ xiě xià lái 。
investigate,调查,diàochá,v.,警察正在进行调查。,,jǐng chá zhèng zài jìn xíng diào chá 。
警察正在进行调查。,Police are investigating.,调查,diàochá,v.,investigate,jǐng chá zhèng zài jìn xíng diào chá 。
investigation; inquiry; survey,调查,diàochá,n.,我刚做了一个顾客满意度调查。,,wǒ gāng zuò le yí gè gù kè mǎn yì dù diào chá 。
我刚做了一个顾客满意度调查。,I just did a customer satisfaction survey.,调查,diàochá,n.,investigation; inquiry; survey,wǒ gāng zuò le yí gè gù kè mǎn yì dù diào chá 。
fall,掉,diào,v.,我把钥匙掉在了地上。,,wǒ bǎ yào shi diào zài le dì shàng 。
我把钥匙掉在了地上。,I dropped the key on the floor.,掉,diào,v.,fall,wǒ bǎ yào shi diào zài le dì shàng 。
lose,丢,diū,v.,你的书包丢了？,,nǐ de shū bāo diū le ？
你的书包丢了？,Lost your schoolbag?,丢,diū,v.,lose,nǐ de shū bāo diū le ？
movement; action; motion,动作,dòngzuò,n.,我教你跳舞吧，动作很简单。,,wǒ jiào nǐ tiào wǔ ba ， dòng zuò hěn jiǎn dān 。
我教你跳舞吧，动作很简单。,"Let me teach you how to dance, it's very simple.",动作,dòngzuò,n.,movement; action; motion,wǒ jiào nǐ tiào wǔ ba ， dòng zuò hěn jiǎn dān 。
traffic jam,堵车,dǔchē,v,我在路上，又堵车了。,,wǒ zài lù shàng ， yòu dǔ chē le 。
我在路上，又堵车了。,I'm on my way and I'm stuck in traffic again.,堵车,dǔchē,v,traffic jam,wǒ zài lù shàng ， yòu dǔ chē le 。
belly; abdomen; stomach,肚子,dùzi,n.,我肚子疼。,,wǒ dǔ zi téng 。
我肚子疼。,I've got (a) bellyache.,肚子,dùzi,n.,belly; abdomen; stomach,wǒ dǔ zi téng 。
short message,短信,duǎnxìn,n.,有事儿请给我发短信或者打电话。,,yǒu shì ér qǐng gěi wǒ fā duǎn xìn huò zhě dǎ diàn huà 。
有事儿请给我发短信或者打电话。,Please text or call me if you need anything.,短信,duǎnxìn,n.,short message,yǒu shì ér qǐng gěi wǒ fā duǎn xìn huò zhě dǎ diàn huà 。
dialogue,对话,duìhuà,n.,这个对话比较简单，我能听懂。,,zhè ge duì huà bǐ jiào jiǎn dān ， wǒ néng tīng dǒng 。
这个对话比较简单，我能听懂。,"This conversation is relatively simple, I can understand.",对话,duìhuà,n.,dialogue,zhè ge duì huà bǐ jiào jiǎn dān ， wǒ néng tīng dǒng 。
the opposite side,对面,duìmiàn,n.,我就住在学校对面。,,wǒ jiù zhù zài xué xiào duì miàn 。
我就住在学校对面。,I live across the street from the school.,对面,duìmiàn,n.,the opposite side,wǒ jiù zhù zài xué xiào duì miàn 。
a child,儿童,értóng,n.,身高一米二以下的孩子，可以买儿童票。,,shēn gāo yī mǐ èr yǐ xià de hái zi ， kě yǐ mǎi ér tóng piào 。
身高一米二以下的孩子，可以买儿童票。,Children under 1 meter and 2 meters tall can buy children's tickets.,儿童,értóng,n.,a child,shēn gāo yī mǐ èr yǐ xià de hái zi ， kě yǐ mǎi ér tóng piào 。
and; but; however,而,ér,conj.,我们都已经等了一个小时了，而他还没来。,,wǒ men dōu yǐ jīng děng le yí gè xiǎo shí le ， ér tā hái méi lái 。
我们都已经等了一个小时了，而他还没来。,"We've been waiting for an hour, and he's not here yet.",而,ér,conj.,and; but; however,wǒ men dōu yǐ jīng děng le yí gè xiǎo shí le ， ér tā hái méi lái 。
take place; happen,发生,fāshēng,v.,情况发生了很大的变化。,,qíng kuàng fā shēng le hěn dà de biàn huà 。
情况发生了很大的变化。,Things have changed a lot.,发生,fāshēng,v.,take place; happen,qíng kuàng fā shēng le hěn dà de biàn huà 。
develop; expand; go along,发展,fāzhǎn,v.,这些年经济发展很快。,,zhè xiē nián jīng jì fā zhǎn hěn kuài 。
这些年经济发展很快。,The economy has grown rapidly over the years.,发展,fāzhǎn,v.,develop; expand; go along,zhè xiē nián jīng jì fā zhǎn hěn kuài 。
law,法律,fǎlǜ,n.,我在大学学习法律专业。,,wǒ zài dà xué xué xí fǎ lǜ zhuān yè 。
我在大学学习法律专业。,I studied law at university.,法律,fǎlǜ,n.,law,wǒ zài dà xué xué xí fǎ lǜ zhuān yè 。
translate,翻译,fānyì,v.,请把这篇文章翻译成汉语。,,qǐng bǎ zhè piān wén zhāng fān yì chéng hàn yǔ 。
请把这篇文章翻译成汉语。,Please translate this article into Chinese.,翻译,fānyì,v.,translate,qǐng bǎ zhè piān wén zhāng fān yì chéng hàn yǔ 。
vexation; worry; trouble,烦恼,fánnǎo,n.,生活中总会遇到一些烦恼。,,shēng huó zhōng zǒng huì yù dào yī xiē fán nǎo 。
生活中总会遇到一些烦恼。,There are always some troubles in life.,烦恼,fánnǎo,n.,vexation; worry; trouble,shēng huó zhōng zǒng huì yù dào yī xiē fán nǎo 。
fret one's heart; trouble; bother about,烦恼,fánnǎo,v.,别再为这件事儿烦恼了。,,bié zài wèi zhè jiàn shì ér fán nǎo le 。
别再为这件事儿烦恼了。,Stop worrying about it.,烦恼,fánnǎo,v.,fret one's heart; trouble; bother about,bié zài wèi zhè jiàn shì ér fán nǎo le 。
be against; object to,反对,fǎnduì,v.,这个计划大家都反对。,,zhè ge jì huà dà jiā dōu fǎn duì 。
这个计划大家都反对。,This plan is opposed by everyone.,反对,fǎnduì,v.,be against; object to,zhè ge jì huà dà jiā dōu fǎn duì 。
method; way; manner; measure,方法,fāngfǎ,n.,我们一定能找到解决问题的方法。,,wǒ men yí dìng néng zhǎo dào jiě jué wèn tí de fāng fǎ 。
我们一定能找到解决问题的方法。,We'll find a way to fix it.,方法,fāngfǎ,n.,method; way; manner; measure,wǒ men yí dìng néng zhǎo dào jiě jué wèn tí de fāng fǎ 。
aspect,方面,fāngmiàn,n.,爸爸喜欢看历史方面的书。,,bà bà xǐ huān kàn lì shǐ fāng miàn de shū 。
爸爸喜欢看历史方面的书。,Dad loved to read about history.,方面,fāngmiàn,n.,aspect,bà bà xǐ huān kàn lì shǐ fāng miàn de shū 。
direction,方向,fāngxiàng,n.,是这个方向吗？我觉得我们迷路了。,,shì zhè ge fāng xiàng ma ？ wǒ jué de wǒ men mí lù le 。
是这个方向吗？我觉得我们迷路了。,Is this the direction? I think we're lost.,方向,fāngxiàng,n.,direction,shì zhè ge fāng xiàng ma ？ wǒ jué de wǒ men mí lù le 。
landlord,房东,fángdōng,n.,我的房东很友好，经常帮助我。,,wǒ de fáng dōng hěn yǒu hǎo ， jīng cháng bāng zhù wǒ 。
我的房东很友好，经常帮助我。,My host is friendly and helps me a lot.,房东,fángdōng,n.,landlord,wǒ de fáng dōng hěn yǒu hǎo ， jīng cháng bāng zhù wǒ 。
give up,放弃,fàngqì,v.,我放弃了留学的机会。,,wǒ fàng qì le liú xué de jī huì 。
我放弃了留学的机会。,I gave up the opportunity to study abroad.,放弃,fàngqì,v.,give up,wǒ fàng qì le liú xué de jī huì 。
have a summer vacation,放暑假,fàng shǔjià,v.,明天就要放暑假了。,,míng tiān jiù yào fàng shǔ jià le 。
明天就要放暑假了。,Summer vacation is tomorrow.,放暑假,fàng shǔjià,v.,have a summer vacation,míng tiān jiù yào fàng shǔ jià le 。
relax,放松,fàngsōng,v.,考试结束了，我们需要放松一下。,,kǎo shì jié shù le ， wǒ men xū yào fàng sōng yī xià 。
考试结束了，我们需要放松一下。,The exam is over and we need to relax.,放松,fàngsōng,v.,relax,kǎo shì jié shù le ， wǒ men xū yào fàng sōng yī xià 。
expense; money spent,费用,fèiyòng,n.,咱们这个月的生活费用是多少？,,zán men zhè ge yuè de shēng huó fèi yòng shì duō shǎo ？
咱们这个月的生活费用是多少？,What are our living expenses this month?,费用,fèiyòng,n.,expense; money spent,zán men zhè ge yuè de shēng huó fèi yòng shì duō shǎo ？
part; portion,份,fèn,nm.,我一个人吃了两份饭，太饿了。,,wǒ yí gè rén chī le liǎng fèn fàn ， tài è le 。
我一个人吃了两份饭，太饿了。,I ate two meals alone and was so hungry.,份,fèn,nm.,part; portion,wǒ yí gè rén chī le liǎng fèn fàn ， tài è le 。
abundant; plentiful; copious; rich; profuse,丰富,fēngfù,adj.,他是一位经验丰富的老师。,,tā shì yī wèi jīng yàn fēng fù de lǎo shī 。
他是一位经验丰富的老师。,He is an experienced teacher.,丰富,fēngfù,adj.,abundant; plentiful; copious; rich; profuse,tā shì yī wèi jīng yàn fēng fù de lǎo shī 。
enrich,丰富,fēngfù,v.,读书能丰富我们的生活。,,dú shū néng fēng fù wǒ men de shēng huó 。
读书能丰富我们的生活。,Reading enriches our lives.,丰富,fēngfù,v.,enrich,dú shū néng fēng fù wǒ men de shēng huó 。
otherwise,否则,fǒuzé,conj.,我们现在出发吧，否则会迟到的。,,wǒ men xiàn zài chū fā ba ， fǒu zé huì chí dào de 。
我们现在出发吧，否则会迟到的。,Let's go now or we'll be late.,否则,fǒuzé,conj.,otherwise,wǒ men xiàn zài chū fā ba ， fǒu zé huì chí dào de 。
correspond with; accord with; comform to,符合,fúhé,v.,这个做法不符合我们的要求。,,zhè ge zuò fǎ bù fú hé wǒ men de yāo qiú 。
这个做法不符合我们的要求。,This does not meet our requirements.,符合,fúhé,v.,correspond with; accord with; comform to,zhè ge zuò fǎ bù fú hé wǒ men de yāo qiú 。
father,父亲,fùqīn,n.,我父亲今年八十三岁了。,,wǒ fù qīn jīn nián bā shí sān suì le 。
我父亲今年八十三岁了。,My father is 83 years old this year.,父亲,fùqīn,n.,father,wǒ fù qīn jīn nián bā shí sān suì le 。
pay,付款,fùkuǎn,v.,购物可以在网上付款。,,gòu wù kě yǐ zài wǎng shàng fù kuǎn 。
购物可以在网上付款。,Shopping can be paid for online.,付款,fùkuǎn,v.,pay,gòu wù kě yǐ zài wǎng shàng fù kuǎn 。
be in charge of; be responsible for,负责,fùzé,v.,我们会对这件事负责。,,wǒ men huì duì zhè jiàn shì fù zé 。
我们会对这件事负责。,We will take responsibility for this.,负责,fùzé,v.,be in charge of; be responsible for,wǒ men huì duì zhè jiàn shì fù zé 。
responsible,负责,fùzé,adj.,小李工作非常负责。,,xiǎo lǐ gōng zuò fēi cháng fù zé 。
小李工作非常负责。,Li Xiao is very responsible.,负责,fùzé,adj.,responsible,xiǎo lǐ gōng zuò fēi cháng fù zé 。
copy; reproduce on a copying machine,复印,fùyìn,v.,这份材料，请再复印两份。,,zhè fèn cái liào ， qǐng zài fù yìn liǎng fèn 。
这份材料，请再复印两份。,Please make two more copies of this material.,复印,fùyìn,v.,copy; reproduce on a copying machine,zhè fèn cái liào ， qǐng zài fù yìn liǎng fèn 。
complicated; complex,复杂,fùzá,adj.,这个问题太复杂，我听不懂。,,zhè ge wèn tí tài fù zá ， wǒ tīng bù dǒng 。
这个问题太复杂，我听不懂。,This question is too complicated for me to understand.,复杂,fùzá,adj.,complicated; complex,zhè ge wèn tí tài fù zá ， wǒ tīng bù dǒng 。
rich,富,fù,adj.,人们的生活越来越富。,,rén men de shēng huó yuè lái yuè fù 。
人们的生活越来越富。,People's lives are getting richer.,富,fù,adj.,rich,rén men de shēng huó yuè lái yuè fù 。
change; vary,改变,gǎibiàn,v.,我已经改变了计划。,,wǒ yǐ jīng gǎi biàn le jì huà 。
我已经改变了计划。,I've changed my plans.,改变,gǎibiàn,v.,change; vary,wǒ yǐ jīng gǎi biàn le jì huà 。
change; variation,改变,gǎibiàn,n.,城市已经发生了很大的改变。,,chéng shì yǐ jīng fā shēng le hěn dà de gǎi biàn 。
城市已经发生了很大的改变。,Cities have changed a lot.,改变,gǎibiàn,n.,change; variation,chéng shì yǐ jīng fā shēng le hěn dà de gǎi biàn 。
cheers,干杯,gānbēi,v.,祝大家节日快乐，干杯！,,zhù dà jiā jié rì kuài lè ， gān bēi ！
祝大家节日快乐，干杯！,Happy Holidays and cheers!,干杯,gānbēi,v.,cheers,zhù dà jiā jié rì kuài lè ， gān bēi ！
catch; get,赶,gǎn,v.,快点儿，我们要赶不上火车了。,,kuài diǎn ér ， wǒ men yào gǎn bù shàng huǒ chē le 。
快点儿，我们要赶不上火车了。,"Come on, we're going to miss the train.",赶,gǎn,v.,catch; get,kuài diǎn ér ， wǒ men yào gǎn bù shàng huǒ chē le 。
dare to do,敢,gǎn,aux.,天太黑了，我不敢一个人出去。,,tiān tài hēi le ， wǒ bù gǎn yí gè rén chū qù 。
天太黑了，我不敢一个人出去。,"It was too dark, I didn't dare to go out alone.",敢,gǎn,aux.,dare to do,tiān tài hēi le ， wǒ bù gǎn yí gè rén chū qù 。
move or touch sb; feel moved; be touched,感动,gǎndòng,v.,这个电影我看了很感动。,,zhè ge diàn yǐng wǒ kàn le hěn gǎn dòng 。
这个电影我看了很感动。,I was very touched when I watched this movie.,感动,gǎndòng,v.,move or touch sb; feel moved; be touched,zhè ge diàn yǐng wǒ kàn le hěn gǎn dòng 。
feeling; impression; sensation,感觉,gǎnjué,n.,看了这本书，你有什么感觉？,,kàn le zhè běn shū ， nǐ yǒu shén me gǎn jué ？
看了这本书，你有什么感觉？,How do you feel after reading this book?,感觉,gǎnjué,n.,feeling; impression; sensation,kàn le zhè běn shū ， nǐ yǒu shén me gǎn jué ？
sense; perceive; feel; experience,感觉,gǎnjué,v.,我感觉今天有点儿冷。,,wǒ gǎn jué jīn tiān yǒu diǎn ér lěng 。
我感觉今天有点儿冷。,I feel a little cold today.,感觉,gǎnjué,v.,sense; perceive; feel; experience,wǒ gǎn jué jīn tiān yǒu diǎn ér lěng 。
feeling; emotion,感情,gǎnqíng,n.,他的表演感情非常丰富。,,tā de biǎo yǎn gǎn qíng fēi cháng fēng fù 。
他的表演感情非常丰富。,His performance was very emotional.,感情,gǎnqíng,n.,feeling; emotion,tā de biǎo yǎn gǎn qíng fēi cháng fēng fù 。
thank; be grateful; appreciate,感谢,gǎnxiè,v.,感谢您对我们的帮助。,,gǎn xiè nín duì wǒ men de bāng zhù 。
感谢您对我们的帮助。,Thank you for your help.,感谢,gǎnxiè,v.,thank; be grateful; appreciate,gǎn xiè nín duì wǒ men de bāng zhù 。
acknowledgement; appreciation,感谢,gǎnxiè,n.,请向他表示感谢。,,qǐng xiàng tā biǎo shì gǎn xiè 。
请向他表示感谢。,Please thank him.,感谢,gǎnxiè,n.,acknowledgement; appreciation,qǐng xiàng tā biǎo shì gǎn xiè 。
do; work,干,gàn,v.,暑假你想去干什么，去旅游怎么样？,,shǔ jià nǐ xiǎng qù gàn shén me ， qù lǚ yóu zěn me yàng ？
暑假你想去干什么，去旅游怎么样？,"What do you want to do in the summer vacation, how about going on a trip?",干,gàn,v.,do; work,shǔ jià nǐ xiǎng qù gàn shén me ， qù lǚ yóu zěn me yàng ？
advanced,高级,gāojí,adj.,这是一家很高级的饭店。,,zhè shì yī jiā hěn gāo jí de fàn diàn 。
这是一家很高级的饭店。,This is a high-class restaurant.,高级,gāojí,adj.,advanced,zhè shì yī jiā hěn gāo jí de fàn diàn 。
expressway,高速公路,gāosùgōnglù,n.,这里新修了一条高速公路。,,zhè lǐ xīn xiū le yī tiáo gāo sù gōng lù 。
这里新修了一条高速公路。,A new highway has been built here.,高速公路,gāosùgōnglù,n.,expressway,zhè lǐ xīn xiū le yī tiáo gāo sù gōng lù 。
every,各,gè,pron.,超市里有各种水果。,,chāo shì lǐ yǒu gè zhǒng shuǐ guǒ 。
超市里有各种水果。,There are all kinds of fruits in the supermarket.,各,gè,pron.,every,chāo shì lǐ yǒu gè zhǒng shuǐ guǒ 。
wage; pay; salary,工资,gōngzī,n.,他的新工作工资很高。,,tā de xīn gōng zuò gōng zī hěn gāo 。
他的新工作工资很高。,His new job was well paid.,工资,gōngzī,n.,wage; pay; salary,tā de xīn gōng zuò gōng zī hěn gāo 。
kilometer,公里,gōnglǐ,nm.,这两个城市之间的距离有 300公里。,,zhè liǎng gè chéng shì zhī jiān de jù lí yǒu  300 gōng lǐ 。
这两个城市之间的距离有 300公里。,The distance between the two cities is 300 km.,公里,gōnglǐ,nm.,kilometer,zhè liǎng gè chéng shì zhī jiān de jù lí yǒu  300 gōng lǐ 。
Kung Fu,功夫,gōngfu,n.,我最近在学习中国功夫。,,wǒ zuì jìn zài xué xí zhōng guó gōng fu 。
我最近在学习中国功夫。,I've been studying Chinese kung fu lately.,功夫,gōngfu,n.,Kung Fu,wǒ zuì jìn zài xué xí zhōng guó gōng fu 。
common,共同,gòngtóng,adj.,我和我妻子有共同的理想和生活目标。,,wǒ hé wǒ qī zǐ yǒu gòng tóng de lǐ xiǎng hé shēng huó mù biāo 。
我和我妻子有共同的理想和生活目标。,My wife and I share ideals and life goals.,共同,gòngtóng,adj.,common,wǒ hé wǒ qī zǐ yǒu gòng tóng de lǐ xiǎng hé shēng huó mù biāo 。
go shopping,购物,gòuwù,sv.,现在人们喜欢在网上购物。,,xiàn zài rén men xǐ huān zài wǎng shàng gòu wù 。
现在人们喜欢在网上购物。,Nowadays people like to shop online.,购物,gòuwù,sv.,go shopping,xiàn zài rén men xǐ huān zài wǎng shàng gòu wù 。
enough,够,gòu,adv.,今天~冷的。,,jīn tiān ~ lěng de 。
今天~冷的。,Today ~ it's cold.,够,gòu,adv.,enough,jīn tiān ~ lěng de 。
enough,够,gòu,v.,电脑五千元，你带的钱够吗？,,diàn nǎo wǔ qiān yuán ， nǐ dài de qián gòu ma ？
电脑五千元，你带的钱够吗？,"Computer 5,000 yuan, do you have enough money?",够,gòu,v.,enough,diàn nǎo wǔ qiān yuán ， nǐ dài de qián gòu ma ？
estimate; figure approximately,估计,gūjì,v.,我估计他们已经到了机场了。,,wǒ gū jì tā men yǐ jīng dào le jī chǎng le 。
我估计他们已经到了机场了。,I reckon they're already at the airport.,估计,gūjì,v.,estimate; figure approximately,wǒ gū jì tā men yǐ jīng dào le jī chǎng le 。
an estimate,估计,gūjì,n.,这只是我的估计，并不确定。,,zhè zhǐ shì wǒ de gū jì ， bìng bù què dìng 。
这只是我的估计，并不确定。,"This is just my estimate, I'm not sure.",估计,gūjì,n.,an estimate,zhè zhǐ shì wǒ de gū jì ， bìng bù què dìng 。
inspiration; encouragement,鼓励,gǔlì,n.,父母应该给孩子更多的鼓励。,,fù mǔ yīng gāi gěi hái zi gèng duō de gǔ lì 。
父母应该给孩子更多的鼓励。,Parents should give their children more encouragement.,鼓励,gǔlì,n.,inspiration; encouragement,fù mǔ yīng gāi gěi hái zi gèng duō de gǔ lì 。
encourage; work up; cheer on,鼓励,gǔlì,v.,老师鼓励我继续努力，不要放弃。,,lǎo shī gǔ lì wǒ jì xù nǔ lì ， bú yào fàng qì 。
老师鼓励我继续努力，不要放弃。,My teacher encouraged me to keep trying and not give up.,鼓励,gǔlì,v.,encourage; work up; cheer on,lǎo shī gǔ lì wǒ jì xù nǔ lì ， bú yào fàng qì 。
intentionally; deliberately; designedly,故意,gùyì,adv.,对不起，我不是故意的。,,duì bù qǐ ， wǒ bú shì gù yì de 。
对不起，我不是故意的。,"Sorry, I didn’t mean to.",故意,gùyì,adv.,intentionally; deliberately; designedly,duì bù qǐ ， wǒ bú shì gù yì de 。
customer,顾客,gùkè,n.,服务员热情地为顾客服务。,,fú wù yuán rè qíng dì wèi gù kè fú wù 。
服务员热情地为顾客服务。,The waiter enthusiastically serves the customer.,顾客,gùkè,n.,customer,fú wù yuán rè qíng dì wèi gù kè fú wù 。
suspend; hang,挂,guà,v.,我们把画儿挂在墙上吧。,,wǒ men bǎ huà ér guà zài qiáng shàng ba 。
我们把画儿挂在墙上吧。,Let's hang the painting on the wall.,挂,guà,v.,suspend; hang,wǒ men bǎ huà ér guà zài qiáng shàng ba 。
hang up,挂,guà,v.,请先别挂电话。,,qǐng xiān bié guà diàn huà 。
请先别挂电话。,Please don't hang up yet.,挂,guà,v.,hang up,qǐng xiān bié guà diàn huà 。
key point; key factor,关键,guānjiàn,n.,这不是问题的关键。,,zhè bú shì wèn tí de guān jiàn 。
这不是问题的关键。,That's not the point.,关键,guānjiàn,n.,key point; key factor,zhè bú shì wèn tí de guān jiàn 。
crucial; very important,关键,guānjiàn,adj.,文章最关键的部分是第三段。,,wén zhāng zuì guān jiàn de bù fèn shì dì sān duàn 。
文章最关键的部分是第三段。,The most critical part of the article is the third paragraph.,关键,guānjiàn,adj.,crucial; very important,wén zhāng zuì guān jiàn de bù fèn shì dì sān duàn 。
viewer; spectator; audience,观众,guānzhòng,n.,电视机前的观众朋友们，大家好。,,diàn shì jī qián de guān zhòng péng yǒu men ， dà jiā hǎo 。
电视机前的观众朋友们，大家好。,"Hello, viewers in front of the TV.",观众,guānzhòng,n.,viewer; spectator; audience,diàn shì jī qián de guān zhòng péng yǒu men ， dà jiā hǎo 。
be in charge of; manage,管理,guǎnlǐ,v.,现在是谁管理这座房子？,,xiàn zài shì shuí guǎn lǐ zhè zuò fáng zi ？
现在是谁管理这座房子？,Who manages the house now?,管理,guǎnlǐ,v.,be in charge of; manage,xiàn zài shì shuí guǎn lǐ zhè zuò fáng zi ？
management,管理,guǎnlǐ,n.,我不太懂管理，所以不适合做负责人。,,wǒ bù tài dǒng guǎn lǐ ， suǒ yǐ bú shì hé zuò fù zé rén 。
我不太懂管理，所以不适合做负责人。,"I do not know much about management, so I am not suitable to be in charge.",管理,guǎnlǐ,n.,management,wǒ bù tài dǒng guǎn lǐ ， suǒ yǐ bú shì hé zuò fù zé rén 。
light,光,guāng,n.,早上打开窗户，太阳光照了进来。,,zǎo shàng dǎ kāi chuāng hù ， tài yáng guāng zhào le jìn lái 。
早上打开窗户，太阳光照了进来。,The windows opened in the morning and the sun shone in.,光,guāng,n.,light,zǎo shàng dǎ kāi chuāng hù ， tài yáng guāng zhào le jìn lái 。
solely; only,光,guāng,adv.,学游泳光看是不行的，要练习。,,xué yóu yǒng guāng kàn shì bù xíng de ， yào liàn xí 。
学游泳光看是不行的，要练习。,"It is not possible to learn to swim just by looking, so practice.",光,guāng,adv.,solely; only,xué yóu yǒng guāng kàn shì bù xíng de ， yào liàn xí 。
used up; finished (used after a verb),光,guāng,adj.,我们把西瓜吃光了。,,wǒ men bǎ xī guā chī guāng le 。
我们把西瓜吃光了。,We ate all the watermelon.,光,guāng,adj.,used up; finished (used after a verb),wǒ men bǎ xī guā chī guāng le 。
broadcasting,广播,guǎngbō,n.,爷爷正在听广播。,,yé yé zhèng zài tīng guǎng bō 。
爷爷正在听广播。,Grandpa was listening to the radio.,广播,guǎngbō,n.,broadcasting,yé yé zhèng zài tīng guǎng bō 。
advertisement; commercial,广告,guǎnggào,n.,我在报纸上看到了你们的广告。,,wǒ zài bào zhǐ shàng kàn dào le nǐ men de guǎng gào 。
我在报纸上看到了你们的广告。,I saw your advertisement in the newspaper.,广告,guǎnggào,n.,advertisement; commercial,wǒ zài bào zhǐ shàng kàn dào le nǐ men de guǎng gào 。
stroll; roam,逛,guàng,v.,今天我陪妈妈去逛街了。,,jīn tiān wǒ péi mā mā qù guàng jiē le 。
今天我陪妈妈去逛街了。,I went shopping with my mother today.,逛,guàng,v.,stroll; roam,jīn tiān wǒ péi mā mā qù guàng jiē le 。
stipulate; order,规定,guīdìng,v.,公司规定，不能来上班要先请假。,,gōng sī guī dìng ， bù néng lái shàng bān yào xiān qǐng jià 。
公司规定，不能来上班要先请假。,The company stipulates that you must take leave before you can come to work.,规定,guīdìng,v.,stipulate; order,gōng sī guī dìng ， bù néng lái shàng bān yào xiān qǐng jià 。
rule; regulation; stipulation,规定,guīdìng,n.,请先阅读一下图书馆管理规定。,,qǐng xiān yuè dú yī xià tú shū guǎn guǎn lǐ guī dìng 。
请先阅读一下图书馆管理规定。,Please read the library management rules first.,规定,guīdìng,n.,rule; regulation; stipulation,qǐng xiān yuè dú yī xià tú shū guǎn guǎn lǐ guī dìng 。
nationality; citizenship,国籍,guójí,n.,请您在表格里填上国籍和姓名。,,qǐng nín zài biǎo gé lǐ tián shàng guó jí hé xìng míng 。
请您在表格里填上国籍和姓名。,Please fill in your nationality and name in the form.,国籍,guójí,n.,nationality; citizenship,qǐng nín zài biǎo gé lǐ tián shàng guó jí hé xìng míng 。
international,国际,guójì,adj.,请问国际航班的出口在哪儿？,,qǐng wèn guó jì háng bān de chū kǒu zài nǎ ér ？
请问国际航班的出口在哪儿？,Where is the exit for international flights?,国际,guójì,adj.,international,qǐng wèn guó jì háng bān de chū kǒu zài nǎ ér ？
juice,果汁,guǒzhī,n.,我更爱喝我自己做的果汁。,,wǒ gèng ài hē wǒ zì jǐ zuò de guǒ zhī 。
我更爱喝我自己做的果汁。,I prefer to drink my own juice.,果汁,guǒzhī,n.,juice,wǒ gèng ài hē wǒ zì jǐ zuò de guǒ zhī 。
process; course,过程,guòchéng,n.,在工作的过程中，我们可能会遇到很多问题。,,zài gōng zuò de guò chéng zhōng ， wǒ men kě néng huì yù dào hěn duō wèn tí 。
在工作的过程中，我们可能会遇到很多问题。,"In the course of our work, we may encounter many problems.",过程,guòchéng,n.,process; course,zài gōng zuò de guò chéng zhōng ， wǒ men kě néng huì yù dào hěn duō wèn tí 。
ocean,海洋,hǎiyáng,n.,孩子们被海洋馆深深地吸引了。,,hái zi men bèi hǎi yáng guǎn shēn shēn dì xī yǐn le 。
孩子们被海洋馆深深地吸引了。,The children were deeply attracted to the Aquarium.,海洋,hǎiyáng,n.,ocean,hái zi men bèi hǎi yáng guǎn shēn shēn dì xī yǐn le 。
shy,害羞,hàixiū,adj.,她很害羞，不太喜欢说话。,,tā hěn hài xiū ， bù tài xǐ huān shuō huà 。
她很害羞，不太喜欢说话。,She was shy and didn't like to talk.,害羞,hàixiū,adj.,shy,tā hěn hài xiū ， bù tài xǐ huān shuō huà 。
winter vacation,寒假,hánjià,n.,我们再过一星期就要放寒假了。,,wǒ men zài guò yī xīng qī jiù yào fàng hán jià le 。
我们再过一星期就要放寒假了。,We have a winter break in a week.,寒假,hánjià,n.,winter vacation,wǒ men zài guò yī xīng qī jiù yào fàng hán jià le 。
sweat,汗,hàn,n.,我一吃饭就出汗。,,wǒ yī chī fàn jiù chū hàn 。
我一吃饭就出汗。,I sweat as soon as I eat.,汗,hàn,n.,sweat,wǒ yī chī fàn jiù chū hàn 。
good point; advantage,好处,hǎochu,n.,运动对身体健康有好处。,,yùn dòng duì shēn tǐ jiàn kāng yǒu hǎo chù 。
运动对身体健康有好处。,Exercise is good for your health.,好处,hǎochu,n.,good point; advantage,yùn dòng duì shēn tǐ jiàn kāng yǒu hǎo chù 。
as if; seem; be like; look like,好像,hǎoxiàng,adv.,天阴了，好像要下雨了。,,tiān yīn le ， hǎo xiàng yào xià yǔ le 。
天阴了，好像要下雨了。,"It's getting dark, it looks like it's going to rain.",好像,hǎoxiàng,adv.,as if; seem; be like; look like,tiān yīn le ， hǎo xiàng yào xià yǔ le 。
number,号码,hàomǎ,n.,你还记得他的电话号码吗？,,nǐ hái jì de tā de diàn huà hào mǎ ma ？
你还记得他的电话号码吗？,Do you remember his phone number?,号码,hàomǎ,n.,number,nǐ hái jì de tā de diàn huà hào mǎ ma ？
qualified,合格,hégé,adj.,我是一名合格的律师。,,wǒ shì yī míng hé gé de lǜ shī 。
我是一名合格的律师。,I am a qualified lawyer.,合格,hégé,adj.,qualified,wǒ shì yī míng hé gé de lǜ shī 。
fit; suitable; appropriate,合适,héshì,adj.,这双鞋你穿很合适。,,zhè shuāng xié nǐ chuān hěn hé shì 。
这双鞋你穿很合适。,These shoes fit you perfectly.,合适,héshì,adj.,fit; suitable; appropriate,zhè shuāng xié nǐ chuān hěn hé shì 。
box,盒子,hézi,n.,盒子里装了些什么？,,hé zi lǐ zhuāng le xiē shén me ？
盒子里装了些什么？,What's in the box?,盒子,hézi,n.,box,hé zi lǐ zhuāng le xiē shén me ？
regret; repent,后悔,hòuhuǐ,v.,没去看演出，我很后悔。,,méi qù kàn yǎn chū ， wǒ hěn hòu huǐ 。
没去看演出，我很后悔。,I regret not going to the show.,后悔,hòuhuǐ,v.,regret; repent,méi qù kàn yǎn chū ， wǒ hěn hòu huǐ 。
thick,厚,hòu,adj.,这本书太厚了。,,zhè běn shū tài hòu le 。
这本书太厚了。,This book is too thick.,厚,hòu,adj.,thick,zhè běn shū tài hòu le 。
thickness,厚,hòu,n.,地上的雪有一米厚。,,dì shàng de xuě yǒu yī mǐ hòu 。
地上的雪有一米厚。,The snow on the ground is one meter thick.,厚,hòu,n.,thickness,dì shàng de xuě yǒu yī mǐ hòu 。
the Internet,互联网,hùliánwǎng,n.,互联网给人们的生活带来了很多方便。,,hù lián wǎng gěi rén men de shēng huó dài lái le hěn duō fāng biàn 。
互联网给人们的生活带来了很多方便。,The Internet brings a lot of convenience to people's lives.,互联网,hùliánwǎng,n.,the Internet,hù lián wǎng gěi rén men de shēng huó dài lái le hěn duō fāng biàn 。
each other; one another,互相,hùxiāng,adv.,我们是邻居，应该互相帮助。,,wǒ men shì lín jū ， yīng gāi hù xiāng bāng zhù 。
我们是邻居，应该互相帮助。,We are neighbors and should help each other.,互相,hùxiāng,adv.,each other; one another,wǒ men shì lín jū ， yīng gāi hù xiāng bāng zhù 。
nurse,护士,hùshi,n.,护士正在给病人打针。,,hù shì zhèng zài gěi bìng rén dǎ zhēn 。
护士正在给病人打针。,The nurse is injecting the patient.,护士,hùshi,n.,nurse,hù shì zhèng zài gěi bìng rén dǎ zhēn 。
doubt; suspect,怀疑,huáiyí,v.,我怀疑他忘了今天要开会。,,wǒ huái yí tā wàng le jīn tiān yào kāi huì 。
我怀疑他忘了今天要开会。,I suspect he forgot to have a meeting today.,怀疑,huáiyí,v.,doubt; suspect,wǒ huái yí tā wàng le jīn tiān yào kāi huì 。
recall,回忆,huíyì,v.,我们经常回忆起小时候的事情。,,wǒ men jīng cháng huí yì qǐ xiǎo shí hòu de shì qíng 。
我们经常回忆起小时候的事情。,We often recall things from our childhood.,回忆,huíyì,v.,recall,wǒ men jīng cháng huí yì qǐ xiǎo shí hòu de shì qíng 。
memory; recollection,回忆,huíyì,n.,大学生活给我们留下了美好的回忆。,,dà xué shēng huó gěi wǒ men liú xià le měi hǎo de huí yì 。
大学生活给我们留下了美好的回忆。,College life has left us with wonderful memories.,回忆,huíyì,n.,memory; recollection,dà xué shēng huó gěi wǒ men liú xià le měi hǎo de huí yì 。
take exercise,活动,huódòng,v.,我去公园里活动活动。,,wǒ qù gōng yuán lǐ huó dòng huó dòng 。
我去公园里活动活动。,I go to the park for activities.,活动,huódòng,v.,take exercise,wǒ qù gōng yuán lǐ huó dòng huó dòng 。
activity,活动,huódòng,n.,这次活动组织得很成功。,,zhè cì huó dòng zǔ zhī dé hěn chéng gōng 。
这次活动组织得很成功。,The event was a success.,活动,huódòng,n.,activity,zhè cì huó dòng zǔ zhī dé hěn chéng gōng 。
lively,活泼,huópō,adj.,妹妹是个活泼可爱的小女孩。,,mèi mèi shì gè huó pō kě ài de xiǎo nǚ hái 。
妹妹是个活泼可爱的小女孩。,My sister is a lively and cute little girl.,活泼,huópō,adj.,lively,mèi mèi shì gè huó pō kě ài de xiǎo nǚ hái 。
fire,火,huǒ,n.,森林着火了。,,sēn lín zháo huǒ le 。
森林着火了。,The forest is on fire.,火,huǒ,n.,fire,sēn lín zháo huǒ le 。
anger; irritation,火,huǒ,n.,请别发火。,,qǐng bié fā huǒ 。
请别发火。,Please don't get angry.,火,huǒ,n.,anger; irritation,qǐng bié fā huǒ 。
fashionable; popular; prosperous,火,huǒ,adj.,最近我们的生意很火。,,zuì jìn wǒ men de shēng yì hěn huǒ 。
最近我们的生意很火。,Our business has been hot lately.,火,huǒ,adj.,fashionable; popular; prosperous,zuì jìn wǒ men de shēng yì hěn huǒ 。
get; obtain,获得,huòdé,v.,祝贺你们获得了好成绩。,,zhù hè nǐ men huò dé le hǎo chéng jì 。
祝贺你们获得了好成绩。,Congratulations on your good work.,获得,huòdé,v.,get; obtain,zhù hè nǐ men huò dé le hǎo chéng jì 。
positive; vigorous,积极,jījí,adj.,我们要用积极的态度面对生活。,,wǒ men yào yòng jī jí de tài dù miàn duì shēng huó 。
我们要用积极的态度面对生活。,We need to approach life with a positive attitude.,积极,jījí,adj.,positive; vigorous,wǒ men yào yòng jī jí de tài dù miàn duì shēng huó 。
accumulate,积累,jīlěi,v.,他在工作中积累了丰富的经验。,,tā zài gōng zuò zhōng jī lěi le fēng fù de jīng yàn 。
他在工作中积累了丰富的经验。,He has accumulated a wealth of experience in his work.,积累,jīlěi,v.,accumulate,tā zài gōng zuò zhōng jī lěi le fēng fù de jīng yàn 。
accumulation,积累,jīlěi,n.,经过多年的积累，他的语言水平有了很大提高。,,jīng guò duō nián de jī lěi ， tā de yǔ yán shuǐ píng yǒu le hěn dà tí gāo 。
经过多年的积累，他的语言水平有了很大提高。,"After years of accumulation, his language level has greatly improved.",积累,jīlěi,n.,accumulation,jīng guò duō nián de jī lěi ， tā de yǔ yán shuǐ píng yǒu le hěn dà tí gāo 。
basis; foundation,基础,jīchǔ,n.,请在原来的基础上再改一改。,,qǐng zài yuán lái de jī chǔ shàng zài gǎi yī gǎi 。
请在原来的基础上再改一改。,Please try again from the original.,基础,jīchǔ,n.,basis; foundation,qǐng zài yuán lái de jī chǔ shàng zài gǎi yī gǎi 。
basic,基础,jīchǔ,adj.,我学习了一些基础的语法知识。,,wǒ xué xí le yī xiē jī chǔ de yǔ fǎ zhī shí 。
我学习了一些基础的语法知识。,I learned some basic grammar.,基础,jīchǔ,adj.,basic,wǒ xué xí le yī xiē jī chǔ de yǔ fǎ zhī shí 。
stir; excite; move,激动,jīdòng,adj.,看了这部电影，我很激动。,,kàn le zhè bù diàn yǐng ， wǒ hěn jī dòng 。
看了这部电影，我很激动。,I was thrilled to see the movie.,激动,jīdòng,adj.,stir; excite; move,kàn le zhè bù diàn yǐng ， wǒ hěn jī dòng 。
thrill; inspire,激动,jīdòng,v.,这个消息真是激动人心。,,zhè ge xiāo xī zhēn shì jī dòng rén xīn 。
这个消息真是激动人心。,This news is really exciting.,激动,jīdòng,v.,thrill; inspire,zhè ge xiāo xī zhēn shì jī dòng rén xīn 。
in time,及时,jíshí,adv.,谢谢你及时赶来帮助我。,,xiè xiè nǐ jí shí gǎn lái bāng zhù wǒ 。
谢谢你及时赶来帮助我。,Thank you for coming in time to help me.,及时,jíshí,adv.,in time,xiè xiè nǐ jí shí gǎn lái bāng zhù wǒ 。
just right; just enough,及时,jíshí,adj.,这场雨下得很及时。,,zhè chǎng yǔ xià dé hěn jí shí 。
这场雨下得很及时。,It was raining in time.,及时,jíshí,adj.,just right; just enough,zhè chǎng yǔ xià dé hěn jí shí 。
even if,即使,jíshǐ,conj.,即使遇到了困难也不要放弃。,,jí shǐ yù dào le kùn nán yě bú yào fàng qì 。
即使遇到了困难也不要放弃。,Don't give up even when you're in trouble.,即使,jíshǐ,conj.,even if,jí shǐ yù dào le kùn nán yě bú yào fàng qì 。
plan,计划,jìhuà,n.,这个计划很不错，你就按照它去做吧。,,zhè ge jì huà hěn bú cuò ， nǐ jiù àn zhào tā qù zuò ba 。
这个计划很不错，你就按照它去做吧。,"This plan is very good, you should do it accordingly.",计划,jìhuà,n.,plan,zhè ge jì huà hěn bú cuò ， nǐ jiù àn zhào tā qù zuò ba 。
plan to do sth,计划,jìhuà,v.,我们计划在五一节那天结婚。,,wǒ men jì huà zài wǔ yī jié nà tiān jié hūn 。
我们计划在五一节那天结婚。,We plan to get married on May Day.,计划,jìhuà,v.,plan to do sth,wǒ men jì huà zài wǔ yī jié nà tiān jié hūn 。
computer,计算机,jìsuànjī,n.,每个教室里都有一台计算机。,,měi gè jiào shì lǐ dōu yǒu yī tái jì suàn jī 。
每个教室里都有一台计算机。,There is a computer in every classroom.,计算机,jìsuànjī,n.,computer,měi gè jiào shì lǐ dōu yǒu yī tái jì suàn jī 。
reporter; journalist,记者,jìzhě,n.,一位记者报道了这个消息。,,yī wèi jì zhě bào dào le zhè ge xiāo xī 。
一位记者报道了这个消息。,A reporter reported the news.,记者,jìzhě,n.,reporter; journalist,yī wèi jì zhě bào dào le zhè ge xiāo xī 。
technology; technique,技术,jìshù,n.,这是一个复杂的技术问题。,,zhè shì yí gè fù zá de jì shù wèn tí 。
这是一个复杂的技术问题。,This is a complex technical issue.,技术,jìshù,n.,technology; technique,zhè shì yí gè fù zá de jì shù wèn tí 。
since,既然,jìrán,conj.,你既然答应了，就要把事情办好。,,nǐ jì rán dā yìng le ， jiù yào bǎ shì qíng bàn hǎo 。
你既然答应了，就要把事情办好。,"Since you said yes, you have to get things done.",既然,jìrán,conj.,since,nǐ jì rán dā yìng le ， jiù yào bǎ shì qíng bàn hǎo 。
continue; proceed; carry on; get on; keep on,继续,jìxù,adv.,请大家休息一会儿，十分钟后继续上课。,,qǐng dà jiā xiū xī yī huì er ， shí fēn zhōng hòu jì xù shàng kè 。
请大家休息一会儿，十分钟后继续上课。,[Translation error],继续,jìxù,adv.,continue; proceed; carry on; get on; keep on,qǐng dà jiā xiū xī yī huì er ， shí fēn zhōng hòu jì xù shàng kè 。
mail,寄,jì,v.,你的信已经寄到。,,nǐ de xìn yǐ jīng jì dào 。
你的信已经寄到。,Your letter has arrived.,寄,jì,v.,mail,nǐ de xìn yǐ jīng jì dào 。
work overtime,加班,jiābān,sv.,这个星期，我们几乎每天都加班。,,zhè ge xīng qī ， wǒ men jī hū měi tiān dōu jiā bān 。
这个星期，我们几乎每天都加班。,This week we are working overtime almost every day.,加班,jiābān,sv.,work overtime,zhè ge xīng qī ， wǒ men jī hū měi tiān dōu jiā bān 。
gas station,加油站,jiāyóuzhàn,n.,你家附近有加油站吗？,,nǐ jiā fù jìn yǒu jiā yóu zhàn ma ？
你家附近有加油站吗？,Is there a gas station near your home?,加油站,jiāyóuzhàn,n.,gas station,nǐ jiā fù jìn yǒu jiā yóu zhàn ma ？
furniture,家具,jiājù,n.,搬家后我们换了新家具。,,bān jiā hòu wǒ men huàn le xīn jiā jù 。
搬家后我们换了新家具。,We changed the furniture after moving.,家具,jiājù,n.,furniture,bān jiā hòu wǒ men huàn le xīn jiā jù 。
price,价格,jiàgé,n.,从去年开始，汽车的价格在降低。,,cóng qù nián kāi shǐ ， qì chē de jià gé zài jiàng dī 。
从去年开始，汽车的价格在降低。,The price of cars has been falling since last year.,价格,jiàgé,n.,price,cóng qù nián kāi shǐ ， qì chē de jià gé zài jiàng dī 。
fake; false,假,jiǎ,adj.,做人要诚实，不能说假话。,,zuò rén yào chéng shí ， bù néng shuō jiǎ huà 。
做人要诚实，不能说假话。,Be honest and do not tell lies.,假,jiǎ,adj.,fake; false,zuò rén yào chéng shí ， bù néng shuō jiǎ huà 。
insist on; persist in; keep up; stand on,坚持,jiānchí,v.,他一直坚持自己的看法。,,tā yì zhí jiān chí zì jǐ de kàn fǎ 。
他一直坚持自己的看法。,He always stuck to his point of view.,坚持,jiānchí,v.,insist on; persist in; keep up; stand on,tā yì zhí jiān chí zì jǐ de kàn fǎ 。
lose weight,减肥,jiǎnféi,sv.,我每天跑步减肥。,,wǒ měi tiān pǎo bù jiǎn féi 。
我每天跑步减肥。,I run to lose weight every day.,减肥,jiǎnféi,sv.,lose weight,wǒ měi tiān pǎo bù jiǎn féi 。
reduce; decrease; cut down; diminish,减少,jiǎnshǎo,v.,顾客减少了三分之一。,,gù kè jiǎn shǎo le sān fēn zhī yī 。
顾客减少了三分之一。,Customers decreased by a third.,减少,jiǎnshǎo,v.,reduce; decrease; cut down; diminish,gù kè jiǎn shǎo le sān fēn zhī yī 。
suggest; advise,建议,jiànyì,v.,我建议明天休息一天。,,wǒ jiàn yì míng tiān xiū xī yī tiān 。
我建议明天休息一天。,I suggest a day off tomorrow.,建议,jiànyì,v.,suggest; advise,wǒ jiàn yì míng tiān xiū xī yī tiān 。
suggestion; advice,建议,jiànyì,n.,他提出了很多有用的建议。,,tā tí chū le hěn duō yǒu yòng de jiàn yì 。
他提出了很多有用的建议。,He made a lot of useful suggestions.,建议,jiànyì,n.,suggestion; advice,tā tí chū le hěn duō yǒu yòng de jiàn yì 。
in the future; later,将来,jiānglái,n.,将来你打算做什么工作？,,jiāng lái nǐ dǎ suàn zuò shén me gōng zuò ？
将来你打算做什么工作？,What do you plan to do in the future?,将来,jiānglái,n.,in the future; later,jiāng lái nǐ dǎ suàn zuò shén me gōng zuò ？
prize; reward; award; bonus,奖金,jiǎngjīn,n.,我们年底发了一笔奖金。,,wǒ men nián dǐ fā le yī bǐ jiǎng jīn 。
我们年底发了一笔奖金。,We sent a bonus at the end of the year.,奖金,jiǎngjīn,n.,prize; reward; award; bonus,wǒ men nián dǐ fā le yī bǐ jiǎng jīn 。
lower; reduce; decrease,降低,jiàngdī,v.,秋天来了，温度开始降低了。,,qiū tiān lái le ， wēn dù kāi shǐ jiàng dī le 。
秋天来了，温度开始降低了。,Autumn is here and the temperature is starting to drop.,降低,jiàngdī,v.,lower; reduce; decrease,qiū tiān lái le ， wēn dù kāi shǐ jiàng dī le 。
give; hand over,交,jiāo,v.,我已经把材料交给经理了。,,wǒ yǐ jīng bǎ cái liào jiāo gěi jīng lǐ le 。
我已经把材料交给经理了。,I've given the materials to the manager.,交,jiāo,v.,give; hand over,wǒ yǐ jīng bǎ cái liào jiāo gěi jīng lǐ le 。
make friends,交,jiāo,v.,我交了很多中国朋友。,,wǒ jiāo le hěn duō zhōng guó péng yǒu 。
我交了很多中国朋友。,I have made a lot of Chinese friends.,交,jiāo,v.,make friends,wǒ jiāo le hěn duō zhōng guó péng yǒu 。
communicate,交流,jiāoliú,v.,语言是人和人之间交流的工具。,,yǔ yán shì rén hé rén zhī jiān jiāo liú de gōng jù 。
语言是人和人之间交流的工具。,Language is a tool for people to communicate with each other.,交流,jiāoliú,v.,communicate,yǔ yán shì rén hé rén zhī jiān jiāo liú de gōng jù 。
have an exchange with,交流,jiāoliú,v.,国家之间的文化交流越来越丰富。,,guó jiā zhī jiān de wén huà jiāo liú yuè lái yuè fēng fù 。
国家之间的文化交流越来越丰富。,Cultural exchanges between countries are getting richer and richer.,交流,jiāoliú,v.,have an exchange with,guó jiā zhī jiān de wén huà jiāo liú yuè lái yuè fēng fù 。
traffic,交通,jiāotōng,n.,常用的交通工具有汽车、火车、飞机等。,,cháng yòng de jiāo tōng gōng jù yǒu qì chē 、 huǒ chē 、 fēi jī děng 。
常用的交通工具有汽车、火车、飞机等。,"Common means of transportation are cars, trains, planes, etc.",交通,jiāotōng,n.,traffic,cháng yòng de jiāo tōng gōng jù yǒu qì chē 、 huǒ chē 、 fēi jī děng 。
suburbs; outskirts,郊区,jiāoqū,n.,我住在郊区，开车半个小时就能到市中心。,,wǒ zhù zài jiāo qū ， kāi chē bàn gè xiǎo shí jiù néng dào shì zhōng xīn 。
我住在郊区，开车半个小时就能到市中心。,"I live on the outskirts of town, half an hour's drive to the city center.",郊区,jiāoqū,n.,suburbs; outskirts,wǒ zhù zài jiāo qū ， kāi chē bàn gè xiǎo shí jiù néng dào shì zhōng xīn 。
proud,骄傲,jiāo’ào,adj.,获得了成功也不能太骄傲。,,huò dé le chéng gōng yě bù néng tài jiāo ào 。
获得了成功也不能太骄傲。,You can't be too proud of your success.,骄傲,jiāo’ào,adj.,proud,huò dé le chéng gōng yě bù néng tài jiāo ào 。
jiaozi; dumpling,饺子,jiǎozi,n.,中国人过春节要吃饺子。,,zhōng guó rén guò chūn jié yào chī jiǎo zi 。
中国人过春节要吃饺子。,Chinese people eat dumplings for the Spring Festival.,饺子,jiǎozi,n.,jiaozi; dumpling,zhōng guó rén guò chūn jié yào chī jiǎo zi 。
professor,教授,jiàoshòu,n.,他是一位大学教授。,,tā shì yī wèi dà xué jiào shòu 。
他是一位大学教授。,He is a university professor.,教授,jiàoshòu,n.,professor,tā shì yī wèi dà xué jiào shòu 。
education,教育,jiàoyù,n.,父母很重视孩子的教育。,,fù mǔ hěn zhòng shì hái zi de jiào yù 。
父母很重视孩子的教育。,Parents value their children's education.,教育,jiàoyù,n.,education,fù mǔ hěn zhòng shì hái zi de jiào yù 。
educate,教育,jiàoyù,v.,爸爸经常教育我要做一个诚实的人。,,bà bà jīng cháng jiào yù wǒ yào zuò yí gè chéng shí de rén 。
爸爸经常教育我要做一个诚实的人。,Dad always taught me to be honest.,教育,jiàoyù,v.,educate,bà bà jīng cháng jiào yù wǒ yào zuò yí gè chéng shí de rén 。
accept; take up,接受,jiēshòu,v.,你的意见我都接受。,,nǐ de yì jiàn wǒ dōu jiē shòu 。
你的意见我都接受。,I accept all your suggestions.,接受,jiēshòu,v.,accept; take up,nǐ de yì jiàn wǒ dōu jiē shòu 。
continue; go on,接着,jiēzhe,v.,他想了一会儿接着写。,,tā xiǎng le yī huì er jiē zhe xiě 。
他想了一会儿接着写。,He thought for a moment and then wrote.,接着,jiēzhe,v.,continue; go on,tā xiǎng le yī huì er jiē zhe xiě 。
section; period of class,节,jié,nm.,我们下午只有一节课。,,wǒ men xià wǔ zhǐ yǒu yī jié kè 。
我们下午只有一节课。,We only have one lesson in the afternoon.,节,jié,nm.,section; period of class,wǒ men xià wǔ zhǐ yǒu yī jié kè 。
economize; save; spare,节约,jiéyuē,v.,请节约用水。,,qǐng jié yuē yòng shuǐ 。
请节约用水。,Please conserve water.,节约,jiéyuē,v.,economize; save; spare,qǐng jié yuē yòng shuǐ 。
result,结果,jiéguǒ,n.,你看比赛了吗，结果怎么样？,,nǐ kàn bǐ sài le ma ， jié guǒ zěn me yàng ？
你看比赛了吗，结果怎么样？,Did you watch the match? What was the result?,结果,jiéguǒ,n.,result,nǐ kàn bǐ sài le ma ， jié guǒ zěn me yàng ？
explain; interpret; define,解释,jiěshì,v.,他把原因解释得很清楚。,,tā bǎ yuán yīn jiě shì dé hěn qīng chǔ 。
他把原因解释得很清楚。,He explained the reason very clearly.,解释,jiěshì,v.,explain; interpret; define,tā bǎ yuán yīn jiě shì dé hěn qīng chǔ 。
explanation; comment; construction; exposition,解释,jiěshì,n.,请允许我对这件事做个解释。,,qǐng yǔn xǔ wǒ duì zhè jiàn shì zuò gè jiě shì 。
请允许我对这件事做个解释。,Allow me to explain.,解释,jiěshì,n.,explanation; comment; construction; exposition,qǐng yǔn xǔ wǒ duì zhè jiàn shì zuò gè jiě shì 。
although; even though,尽管,jǐnguǎn,conj.,尽管我认识他很久了，但是并不了解。,,jǐn guǎn wǒ rèn shí tā hěn jiǔ le ， dàn shì bìng bù liǎo jiě 。
尽管我认识他很久了，但是并不了解。,"Although I've known him for a long time, I don't know him.",尽管,jǐnguǎn,conj.,although; even though,jǐn guǎn wǒ rèn shí tā hěn jiǔ le ， dàn shì bìng bù liǎo jiě 。
feel nervous,紧张,jǐnzhāng,adj.,第一次演出，他很紧张。,,dì yī cì yǎn chū ， tā hěn jǐn zhāng 。
第一次演出，他很紧张。,"For the first performance, he was nervous.",紧张,jǐnzhāng,adj.,feel nervous,dì yī cì yǎn chū ， tā hěn jǐn zhāng 。
execute; carry out,进行,jìnxíng,v.,比赛还在进行。,,bǐ sài hái zài jìn xíng 。
比赛还在进行。,The game is still going on.,进行,jìnxíng,v.,execute; carry out,bǐ sài hái zài jìn xíng 。
forbid; prohibit,禁止,jìnzhǐ,v.,公共场所禁止抽烟。,,gōng gòng chǎng suǒ jìn zhǐ chōu yān 。
公共场所禁止抽烟。,Smoking is not allowed in public places.,禁止,jìnzhǐ,v.,forbid; prohibit,gōng gòng chǎng suǒ jìn zhǐ chōu yān 。
Beijing Opera,京剧,jīngjù,n.,她是一位著名的京剧演员。,,tā shì yī wèi zhù míng de jīng jù yǎn yuán 。
她是一位著名的京剧演员。,She is a famous Peking Opera actress.,京剧,jīngjù,n.,Beijing Opera,tā shì yī wèi zhù míng de jīng jù yǎn yuán 。
economy,经济,jīngjì,n.,近些年来这个城市的经济发展很快快。,,jìn xiē nián lái zhè ge chéng shì de jīng jì fā zhǎn hěn kuài kuài 。
近些年来这个城市的经济发展很快快。,The city's economy has grown rapidly in recent years.,经济,jīngjì,n.,economy,jìn xiē nián lái zhè ge chéng shì de jīng jì fā zhǎn hěn kuài kuài 。
go through; experience; undergo,经历,jīnglì,v.,这段时间，我经历了很多事情。,,zhè duàn shí jiān ， wǒ jīng lì le hěn duō shì qíng 。
这段时间，我经历了很多事情。,I've been through a lot during this time.,经历,jīnglì,v.,go through; experience; undergo,zhè duàn shí jiān ， wǒ jīng lì le hěn duō shì qíng 。
one's past experiences,经历,jīnglì,n.,我的经历我都写在这本书里了。,,wǒ de jīng lì wǒ dōu xiě zài zhè běn shū lǐ le 。
我的经历我都写在这本书里了。,My experience is written in this book.,经历,jīnglì,n.,one's past experiences,wǒ de jīng lì wǒ dōu xiě zài zhè běn shū lǐ le 。
experience,经验,jīngyàn,n.,他在工作中积累了很多经验。,,tā zài gōng zuò zhōng jī lěi le hěn duō jīng yàn 。
他在工作中积累了很多经验。,He has accumulated a lot of experience in his work.,经验,jīngyàn,n.,experience,tā zài gōng zuò zhōng jī lěi le hěn duō jīng yàn 。
"(of a performance, match, etc.) brilliant, wonderful",精彩,jīngcǎi,adj.,你们的表演真精彩，大家都很喜欢。,,nǐ men de biǎo yǎn zhēn jīng cǎi ， dà jiā dōu hěn xǐ huān 。
你们的表演真精彩，大家都很喜欢。,Your performance was amazing and everyone loved it.,精彩,jīngcǎi,adj.,"(of a performance, match, etc.) brilliant, wonderful",nǐ men de biǎo yǎn zhēn jīng cǎi ， dà jiā dōu hěn xǐ huān 。
scenery; view,景色,jǐngsè,n.,日落的时候，海边的景色很美。,,rì luò de shí hòu ， hǎi biān de jǐng sè hěn měi 。
日落的时候，海边的景色很美。,The view by the sea is beautiful at sunset.,景色,jǐngsè,n.,scenery; view,rì luò de shí hòu ， hǎi biān de jǐng sè hěn měi 。
policeman; policewoman ; cop,警察,jǐngchá,n.,我从小就想成为一名警察。,,wǒ cóng xiǎo jiù xiǎng chéng wéi yī míng jǐng chá 。
我从小就想成为一名警察。,I've wanted to be a cop since I was a kid.,警察,jǐngchá,n.,policeman; policewoman ; cop,wǒ cóng xiǎo jiù xiǎng chéng wéi yī míng jǐng chá 。
compete; contend,竞争,jìngzhēng,v.,运动员们在赛场上激烈地竞争。,,yùn dòng yuán men zài sài chǎng shàng jī liè dì jìng zhēng 。
运动员们在赛场上激烈地竞争。,Athletes compete fiercely on the field.,竞争,jìngzhēng,v.,compete; contend,yùn dòng yuán men zài sài chǎng shàng jī liè dì jìng zhēng 。
unexpectedly,竟然,jìngrán,adv.,他们竟然只用了一周就完成了任务。,,tā men jìng rán zhǐ yòng le yī zhōu jiù wán chéng le rèn wù 。
他们竟然只用了一周就完成了任务。,It only took them a week to complete the task.,竟然,jìngrán,adv.,unexpectedly,tā men jìng rán zhǐ yòng le yī zhōu jiù wán chéng le rèn wù 。
mirror; glass,镜子,jìngzi,n.,对不起，我把镜子打破了。,,duì bù qǐ ， wǒ bǎ jìng zi dǎ pò le 。
对不起，我把镜子打破了。,"Sorry, I broke the mirror.",镜子,jìngzi,n.,mirror; glass,duì bù qǐ ， wǒ bǎ jìng zi dǎ pò le 。
on earth,究竟,jiūjìng,adv.,你究竟为什么哭呢？,,nǐ jiū jìng wèi shén me kū ne ？
你究竟为什么哭呢？,Why are you crying?,究竟,jiūjìng,adv.,on earth,nǐ jiū jìng wèi shén me kū ne ？
lift; hold up,举,jǔ,v.,大家还有问题吗？请举手。,,dà jiā hái yǒu wèn tí ma ？ qǐng jǔ shǒu 。
大家还有问题吗？请举手。,Any questions? Raise your hands.,举,jǔ,v.,lift; hold up,dà jiā hái yǒu wèn tí ma ？ qǐng jǔ shǒu 。
"hold (an exhibition, contest, etc.)",举办,jǔbàn,v.,这个活动由我们来举办。,,zhè ge huó dòng yóu wǒ men lái jǔ bàn 。
这个活动由我们来举办。,This event is hosted by us.,举办,jǔbàn,v.,"hold (an exhibition, contest, etc.)",zhè ge huó dòng yóu wǒ men lái jǔ bàn 。
perform; take place,举行,jǔxíng,v.,会议两点钟举行。,,huì yì liǎng diǎn zhōng jǔ xíng 。
会议两点钟举行。,The meeting took place at two o'clock.,举行,jǔxíng,v.,perform; take place,huì yì liǎng diǎn zhōng jǔ xíng 。
decline; reject,拒绝,jùjué,v.,他拒绝了大家的邀请。,,tā jù jué le dà jiā de yāo qǐng 。
他拒绝了大家的邀请。,He declined everyone's invitation.,拒绝,jùjué,v.,decline; reject,tā jù jué le dà jiā de yāo qǐng 。
be apart from; be at a distance from,距离,jùlí,v.,我家距离公司很远。,,wǒ jiā jù lí gōng sī hěn yuǎn 。
我家距离公司很远。,My house is far from the company.,距离,jùlí,v.,be apart from; be at a distance from,wǒ jiā jù lí gōng sī hěn yuǎn 。
meeting; get-together,聚会,jùhuì,n.,明天有个聚会，你想参加吗？,,míng tiān yǒu gè jù huì ， nǐ xiǎng cān jiā ma ？
明天有个聚会，你想参加吗？,"There's a party tomorrow, do you want to go?",聚会,jùhuì,n.,meeting; get-together,míng tiān yǒu gè jù huì ， nǐ xiǎng cān jiā ma ？
make a joke,开玩笑,kāi wánxiào,n.,你是在开玩笑吧？,,nǐ shì zài kāi wán xiào ba ？
你是在开玩笑吧？,You got to be kidding me.,开玩笑,kāi wánxiào,n.,make a joke,nǐ shì zài kāi wán xiào ba ？
happy; joyful; delighted,开心,kāixīn,adj.,妹妹开心地笑了。,,mèi mèi kāi xīn dì xiào le 。
妹妹开心地笑了。,My sister smiled happily.,开心,kāixīn,adj.,happy; joyful; delighted,mèi mèi kāi xīn dì xiào le 。
opinion,看法,kànfǎ,n.,请说说您对这件事儿的看法吧。,,qǐng shuō shuō nín duì zhè jiàn shì ér de kàn fǎ ba 。
请说说您对这件事儿的看法吧。,Tell us what you think of this.,看法,kànfǎ,n.,opinion,qǐng shuō shuō nín duì zhè jiàn shì ér de kàn fǎ ba 。
think; consider,考虑,kǎolǜ,v.,我会认真考虑一下这个问题。,,wǒ huì rèn zhēn kǎo lǜ yī xià zhè ge wèn tí 。
我会认真考虑一下这个问题。,I'll think about it.,考虑,kǎolǜ,v.,think; consider,wǒ huì rèn zhēn kǎo lǜ yī xià zhè ge wèn tí 。
science,科学,kēxué,n.,他在学校里学习了很多科学知识。,,tā zài xué xiào lǐ xué xí le hěn duō kē xué zhī shí 。
他在学校里学习了很多科学知识。,He learned a lot of science in school.,科学,kēxué,n.,science,tā zài xué xiào lǐ xué xí le hěn duō kē xué zhī shí 。
used for plants,棵,kē,nm.,这棵树又高又大。,,zhè kē shù yòu gāo yòu dà 。
这棵树又高又大。,This tree is tall and big.,棵,kē,nm.,used for plants,zhè kē shù yòu gāo yòu dà 。
cough,咳嗽,késou,v.,他感冒了，咳嗽得很厉害。,,tā gǎn mào le ， ké sòu dé hěn lì hài 。
他感冒了，咳嗽得很厉害。,He had a cold and was coughing badly.,咳嗽,késou,v.,cough,tā gǎn mào le ， ké sòu dé hěn lì hài 。
pitiful; pitiable; poor,可怜,kělián,adj.,这个小孩儿找不到家了，真可怜。,,zhè ge xiǎo hái ér zhǎo bú dào jiā le ， zhēn kě lián 。
这个小孩儿找不到家了，真可怜。,"This child can't find a home, what a pity.",可怜,kělián,adj.,pitiful; pitiable; poor,zhè ge xiǎo hái ér zhǎo bú dào jiā le ， zhēn kě lián 。
but; yet; however,可是,kěshì,conj.,虽然我很想去，可是实在没时间。,,suī rán wǒ hěn xiǎng qù ， kě shì shí zài méi shí jiān 。
虽然我很想去，可是实在没时间。,"Although I would love to go, I really don't have time.",可是,kěshì,conj.,but; yet; however,suī rán wǒ hěn xiǎng qù ， kě shì shí zài méi shí jiān 。
regrettable; unfortunate,可惜,kěxī,adj.,你不能来参加我们的聚会太可惜了。,,nǐ bù néng lái cān jiā wǒ men de jù huì tài kě xī le 。
你不能来参加我们的聚会太可惜了。,It's a shame you can't come to our party.,可惜,kěxī,adj.,regrettable; unfortunate,nǐ bù néng lái cān jiā wǒ men de jù huì tài kě xī le 。
living room,客厅,kètīng,n.,爸爸正在客厅看电视呢。,,bà bà zhèng zài kè tīng kàn diàn shì ne 。
爸爸正在客厅看电视呢。,Dad is watching TV in the living room.,客厅,kètīng,n.,living room,bà bà zhèng zài kè tīng kàn diàn shì ne 。
certainly; surely,肯定,kěndìng,adv.,我五点以前肯定会回来。,,wǒ wǔ diǎn yǐ qián kěn dìng huì huí lái 。
我五点以前肯定会回来。,I'll definitely be back by 5.,肯定,kěndìng,adv.,certainly; surely,wǒ wǔ diǎn yǐ qián kěn dìng huì huí lái 。
empty; vacant,空,kōng,adj.,盒子里是空的，什么都没有。,,hé zi lǐ shì kōng de ， shén me dōu méi yǒu 。
盒子里是空的，什么都没有。,"The box was empty, nothing.",空,kōng,adj.,empty; vacant,hé zi lǐ shì kōng de ， shén me dōu méi yǒu 。
air,空气,kōngqì,n.,公园里空气非常新鲜。,,gōng yuán lǐ kōng qì fēi cháng xīn xiān 。
公园里空气非常新鲜。,The air in the park is very fresh.,空气,kōngqì,n.,air,gōng yuán lǐ kōng qì fēi cháng xīn xiān 。
perhaps; probably; maybe,恐怕,kǒngpà,adv.,恐怕要下雨了，你带伞了吗？,,kǒng pà yào xià yǔ le ， nǐ dài sǎn le ma ？
恐怕要下雨了，你带伞了吗？,I'm afraid it's going to rain. Do you have an umbrella?,恐怕,kǒngpà,adv.,perhaps; probably; maybe,kǒng pà yào xià yǔ le ， nǐ dài sǎn le ma ？
bitter,苦,kǔ,adj.,药太苦了，我不想吃。,,yào tài kǔ le ， wǒ bù xiǎng chī 。
药太苦了，我不想吃。,"The medicine is too bitter, I don't want to take it.",苦,kǔ,adj.,bitter,yào tài kǔ le ， wǒ bù xiǎng chī 。
mineral water,矿泉水,kuàngquánshuǐ,n.,我买了两瓶矿泉水。,,wǒ mǎi le liǎng píng kuàng quán shuǐ 。
我买了两瓶矿泉水。,I bought two bottles of mineral water.,矿泉水,kuàngquánshuǐ,n.,mineral water,wǒ mǎi le liǎng píng kuàng quán shuǐ 。
feel sleepy,困,kùn,adj.,我困了，要去睡觉。,,wǒ kùn le ， yào qù shuì jiào 。
我困了，要去睡觉。,"I'm sleepy, I have to go to bed.",困,kùn,adj.,feel sleepy,wǒ kùn le ， yào qù shuì jiào 。
trouble; difficulty,困难,kùnnan,n.,工作中，我们遇到了很多困难。,,gōng zuò zhōng ， wǒ men yù dào le hěn duō kùn nán 。
工作中，我们遇到了很多困难。,We had a lot of difficulties at work.,困难,kùnnan,n.,trouble; difficulty,gōng zuò zhōng ， wǒ men yù dào le hěn duō kùn nán 。
difficult; hard; tough,困难,kùnnan,adj.,这个任务对我来说很困难。,,zhè ge rèn wù duì wǒ lái shuō hěn kùn nán 。
这个任务对我来说很困难。,This task is difficult for me.,困难,kùnnan,adj.,difficult; hard; tough,zhè ge rèn wù duì wǒ lái shuō hěn kùn nán 。
trash can,垃圾桶,lājītǒng,n.,街上有许多垃圾桶。,,jiē shàng yǒu xǔ duō lā jī tǒng 。
街上有许多垃圾桶。,There are many trash cans on the street.,垃圾桶,lājītǒng,n.,trash can,jiē shàng yǒu xǔ duō lā jī tǒng 。
pull,拉,lā,v.,妈妈拉着女儿的手。,,mā mā lā zhe nǚ ér de shǒu 。
妈妈拉着女儿的手。,The mother took her daughter's hand.,拉,lā,v.,pull,mā mā lā zhe nǚ ér de shǒu 。
(of taste) spicy; hot,辣,là,adj.,我不习惯吃太辣的菜。,,wǒ bù xí guàn chī tài là de cài 。
我不习惯吃太辣的菜。,I'm not used to eating too spicy food.,辣,là,adj.,(of taste) spicy; hot,wǒ bù xí guàn chī tài là de cài 。
haven’t enough time,来不及,láibují,adj.,我今天早上起晚了，来不及吃早饭了。,,wǒ jīn tiān zǎo shàng qǐ wǎn le ， lái bù jí chī zǎo fàn le 。
我今天早上起晚了，来不及吃早饭了。,"I woke up late this morning, too late for breakfast.",来不及,láibují,adj.,haven’t enough time,wǒ jīn tiān zǎo shàng qǐ wǎn le ， lái bù jí chī zǎo fàn le 。
have enough time,来得及,láidejí,adj.,电影九点半才开始，还来得及。,,diàn yǐng jiǔ diǎn bàn cái kāi shǐ ， hái lái de jí 。
电影九点半才开始，还来得及。,"The movie didn't start until 9:30, and there was still time.",来得及,láidejí,adj.,have enough time,diàn yǐng jiǔ diǎn bàn cái kāi shǐ ， hái lái de jí 。
come from,来自,láizì,v.,他来自一个美丽的海边城市。,,tā lái zì yí gè měi lì de hǎi biān chéng shì 。
他来自一个美丽的海边城市。,He comes from a beautiful seaside city.,来自,láizì,v.,come from,tā lái zì yí gè měi lì de hǎi biān chéng shì 。
lazy,懒,lǎn,adj.,我家的小猫很懒，一个下午都在睡觉。,,wǒ jiā de xiǎo māo hěn lǎn ， yí gè xià wǔ dōu zài shuì jiào 。
我家的小猫很懒，一个下午都在睡觉。,My kitten is lazy and sleeps all afternoon.,懒,lǎn,adj.,lazy,wǒ jiā de xiǎo māo hěn lǎn ， yí gè xià wǔ dōu zài shuì jiào 。
squander; waste,浪费,làngfèi,v.,这样做只是浪费时间。,,zhè yàng zuò zhǐ shì làng fèi shí jiān 。
这样做只是浪费时间。,This is just a waste of time.,浪费,làngfèi,v.,squander; waste,zhè yàng zuò zhǐ shì làng fèi shí jiān 。
romantic,浪漫,làngmàn,adj.,这本书讲了一个浪漫的爱情故事。,,zhè běn shū jiǎng le yí gè làng màn de ài qíng gù shì 。
这本书讲了一个浪漫的爱情故事。,The book tells a romantic love story.,浪漫,làngmàn,adj.,romantic,zhè běn shū jiǎng le yí gè làng màn de ài qíng gù shì 。
tiger,老虎,lǎohǔ,n.,每次去动物园，儿子最喜欢看的就是老虎。,,měi cì qù dòng wù yuán ， ér zi zuì xǐ huān kàn de jiù shì lǎo hǔ 。
每次去动物园，儿子最喜欢看的就是老虎。,"Every time I go to the zoo, my son's favorite thing to see is the tiger.",老虎,lǎohǔ,n.,tiger,měi cì qù dòng wù yuán ， ér zi zuì xǐ huān kàn de jiù shì lǎo hǔ 。
calm; cool; dispassionate,冷静,lěngjìng,adj.,你十分冷静地面对这个问题。,,nǐ shí fēn lěng jìng dì miàn duì zhè ge wèn tí 。
你十分冷静地面对这个问题。,You are very calmly confronted with this problem.,冷静,lěngjìng,adj.,calm; cool; dispassionate,nǐ shí fēn lěng jìng dì miàn duì zhè ge wèn tí 。
calm down,冷静,lěngjìng,v.,你别激动，先冷静一下。,,nǐ bié jī dòng ， xiān lěng jìng yī xià 。
你别激动，先冷静一下。,"Don't get excited, just calm down.",冷静,lěngjìng,v.,calm down,nǐ bié jī dòng ， xiān lěng jìng yī xià 。
divorce,离婚,líhūn,v.,我最近才知道他们离婚了。,,wǒ zuì jìn cái zhī dào tā men lí hūn le 。
我最近才知道他们离婚了。,I only recently learned that they were divorced.,离婚,líhūn,v.,divorce,wǒ zuì jìn cái zhī dào tā men lí hūn le 。
Sunday,礼拜天,lǐbàitiān,n.,这个礼拜天，你有空吗？,,zhè ge lǐ bài tiān ， nǐ yǒu kòng ma ？
这个礼拜天，你有空吗？,Are you free this Sunday?,礼拜天,lǐbàitiān,n.,Sunday,zhè ge lǐ bài tiān ， nǐ yǒu kòng ma ？
politeness; manners; ceremony; civility,礼貌,lǐmào,n.,这个小朋友很有礼貌。,,zhè ge xiǎo péng yǒu hěn yǒu lǐ mào 。
这个小朋友很有礼貌。,This little friend is very polite.,礼貌,lǐmào,n.,politeness; manners; ceremony; civility,zhè ge xiǎo péng yǒu hěn yǒu lǐ mào 。
get a haircut,理发,lǐfà,v.,你什么时候去理发？,,nǐ shén me shí hòu qù lǐ fà ？
你什么时候去理发？,When do you go for a haircut?,理发,lǐfà,v.,get a haircut,nǐ shén me shí hòu qù lǐ fà ？
understand; comprehend,理解,lǐjiě,v.,这个问题你能理解了吗？,,zhè ge wèn tí nǐ néng lǐ jiě le ma ？
这个问题你能理解了吗？,Do you understand the question?,理解,lǐjiě,v.,understand; comprehend,zhè ge wèn tí nǐ néng lǐ jiě le ma ？
ideal; perfection,理想,lǐxiǎng,n.,每个人都有自己的理想。,,měi gè rén dōu yǒu zì jǐ de lǐ xiǎng 。
每个人都有自己的理想。,Everyone has their own ideals.,理想,lǐxiǎng,n.,ideal; perfection,měi gè rén dōu yǒu zì jǐ de lǐ xiǎng 。
perfect; desirable,理想,lǐxiǎng,adj.,因为努力学习，他获得了理想的成绩。,,yīn wèi nǔ lì xué xí ， tā huò dé le lǐ xiǎng de chéng jì 。
因为努力学习，他获得了理想的成绩。,"Because he studied hard, he got the ideal grades.",理想,lǐxiǎng,adj.,perfect; desirable,yīn wèi nǔ lì xué xí ， tā huò dé le lǐ xiǎng de chéng jì 。
(physical) strength; might; force,力气,lìqi,n.,走了这么多路，我累得一点儿力气都没有了。,,zǒu le zhè me duō lù ， wǒ lèi dé yì diǎn ér lì qì dōu méi yǒu le 。
走了这么多路，我累得一点儿力气都没有了。,"After walking so many ways, I was too tired to have any strength at all.",力气,lìqi,n.,(physical) strength; might; force,zǒu le zhè me duō lù ， wǒ lèi dé yì diǎn ér lì qì dōu méi yǒu le 。
grave; serious; acute,厉害,lìhai,adj.,他病得很厉害，住院了。,,tā bìng dé hěn lì hài ， zhù yuàn le 。
他病得很厉害，住院了。,He was very ill and hospitalized.,厉害,lìhai,adj.,grave; serious; acute,tā bìng dé hěn lì hài ， zhù yuàn le 。
pair; couple,俩,liǎ,num.,我们俩是好朋友。,,wǒ men liǎ shì hǎo péng yǒu 。
我们俩是好朋友。,We're good friends.,俩,liǎ,num.,pair; couple,wǒ men liǎ shì hǎo péng yǒu 。
even (used for emphasis),连,lián,adv.,你怎么连我都忘了？,,nǐ zěn me lián wǒ dōu wàng le ？
你怎么连我都忘了？,Why have you forgotten about me?,连,lián,adv.,even (used for emphasis),nǐ zěn me lián wǒ dōu wàng le ？
be in succession,连,lián,v.,上课的时候，老师连着问了我好几个问题。,,shàng kè de shí hòu ， lǎo shī lián zhe wèn le wǒ hǎo jǐ gè wèn tí 。
上课的时候，老师连着问了我好几个问题。,"During the class, the teacher asked me several questions.",连,lián,v.,be in succession,shàng kè de shí hòu ， lǎo shī lián zhe wèn le wǒ hǎo jǐ gè wèn tí 。
communicate; establish contact,联系,liánxì,v.,有什么问题可以随时联系我。,,yǒu shén me wèn tí kě yǐ suí shí lián xì wǒ 。
有什么问题可以随时联系我。,Feel free to contact me if you have any questions.,联系,liánxì,v.,communicate; establish contact,yǒu shén me wèn tí kě yǐ suí shí lián xì wǒ 。
association; relationship,联系,liánxì,n.,你和大学同学还有联系吗？,,nǐ hé dà xué tóng xué hái yǒu lián xì ma ？
你和大学同学还有联系吗？,Are you still in touch with your college classmates?,联系,liánxì,n.,association; relationship,nǐ hé dà xué tóng xué hái yǒu lián xì ma ？
cool,凉快,liángkuai,adj.,秋天的天气很凉快。,,qiū tiān de tiān qì hěn liáng kuài 。
秋天的天气很凉快。,It is cool in autumn.,凉快,liángkuai,adj.,cool,qiū tiān de tiān qì hěn liáng kuài 。
change,零钱,língqián,n.,您可以帮我换一些零钱吗？,,nín kě yǐ bāng wǒ huàn yī xiē líng qián ma ？
您可以帮我换一些零钱吗？,Can you change some change for me?,零钱,língqián,n.,change,nín kě yǐ bāng wǒ huàn yī xiē líng qián ma ？
in addition,另外,lìngwài,adj.,我还要跟你谈另外一件事情。,,wǒ hái yào gēn nǐ tán lìng wài yī jiàn shì qíng 。
我还要跟你谈另外一件事情。,There's one more thing I want to talk to you about.,另外,lìngwài,adj.,in addition,wǒ hái yào gēn nǐ tán lìng wài yī jiàn shì qíng 。
stay,留,liú,v.,我留下等他，你先走吧。,,wǒ liú xià děng tā ， nǐ xiān zǒu ba 。
我留下等他，你先走吧。,"I'll stay and wait for him, you go first.",留,liú,v.,stay,wǒ liú xià děng tā ， nǐ xiān zǒu ba 。
fluent,流利,liúlì,adj.,你的汉语说得很流利。,,nǐ de hàn yǔ shuō dé hěn liú lì 。
你的汉语说得很流利。,You speak Chinese fluently.,流利,liúlì,adj.,fluent,nǐ de hàn yǔ shuō dé hěn liú lì 。
popular; fashionable,流行,liúxíng,adj.,很多年轻人都喜欢流行音乐。,,hěn duō nián qīng rén dōu xǐ huān liú xíng yīn yuè 。
很多年轻人都喜欢流行音乐。,A lot of young people love pop music.,流行,liúxíng,adj.,popular; fashionable,hěn duō nián qīng rén dōu xǐ huān liú xíng yīn yuè 。
travel,旅行,lǚxíng,v.,我们计划夏天去云南旅行。,,wǒ men jì huà xià tiān qù yún nán lǚ xíng 。
我们计划夏天去云南旅行。,We plan to travel to Yunnan in the summer.,旅行,lǚxíng,v.,travel,wǒ men jì huà xià tiān qù yún nán lǚ xíng 。
lawyer,律师,lǜshī,n.,我的妈妈是一名律师。,,wǒ de mā mā shì yī míng lǜ shī 。
我的妈妈是一名律师。,My mom is a lawyer.,律师,lǜshī,n.,lawyer,wǒ de mā mā shì yī míng lǜ shī 。
messy; disorderly; in confusion; confused,乱,luàn,adj.,房间里很乱，我们收拾一下吧。,,fáng jiān lǐ hěn luàn ， wǒ men shōu shí yī xià ba 。
房间里很乱，我们收拾一下吧。,"The room is very messy, let's clean it up.",乱,luàn,adj.,messy; disorderly; in confusion; confused,fáng jiān lǐ hěn luàn ， wǒ men shōu shí yī xià ba 。
troublesome,麻烦,máfan,adj.,这件事儿很麻烦，我们需要你的帮助。,,zhè jiàn shì ér hěn má fán ， wǒ men xū yào nǐ de bāng zhù 。
这件事儿很麻烦，我们需要你的帮助。,This is troublesome and we need your help.,麻烦,máfan,adj.,troublesome,zhè jiàn shì ér hěn má fán ， wǒ men xū yào nǐ de bāng zhù 。
bother,麻烦,máfan,v.,麻烦您帮我拿个杯子好吗？,,má fán nín bāng wǒ ná gè bēi zi hǎo ma ？
麻烦您帮我拿个杯子好吗？,"Could you get me a cup, please?",麻烦,máfan,v.,bother,má fán nín bāng wǒ ná gè bēi zi hǎo ma ？
bother; burden,麻烦,máfan,n.,真不好意思，给你带来这么多麻烦。,,zhēn bù hǎo yì sī ， gěi nǐ dài lái zhè me duō má fán 。
真不好意思，给你带来这么多麻烦。,I'm sorry for causing you so much trouble.,麻烦,máfan,n.,bother; burden,zhēn bù hǎo yì sī ， gěi nǐ dài lái zhè me duō má fán 。
careless; negligent,马虎,mǎhu,adj.,做事要认真，不能这么马虎。,,zuò shì yào rèn zhēn ， bù néng zhè me mǎ hǔ 。
做事要认真，不能这么马虎。,Be serious and don't be so sloppy.,马虎,mǎhu,adj.,careless; negligent,zuò shì yào rèn zhēn ， bù néng zhè me mǎ hǔ 。
filled; full of,满,mǎn,adj.,我的书包里装满了书。,,wǒ de shū bāo lǐ zhuāng mǎn le shū 。
我的书包里装满了书。,My bag was full of books.,满,mǎn,adj.,filled; full of,wǒ de shū bāo lǐ zhuāng mǎn le shū 。
hair; fur,毛,máo,n.,这只小狗的毛是白色的。,,zhè zhǐ xiǎo gǒu de máo shì bái sè de 。
这只小狗的毛是白色的。,The puppy's fur is white.,毛,máo,n.,hair; fur,zhè zhǐ xiǎo gǒu de máo shì bái sè de 。
tenth of one Yuan (monetary unit),毛,máo,nm.,地上有一毛钱。,,dì shàng yǒu yī máo qián 。
地上有一毛钱。,There was a dime on the ground.,毛,máo,nm.,tenth of one Yuan (monetary unit),dì shàng yǒu yī máo qián 。
towel,毛巾,máojīn,n.,热了吧，用毛巾擦擦汗吧。,,rè le ba ， yòng máo jīn cā cā hàn ba 。
热了吧，用毛巾擦擦汗吧。,Warm up and wipe your sweat with a towel.,毛巾,máojīn,n.,towel,rè le ba ， yòng máo jīn cā cā hàn ba 。
"bright; beautiful (used for sth abstract, such as life and wish)",美好,měihǎo,adj.,我觉得每天的生活都很美好。,,wǒ jué de měi tiān de shēng huó dōu hěn měi hǎo 。
我觉得每天的生活都很美好。,I think life is wonderful every day.,美好,měihǎo,adj.,"bright; beautiful (used for sth abstract, such as life and wish)",wǒ jué de měi tiān de shēng huó dōu hěn měi hǎo 。
beautiful,美丽,měilì,adj.,她真是一个美丽的女孩儿。,,tā zhēn shì yí gè měi lì de nǚ hái ér 。
她真是一个美丽的女孩儿。,She is such a beautiful girl.,美丽,měilì,adj.,beautiful,tā zhēn shì yí gè měi lì de nǚ hái ér 。
dream,梦,mèng,n.,这真是个有趣的梦！,,zhè zhēn shì gè yǒu qù de mèng ！
这真是个有趣的梦！,What an interesting dream!,梦,mèng,n.,dream,zhè zhēn shì gè yǒu qù de mèng ！
have a dream while sleeping,梦,mèng,v.,昨天晚上我梦到了妈妈。,,zuó tiān wǎn shàng wǒ mèng dào le mā mā 。
昨天晚上我梦到了妈妈。,Last night I dreamed about my mom.,梦,mèng,v.,have a dream while sleeping,zuó tiān wǎn shàng wǒ mèng dào le mā mā 。
get lost; lose one’s way,迷路,mílù,v.,他在森林里迷路了。,,tā zài sēn lín lǐ mí lù le 。
他在森林里迷路了。,He got lost in the forest.,迷路,mílù,v.,get lost; lose one’s way,tā zài sēn lín lǐ mí lù le 。
code; password,密码,mìmǎ,n.,我把信用卡的密码忘了。,,wǒ bǎ xìn yòng kǎ de mì mǎ wàng le 。
我把信用卡的密码忘了。,I forgot my credit card password.,密码,mìmǎ,n.,code; password,wǒ bǎ xìn yòng kǎ de mì mǎ wàng le 。
free,免费,miǎnfèi,adj.,在这家饭店吃饭，饮料免费。,,zài zhè jiā fàn diàn chī fàn ， yǐn liào miǎn fèi 。
在这家饭店吃饭，饮料免费。,Eat and drink at this restaurant for free.,免费,miǎnfèi,adj.,free,zài zhè jiā fàn diàn chī fàn ， yǐn liào miǎn fèi 。
second,秒,miǎo,n.,哥哥跑 100 米只用了 15秒。,,gē gē pǎo  100  mǐ zhǐ yòng le  15 miǎo 。
哥哥跑 100 米只用了 15秒。,It only took 15 seconds for my brother to run 100 meters.,秒,miǎo,n.,second,gē gē pǎo  100  mǐ zhǐ yòng le  15 miǎo 。
nation; race; nationality; ethnic group,民族,mínzú,n.,中国是个多民族的国家。,,zhōng guó shì gè duō mín zú de guó jiā 。
中国是个多民族的国家。,China is a multi-ethnic country.,民族,mínzú,n.,nation; race; nationality; ethnic group,zhōng guó shì gè duō mín zú de guó jiā 。
mother,母亲,mǔqīn,n.,我来介绍一下，这位是我的母亲。,,wǒ lái jiè shào yī xià ， zhè wèi shì wǒ de mǔ qīn 。
我来介绍一下，这位是我的母亲。,Let me introduce you to my mother.,母亲,mǔqīn,n.,mother,wǒ lái jiè shào yī xià ， zhè wèi shì wǒ de mǔ qīn 。
purpose; aim,目的,mùdì,n.,我不明白他这样做的目的。,,wǒ bù míng bái tā zhè yàng zuò de mù dì 。
我不明白他这样做的目的。,I don't understand why he's doing this.,目的,mùdì,n.,purpose; aim,wǒ bù míng bái tā zhè yàng zuò de mù dì 。
inner; inside,内,nèi,n.,包括张老师在内，教室里一共有 10 个人。,,bāo kuò zhāng lǎo shī zài nèi ， jiào shì lǐ yī gòng yǒu  10  gè rén 。
包括张老师在内，教室里一共有 10 个人。,"Including Teacher Zhang, there were 10 people in the classroom.",内,nèi,n.,inner; inside,bāo kuò zhāng lǎo shī zài nèi ， jiào shì lǐ yī gòng yǒu  10  gè rén 。
content; substance,内容,nèiróng,n.,这篇文章的内容非常精彩。,,zhè piān wén zhāng de nèi róng fēi cháng jīng cǎi 。
这篇文章的内容非常精彩。,The content of this article is fantastic.,内容,nèiróng,n.,content; substance,zhè piān wén zhāng de nèi róng fēi cháng jīng cǎi 。
patience,耐心,nàixīn,n.,教育孩子要有耐心。,,jiào yù hái zi yào yǒu nài xīn 。
教育孩子要有耐心。,Teach your child to be patient.,耐心,nàixīn,n.,patience,jiào yù hái zi yào yǒu nài xīn 。
used in a rhetorical question,难道,nándào,adv.,这些菜难道不好吃吗？,,zhè xiē cài nán dào bù hǎo chī ma ？
这些菜难道不好吃吗？,Aren't these dishes delicious?,难道,nándào,adv.,used in a rhetorical question,zhè xiē cài nán dào bù hǎo chī ma ？
feel unwell; feel ill; suffer pain,难受,nánshòu,adj.,我感冒了，身体很难受。,,wǒ gǎn mào le ， shēn tǐ hěn nán shòu 。
我感冒了，身体很难受。,I have a cold and I feel sick.,难受,nánshòu,adj.,feel unwell; feel ill; suffer pain,wǒ gǎn mào le ， shēn tǐ hěn nán shòu 。
ability; capacity; capability,能力,nénglì,n.,每个人都有自己的能力和特点。,,měi gè rén dōu yǒu zì jǐ de néng lì hé tè diǎn 。
每个人都有自己的能力和特点。,Everyone has their own abilities and characteristics.,能力,nénglì,n.,ability; capacity; capability,měi gè rén dōu yǒu zì jǐ de néng lì hé tè diǎn 。
age,年龄,niánlíng,n.,随便问别人的年龄是不礼貌的。,,suí biàn wèn bié rén de nián líng shì bù lǐ mào de 。
随便问别人的年龄是不礼貌的。,It is impolite to ask someone their age.,年龄,niánlíng,n.,age,suí biàn wèn bié rén de nián líng shì bù lǐ mào de 。
do; manage; handle,弄,nòng,v.,小狗把房间弄得很乱。,,xiǎo gǒu bǎ fáng jiān nòng dé hěn luàn 。
小狗把房间弄得很乱。,The puppy messed up the room.,弄,nòng,v.,do; manage; handle,xiǎo gǒu bǎ fáng jiān nòng dé hěn luàn 。
warm,暖和,nuǎnhuo,adj.,春天来了，天气变暖和了。,,chūn tiān lái le ， tiān qì biàn nuǎn huo le 。
春天来了，天气变暖和了。,Spring is here and the weather is getting warmer.,暖和,nuǎnhuo,adj.,warm,chūn tiān lái le ， tiān qì biàn nuǎn huo le 。
once in a while; occasionally,偶尔,ǒu’ěr,adv.,我偶尔会在学校见到她。,,wǒ ǒu ěr huì zài xué xiào jiàn dào tā 。
我偶尔会在学校见到她。,I saw her occasionally at school.,偶尔,ǒu’ěr,adv.,once in a while; occasionally,wǒ ǒu ěr huì zài xué xiào jiàn dào tā 。
line up,排队,páiduì,v.,请大家排队，不要挤。,,qǐng dà jiā pái duì ， bú yào jǐ 。
请大家排队，不要挤。,Please line up and don't crowd.,排队,páiduì,v.,line up,qǐng dà jiā pái duì ， bú yào jǐ 。
arrange; rank; put in order,排列,páiliè,v.,请把这些盒子按照从大到小的顺序排列。,,qǐng bǎ zhè xiē hé zi àn zhào cóng dà dào xiǎo de shùn xù pái liè 。
请把这些盒子按照从大到小的顺序排列。,Please arrange these boxes in order from largest to smallest.,排列,páiliè,v.,arrange; rank; put in order,qǐng bǎ zhè xiē hé zi àn zhào cóng dà dào xiǎo de shùn xù pái liè 。
volleyball,排球,páiqíu,n.,我加入了学校的排球队。,,wǒ jiā rù le xué xiào de pái qiú duì 。
我加入了学校的排球队。,I joined the school's volleyball team.,排球,páiqíu,n.,volleyball,wǒ jiā rù le xué xiào de pái qiú duì 。
decision; judgement; estimation,判断,pànduàn,n.,你的判断完全正确。,,nǐ de pàn duàn wán quán zhèng què 。
你的判断完全正确。,You're absolutely right.,判断,pànduàn,n.,decision; judgement; estimation,nǐ de pàn duàn wán quán zhèng què 。
accompany; keep one’s company,陪,péi,v.,在我伤心的时候，你总是陪在我身边。,,zài wǒ shāng xīn de shí hòu ， nǐ zǒng shì péi zài wǒ shēn biān 。
在我伤心的时候，你总是陪在我身边。,You're always there for me when I'm sad.,陪,péi,v.,accompany; keep one’s company,zài wǒ shāng xīn de shí hòu ， nǐ zǒng shì péi zài wǒ shēn biān 。
criticize,批评,pīpíng,v.,老师很少会批评我。,,lǎo shī hěn shǎo huì pī píng wǒ 。
老师很少会批评我。,Teachers rarely criticize me.,批评,pīpíng,v.,criticize,lǎo shī hěn shǎo huì pī píng wǒ 。
criticism; comment,批评,pīpíng,n.,他接受了别人对他的批评。,,tā jiē shòu le bié rén duì tā de pī píng 。
他接受了别人对他的批评。,He accepted criticism from others.,批评,pīpíng,n.,criticism; comment,tā jiē shòu le bié rén duì tā de pī píng 。
skin,皮肤,pífū,n.,妈妈很注意保护皮肤。,,mā mā hěn zhù yì bǎo hù pí fū 。
妈妈很注意保护皮肤。,Mom is very protective of her skin.,皮肤,pífū,n.,skin,mā mā hěn zhù yì bǎo hù pí fū 。
temper; disposition,脾气,píqi,n.,他脾气好，从来不发火。,,tā pí qì hǎo ， cóng lái bù fā huǒ 。
他脾气好，从来不发火。,He has a good temper and never gets angry.,脾气,píqi,n.,temper; disposition,tā pí qì hǎo ， cóng lái bù fā huǒ 。
"used for essays, articles, etc.",篇,piān,nm.,这篇报道是我写的。,,zhè piān bào dào shì wǒ xiě de 。
这篇报道是我写的。,I wrote this story.,篇,piān,nm.,"used for essays, articles, etc.",zhè piān bào dào shì wǒ xiě de 。
deceive; cheat,骗,piàn,v.,我没骗你，他真的来了。,,wǒ méi piàn nǐ ， tā zhēn de lái le 。
我没骗你，他真的来了。,"I didn't lie to you, he really came.",骗,piàn,v.,deceive; cheat,wǒ méi piàn nǐ ， tā zhēn de lái le 。
table tennis; ping-pong,乒乓球,pīngpāngqiú,n.,有谁想参加乒乓球比赛？,,yǒu shuí xiǎng cān jiā pīng pāng qiú bǐ sài ？
有谁想参加乒乓球比赛？,Who wants to play ping-pong?,乒乓球,pīngpāngqiú,n.,table tennis; ping-pong,yǒu shuí xiǎng cān jiā pīng pāng qiú bǐ sài ？
normally; usually,平时,píngshí,n.,她平时很少运动。,,tā píng shí hěn shǎo yùn dòng 。
她平时很少运动。,She rarely exercises.,平时,píngshí,n.,normally; usually,tā píng shí hěn shǎo yùn dòng 。
bottle,瓶子,píngzi,n.,瓶子里还有水吗？,,píng zi lǐ hái yǒu shuǐ ma ？
瓶子里还有水吗？,Is there any water in the bottle?,瓶子,píngzi,n.,bottle,píng zi lǐ hái yǒu shuǐ ma ？
broken; damaged,破,pò,adj.,这个袋子已经破了，请帮我换一个。,,zhè ge dài zi yǐ jīng pò le ， qǐng bāng wǒ huàn yí gè 。
这个袋子已经破了，请帮我换一个。,"This bag is broken, please change it for me.",破,pò,adj.,broken; damaged,zhè ge dài zi yǐ jīng pò le ， qǐng bāng wǒ huàn yí gè 。
grape,葡萄,pútao,n.,葡萄五元一斤。,,pú táo wǔ yuán yī jīn 。
葡萄五元一斤。,Five yuan a pound for grapes.,葡萄,pútao,n.,grape,pú táo wǔ yuán yī jīn 。
universal; general,普遍,pǔbiàn,adj.,这是大家普遍反映的一个问题。,,zhè shì dà jiā pǔ biàn fǎn yìng de yí gè wèn tí 。
这是大家普遍反映的一个问题。,This is an issue that is generally reflected.,普遍,pǔbiàn,adj.,universal; general,zhè shì dà jiā pǔ biàn fǎn yìng de yí gè wèn tí 。
secondly; next; then,其次,qícì,prep.,内容是最主要的，其次才是形式。,,nèi róng shì zuì zhǔ yào de ， qí cì cái shì xíng shì 。
内容是最主要的，其次才是形式。,"Content is the most important, followed by form.",其次,qícì,prep.,secondly; next; then,nèi róng shì zuì zhǔ yào de ， qí cì cái shì xíng shì 。
among; in; inside,其中,qízhōng,prep.,我买的水果很多，其中包括葡萄。,,wǒ mǎi de shuǐ guǒ hěn duō ， qí zhōng bāo kuò pú táo 。
我买的水果很多，其中包括葡萄。,"I buy a lot of fruits, including grapes.",其中,qízhōng,prep.,among; in; inside,wǒ mǎi de shuǐ guǒ hěn duō ， qí zhōng bāo kuò pú táo 。
used after a verb to indicate direction or trend,起来,qǐlái,v.,他的心情好起来了。,,tā de xīn qíng hǎo qǐ lái le 。
他的心情好起来了。,He was in a better mood.,起来,qǐlái,v.,used after a verb to indicate direction or trend,tā de xīn qíng hǎo qǐ lái le 。
climate,气候,qìhòu,n.,你能适应北方的气候吗？,,nǐ néng shì yìng běi fāng de qì hòu ma ？
你能适应北方的气候吗？,Can you adapt to the climate in the north?,气候,qìhòu,n.,climate,nǐ néng shì yìng běi fāng de qì hòu ma ？
however; anyhow; in any case; at any rate; at any price,千万,qiānwàn,adv.,你千万别忘了明天的会议。,,nǐ qiān wàn bié wàng le míng tiān de huì yì 。
你千万别忘了明天的会议。,Don't forget about tomorrow's meeting.,千万,qiānwàn,adv.,however; anyhow; in any case; at any rate; at any price,nǐ qiān wàn bié wàng le míng tiān de huì yì 。
visa,签证,qiānzhèng,n.,我需要到大使馆去办签证。,,wǒ xū yào dào dà shǐ guǎn qù bàn qiān zhèng 。
我需要到大使馆去办签证。,I need to go to the embassy to get a visa.,签证,qiānzhèng,n.,visa,wǒ xū yào dào dà shǐ guǎn qù bàn qiān zhèng 。
knock; beat; strike,敲,qiāo,v.,有人敲门，你去看看谁来了。,,yǒu rén qiāo mén ， nǐ qù kàn kàn shuí lái le 。
有人敲门，你去看看谁来了。,"Someone is knocking at the door, go and see who is coming.",敲,qiāo,v.,knock; beat; strike,yǒu rén qiāo mén ， nǐ qù kàn kàn shuí lái le 。
bridge,桥,qiáo,n.,河上有一座小桥。,,hé shàng yǒu yī zuò xiǎo qiáo 。
河上有一座小桥。,There is a small bridge over the river.,桥,qiáo,n.,bridge,hé shàng yǒu yī zuò xiǎo qiáo 。
chocolate,巧克力,qiǎokèlì,n.,我最爱吃巧克力了。,,wǒ zuì ài chī qiǎo kè lì le 。
我最爱吃巧克力了。,I love chocolate.,巧克力,qiǎokèlì,n.,chocolate,wǒ zuì ài chī qiǎo kè lì le 。
kinsfolk; relative; relation,亲戚,qīnqi,n.,我的亲戚大多住在北京。,,wǒ de qīn qī dà duō zhù zài běi jīng 。
我的亲戚大多住在北京。,Most of my relatives live in Beijing.,亲戚,qīnqi,n.,kinsfolk; relative; relation,wǒ de qīn qī dà duō zhù zài běi jīng 。
light,轻,qīng,adj.,这件衣服很轻，但是很暖和。,,zhè jiàn yī fú hěn qīng ， dàn shì hěn nuǎn huo 。
这件衣服很轻，但是很暖和。,This dress is light but warm.,轻,qīng,adj.,light,zhè jiàn yī fú hěn qīng ， dàn shì hěn nuǎn huo 。
light; relaxed,轻松,qīngsōng,adj.,这个工作对他来说并不轻松。,,zhè ge gōng zuò duì tā lái shuō bìng bù qīng sōng 。
这个工作对他来说并不轻松。,The job wasn't easy for him.,轻松,qīngsōng,adj.,light; relaxed,zhè ge gōng zuò duì tā lái shuō bìng bù qīng sōng 。
relax,轻松,qīngsōng,v.,放假了，我们可以去轻松一下了。,,fàng jià le ， wǒ men kě yǐ qù qīng sōng yī xià le 。
放假了，我们可以去轻松一下了。,"It's vacation time, we can go relax.",轻松,qīngsōng,v.,relax,fàng jià le ， wǒ men kě yǐ qù qīng sōng yī xià le 。
circumstance; situation; condition; state of affair,情况,qíngkuàng,n.,她最了解公司的情况了。,,tā zuì liǎo jiě gōng sī de qíng kuàng le 。
她最了解公司的情况了。,She knows the company best.,情况,qíngkuàng,n.,circumstance; situation; condition; state of affair,tā zuì liǎo jiě gōng sī de qíng kuàng le 。
ask for leave,请假,qǐngjià,sv.,我生病了，所以需要请假。,,wǒ shēng bìng le ， suǒ yǐ xū yào qǐng jià 。
我生病了，所以需要请假。,"I am sick, so I need to take a leave of absence.",请假,qǐngjià,sv.,ask for leave,wǒ shēng bìng le ， suǒ yǐ xū yào qǐng jià 。
poor; poverty-stricken,穷,qióng,adj.,这位老人虽然很穷，但是生活得很快乐。,,zhè wèi lǎo rén suī rán hěn qióng ， dàn shì shēng huó dé hěn kuài lè 。
这位老人虽然很穷，但是生活得很快乐。,"The old man was poor, but he lived happily.",穷,qióng,adj.,poor; poverty-stricken,zhè wèi lǎo rén suī rán hěn qióng ， dàn shì shēng huó dé hěn kuài lè 。
difference,区别,qūbié,n.,这两种材料有什么区别吗？,,zhè liǎng zhǒng cái liào yǒu shén me qū bié ma ？
这两种材料有什么区别吗？,What is the difference between the two materials?,区别,qūbié,n.,difference,zhè liǎng zhǒng cái liào yǒu shén me qū bié ma ？
take; get,取,qǔ,v.,今天下午我要去银行取钱。,,jīn tiān xià wǔ wǒ yào qù yín háng qǔ qián 。
今天下午我要去银行取钱。,I'm going to the bank this afternoon to pick up the money.,取,qǔ,v.,take; get,jīn tiān xià wǔ wǒ yào qù yín háng qǔ qián 。
whole; all,全部,quánbù,n.,音乐就是我的全部。,,yīn yuè jiù shì wǒ de quán bù 。
音乐就是我的全部。,Music is all I have.,全部,quánbù,n.,whole; all,yīn yuè jiù shì wǒ de quán bù 。
whole; complete; total; all,全部,quánbù,adj.,同学们全部都来了。,,tóng xué men quán bù dōu lái le 。
同学们全部都来了。,All the students came.,全部,quánbù,adj.,whole; complete; total; all,tóng xué men quán bù dōu lái le 。
defect; drawback; flaw; fault; shortcoming,缺点,quēdiǎn,n.,每个人身上都有优点和缺点。,,měi gè rén shēn shàng dōu yǒu yōu diǎn hé quē diǎn 。
每个人身上都有优点和缺点。,Everyone has strengths and weaknesses.,缺点,quēdiǎn,n.,defect; drawback; flaw; fault; shortcoming,měi gè rén shēn shàng dōu yǒu yōu diǎn hé quē diǎn 。
lack; be short of; be pressed for; be in want of,缺少,quēshǎo,v.,你看还缺少什么，我现在就去买。,,nǐ kàn hái quē shǎo shén me ， wǒ xiàn zài jiù qù mǎi 。
你看还缺少什么，我现在就去买。,"You see what's missing, I'll go buy it now.",缺少,quēshǎo,v.,lack; be short of; be pressed for; be in want of,nǐ kàn hái quē shǎo shén me ， wǒ xiàn zài jiù qù mǎi 。
but; yet; however; while,却,què,conj.,我有很多话要说，可是一紧张却说不出来了。,,wǒ yǒu hěn duō huà yào shuō ， kě shì yī jǐn zhāng què shuō bù chū lái le 。
我有很多话要说，可是一紧张却说不出来了。,"I have a lot to say, but I can't say it when I'm nervous.",却,què,conj.,but; yet; however; while,wǒ yǒu hěn duō huà yào shuō ， kě shì yī jǐn zhāng què shuō bù chū lái le 。
really; indeed,确实,quèshí,adv.,你最近确实很有进步。,,nǐ zuì jìn què shí hěn yǒu jìn bù 。
你最近确实很有进步。,You've really improved lately.,确实,quèshí,adv.,really; indeed,nǐ zuì jìn què shí hěn yǒu jìn bù 。
yet; but; however; nevertheless,然而,rán’ér,conj.,我花了很多时间来读这本书，然而一直没有读 懂。,,wǒ huā le hěn duō shí jiān lái dú zhè běn shū ， rán ér yì zhí méi yǒu dú   dǒng 。
我花了很多时间来读这本书，然而一直没有读 懂。,I spent a lot of time reading this book and never did. Got it.,然而,rán’ér,conj.,yet; but; however; nevertheless,wǒ huā le hěn duō shí jiān lái dú zhè běn shū ， rán ér yì zhí méi yǒu dú   dǒng 。
lively; bustling with noise and excitement,热闹,rènao,adj.,大街上非常热闹。,,dà jiē shàng fēi cháng rè nào 。
大街上非常热闹。,The street is very lively.,热闹,rènao,adj.,lively; bustling with noise and excitement,dà jiē shàng fēi cháng rè nào 。
any; whichever; whatever,任何,rènhé,pron.,妈妈比任何人都了解我。,,mā mā bǐ rèn hé rén dōu liǎo jiě wǒ 。
妈妈比任何人都了解我。,Mom knows me better than anyone.,任何,rènhé,pron.,any; whichever; whatever,mā mā bǐ rèn hé rén dōu liǎo jiě wǒ 。
assignment; mission; task; job; duty,任务,rènwu,n.,他很快就能完成这个任务。,,tā hěn kuài jiù néng wán chéng zhè ge rèn wù 。
他很快就能完成这个任务。,He will soon be able to complete this task.,任务,rènwu,n.,assignment; mission; task; job; duty,tā hěn kuài jiù néng wán chéng zhè ge rèn wù 。
throw away; cast aside,扔,rēng,v.,请把垃圾扔到垃圾桶里。,,qǐng bǎ lā jī rēng dào lā jī tǒng lǐ 。
请把垃圾扔到垃圾桶里。,Please throw your trash in the bin.,扔,rēng,v.,throw away; cast aside,qǐng bǎ lā jī rēng dào lā jī tǒng lǐ 。
still; yet,仍然,réngrán,adv.,今天仍然是个好天气。,,jīn tiān réng rán shì gè hǎo tiān qì 。
今天仍然是个好天气。,It's still a nice day.,仍然,réngrán,adv.,still; yet,jīn tiān réng rán shì gè hǎo tiān qì 。
diary; journal,日记,rìjì,n.,女儿养成了每天写日记的习惯。,,nǚ ér yǎng chéng le měi tiān xiě rì jì de xí guàn 。
女儿养成了每天写日记的习惯。,My daughter has developed a habit of keeping a diary every day.,日记,rìjì,n.,diary; journal,nǚ ér yǎng chéng le měi tiān xiě rì jì de xí guàn 。
entrance; entry,入口,rùkǒu,n.,我在大楼的入口等你。,,wǒ zài dà lóu de rù kǒu děng nǐ 。
我在大楼的入口等你。,I'll wait for you at the entrance of the building.,入口,rùkǒu,n.,entrance; entry,wǒ zài dà lóu de rù kǒu děng nǐ 。
take a walk; go for a walk,散步,sànbù,sv.,晚饭后，我们经常出去散步。,,wǎn fàn hòu ， wǒ men jīng cháng chū qù sàn bù 。
晚饭后，我们经常出去散步。,We often go for a walk after dinner.,散步,sànbù,sv.,take a walk; go for a walk,wǎn fàn hòu ， wǒ men jīng cháng chū qù sàn bù 。
forest,森林,sēnlín,n.,ft 上有一大片森林。,,ft  shàng yǒu yī dà piàn sēn lín 。
ft 上有一大片森林。,there is a large forest on the ft.,森林,sēnlín,n.,forest,ft  shàng yǒu yī dà piàn sēn lín 。
sofa; upholstered arm chair,沙发,shāfā,n.,请在沙发上坐一会儿，我去给您倒杯茶。,,qǐng zài shā fā shàng zuò yī huì er ， wǒ qù gěi nín dào bēi chá 。
请在沙发上坐一会儿，我去给您倒杯茶。,Please sit on the sofa for a while while while I pour you a cup of tea.,沙发,shāfā,n.,sofa; upholstered arm chair,qǐng zài shā fā shàng zuò yī huì er ， wǒ qù gěi nín dào bēi chá 。
sad; grieved; heart-broken; broken-hearted,伤心,shāngxīn,adj.,听到这个消息后，我很伤心。,,tīng dào zhè ge xiāo xī hòu ， wǒ hěn shāng xīn 。
听到这个消息后，我很伤心。,I was heartbroken when I heard the news.,伤心,shāngxīn,adj.,sad; grieved; heart-broken; broken-hearted,tīng dào zhè ge xiāo xī hòu ， wǒ hěn shāng xīn 。
consult; discuss; talk over,商量,shāngliang,v.,这件事儿要先和家人商量一下。,,zhè jiàn shì ér yào xiān hé jiā rén shāng liáng yī xià 。
这件事儿要先和家人商量一下。,Discuss this matter with your family first.,商量,shāngliang,v.,consult; discuss; talk over,zhè jiàn shì ér yào xiān hé jiā rén shāng liáng yī xià 。
a little; bit; slightly,稍微,shāowēi,adv.,稍微一马虎就会出错。,,shāo wēi yī mǎ hǔ jiù huì chū cuò 。
稍微一马虎就会出错。,Slightly sloppy will make mistakes.,稍微,shāowēi,adv.,a little; bit; slightly,shāo wēi yī mǎ hǔ jiù huì chū cuò 。
spoon; scoop; ladle,勺子,sháozi,n.,不好意思，我把勺子掉在地上了。,,bù hǎo yì sī ， wǒ bǎ sháo zi diào zài dì shàng le 。
不好意思，我把勺子掉在地上了。,"Sorry, I dropped the spoon on the floor.",勺子,sháozi,n.,spoon; scoop; ladle,bù hǎo yì sī ， wǒ bǎ sháo zi diào zài dì shàng le 。
society,社会,shèhuì,n.,这些社会问题大家都很关心。,,zhè xiē shè huì wèn tí dà jiā dōu hěn guān xīn 。
这些社会问题大家都很关心。,These social issues are of great concern to everyone.,社会,shèhuì,n.,society,zhè xiē shè huì wèn tí dà jiā dōu hěn guān xīn 。
apply for; ask for; make an official request,申请,shēnqǐng,v.,我向银行申请了一张信用卡。,,wǒ xiàng yín háng shēn qǐng le yī zhāng xìn yòng kǎ 。
我向银行申请了一张信用卡。,I applied for a credit card from my bank.,申请,shēnqǐng,v.,apply for; ask for; make an official request,wǒ xiàng yín háng shēn qǐng le yī zhāng xìn yòng kǎ 。
deep,深,shēn,adj.,这条河很深，有一百多米。,,zhè tiáo hé hěn shēn ， yǒu yì bǎi duō mǐ 。
这条河很深，有一百多米。,"The river is very deep, more than 100 meters.",深,shēn,adj.,deep,zhè tiáo hé hěn shēn ， yǒu yì bǎi duō mǐ 。
even; so far as to; so much so that,甚至,shènzhì,adv.,大家玩儿得很开心，甚至忘了时间。,,dà jiā wán ér dé hěn kāi xīn ， shèn zhì wàng le shí jiān 。
大家玩儿得很开心，甚至忘了时间。,Everyone had a great time and even forgot the time.,甚至,shènzhì,adv.,even; so far as to; so much so that,dà jiā wán ér dé hěn kāi xīn ， shèn zhì wàng le shí jiān 。
life; livelihood,生活,shēnghuó,n.,他是一个热爱生活的人。,,tā shì yí gè rè ài shēng huó de rén 。
他是一个热爱生活的人。,He is a lover of life.,生活,shēnghuó,n.,life; livelihood,tā shì yí gè rè ài shēng huó de rén 。
life,生命,shēngmìng,n.,他把艺术看得比自己的生命更重要。,,tā bǎ yì shù kàn dé bǐ zì jǐ de shēng mìng gèng zhòng yào 。
他把艺术看得比自己的生命更重要。,He valued art more than his own life.,生命,shēngmìng,n.,life,tā bǎ yì shù kàn dé bǐ zì jǐ de shēng mìng gèng zhòng yào 。
business; trade,生意,shēngyi,n.,他的生意越做越大。,,tā de shēng yì yuè zuò yuè dà 。
他的生意越做越大。,His business is getting bigger.,生意,shēngyi,n.,business; trade,tā de shēng yì yuè zuò yuè dà 。
province,省,shěng,n.,我来自 ft 东省。,,wǒ lái zì  ft  dōng shěng 。
我来自 ft 东省。,I am from ft eastern province.,省,shěng,n.,province,wǒ lái zì  ft  dōng shěng 。
be left over; remain,剩,shèng,v.,大家都走了，只剩下他一个人。,,dà jiā dōu zǒu le ， zhǐ shèng xià tā yí gè rén 。
大家都走了，只剩下他一个人。,"Everyone left, leaving him alone.",剩,shèng,v.,be left over; remain,dà jiā dōu zǒu le ， zhǐ shèng xià tā yí gè rén 。
be defeated; be beaten; lose; fail; come to nothing,失败,shībài,v.,这次比赛，我们又失败了。,,zhè cì bǐ sài ， wǒ men yòu shī bài le 。
这次比赛，我们又失败了。,"This time, we failed again.",失败,shībài,v.,be defeated; be beaten; lose; fail; come to nothing,zhè cì bǐ sài ， wǒ men yòu shī bài le 。
failure; loss; miss; defeat; breakdown,失败,shībài,n.,虽然经历过很多次失败，但我从来没有放弃 过。,,suī rán jīng lì guò hěn duō cì shī bài ， dàn wǒ cóng lái méi yǒu fàng qì   guò 。
虽然经历过很多次失败，但我从来没有放弃 过。,"Despite many failures, I never gave up Over.",失败,shībài,n.,failure; loss; miss; defeat; breakdown,suī rán jīng lì guò hěn duō cì shī bài ， dàn wǒ cóng lái méi yǒu fàng qì   guò 。
lose hope,失望,shīwàng,v.,大家不要失望，我们还是有希望的。,,dà jiā bú yào shī wàng ， wǒ men hái shì yǒu xī wàng de 。
大家不要失望，我们还是有希望的。,"Don't be disappointed, we still have hope.",失望,shīwàng,v.,lose hope,dà jiā bú yào shī wàng ， wǒ men hái shì yǒu xī wàng de 。
disappointed; frustrated,失望,shīwàng,adj.,我对他很失望。,,wǒ duì tā hěn shī wàng 。
我对他很失望。,I was disappointed in him.,失望,shīwàng,adj.,disappointed; frustrated,wǒ duì tā hěn shī wàng 。
"used to address strangers in everyday life, similar to “mister” or “sir”",师傅,shīfu,n.,师傅，请问电影院怎么走？,,shī fù ， qǐng wèn diàn yǐng yuàn zěn me zǒu ？
师傅，请问电影院怎么走？,"Master, how do I get to the cinema?",师傅,shīfu,n.,"used to address strangers in everyday life, similar to “mister” or “sir”",shī fù ， qǐng wèn diàn yǐng yuàn zěn me zǒu ？
very; fully; utterly; extremely; completely,十分,shífēn,adv.,我对今天的演出十分满意。,,wǒ duì jīn tiān de yǎn chū shí fēn mǎn yì 。
我对今天的演出十分满意。,I am very happy with today's performance.,十分,shífēn,adv.,very; fully; utterly; extremely; completely,wǒ duì jīn tiān de yǎn chū shí fēn mǎn yì 。
real; actual,实际,shíjì,adj.,他用了一个实际的例子来说明这个问题。,,tā yòng le yí gè shí jì de lì zi lái shuō míng zhè ge wèn tí 。
他用了一个实际的例子来说明这个问题。,He illustrates the problem with a practical example.,实际,shíjì,adj.,real; actual,tā yòng le yí gè shí jì de lì zi lái shuō míng zhè ge wèn tí 。
true; real; honest; dependable,实在,shízaì,adj.,这个人很实在，值得信任。,,zhè ge rén hěn shí zài ， zhí de xìn rèn 。
这个人很实在，值得信任。,This person is very real and trustworthy.,实在,shízaì,adj.,true; real; honest; dependable,zhè ge rén hěn shí zài ， zhí de xìn rèn 。
indeed; really,实在,shízaì,adv.,我实在是太累了。,,wǒ shí zài shì tài lèi le 。
我实在是太累了。,I'm so tired.,实在,shízaì,adv.,indeed; really,wǒ shí zài shì tài lèi le 。
make; cause; enable,使,shǐ,v.,他的话使我很感动。,,tā de huà shǐ wǒ hěn gǎn dòng 。
他的话使我很感动。,I was touched by his words.,使,shǐ,v.,make; cause; enable,tā de huà shǐ wǒ hěn gǎn dòng 。
use,使用,shǐyòng,v.,中国人吃饭一般使用筷子。,,zhōng guó rén chī fàn yì bān shǐ yòng kuài zi 。
中国人吃饭一般使用筷子。,Chinese people generally use chopsticks for eating.,使用,shǐyòng,v.,use,zhōng guó rén chī fàn yì bān shǐ yòng kuài zi 。
century,世纪,shìjì,n.,现在是二十一世纪了。,,xiàn zài shì èr shí yī shì jì le 。
现在是二十一世纪了。,It's the 21st century.,世纪,shìjì,n.,century,xiàn zài shì èr shí yī shì jì le 。
whether or not,是否,shìfǒu,adv.,他是否能来，我还不太清楚。,,tā shì fǒu néng lái ， wǒ hái bù tài qīng chǔ 。
他是否能来，我还不太清楚。,I don't know if he will be able to come.,是否,shìfǒu,adv.,whether or not,tā shì fǒu néng lái ， wǒ hái bù tài qīng chǔ 。
suit; fit; be appropriate for,适合,shìhé,v.,我不太适合穿绿色的衣服。,,wǒ bù tài shì hé chuān lǜ sè de yī fú 。
我不太适合穿绿色的衣服。,I am not very comfortable in green.,适合,shìhé,v.,suit; fit; be appropriate for,wǒ bù tài shì hé chuān lǜ sè de yī fú 。
adjust; adapt; fit,适应,shìyìng,v.,我已经适应这里的工作环境了。,,wǒ yǐ jīng shì yìng zhè lǐ de gōng zuò huán jìng le 。
我已经适应这里的工作环境了。,I have adapted to the working environment here.,适应,shìyìng,v.,adjust; adapt; fit,wǒ yǐ jīng shì yìng zhè lǐ de gōng zuò huán jìng le 。
receive; accept,收,shōu,v.,我收到你的信了。,,wǒ shōu dào nǐ de xìn le 。
我收到你的信了。,I got your letter.,收,shōu,v.,receive; accept,wǒ shōu dào nǐ de xìn le 。
income; revenue,收入,shōurù,n.,他每年有 20 万的收入。,,tā měi nián yǒu  20  wàn de shōu rù 。
他每年有 20 万的收入。,"He earns $200,000 a year.",收入,shōurù,n.,income; revenue,tā měi nián yǒu  20  wàn de shōu rù 。
put in order; tidy; clear away,收拾,shōushi,v.,我在收拾行李呢。,,wǒ zài shōu shí xíng lǐ ne 。
我在收拾行李呢。,I'm packing.,收拾,shōushi,v.,put in order; tidy; clear away,wǒ zài shōu shí xíng lǐ ne 。
capital (of a country),首都,shǒudū,n,中国的首都是北京。,,zhōng guó de shǒu dū shì běi jīng 。
中国的首都是北京。,The capital of China is Beijing.,首都,shǒudū,n,capital (of a country),zhōng guó de shǒu dū shì běi jīng 。
first of all,首先,shǒuxiān,adv.,首先要休息好，然后才能工作好。,,shǒu xiān yào xiū xī hǎo ， rán hòu cái néng gōng zuò hǎo 。
首先要休息好，然后才能工作好。,"Rest first, then work well.",首先,shǒuxiān,adv.,first of all,shǒu xiān yào xiū xī hǎo ， rán hòu cái néng gōng zuò hǎo 。
can’t bear; can't stand,受不了,shòubuliǎo,adv.,这里太吵了，真让人受不了。,,zhè lǐ tài chǎo le ， zhēn ràng rén shòu bù liǎo 。
这里太吵了，真让人受不了。,"It's too noisy here, I can't stand it.",受不了,shòubuliǎo,adv.,can’t bear; can't stand,zhè lǐ tài chǎo le ， zhēn ràng rén shòu bù liǎo 。
accept; recieve,受到,shòudào,v.,他的小说受到了读者们的欢迎。,,tā de xiǎo shuō shòu dào le dú zhě men de huān yíng 。
他的小说受到了读者们的欢迎。,His novels are popular with readers.,受到,shòudào,v.,accept; recieve,tā de xiǎo shuō shòu dào le dú zhě men de huān yíng 。
